0000002 pacote 000 armazenado em 001 na secao 004
0000003 pacote 000 removido de 001 na secao 004
0000003 pacote 000 em transito de 001 para 004
0000004 pacote 001 armazenado em 000 na secao 002
0000004 pacote 002 armazenado em 003 na secao 001
0000009 pacote 003 armazenado em 001 na secao 004
0000018 pacote 004 armazenado em 003 na secao 001
0000023 pacote 000 armazenado em 004 na secao 000
0000025 pacote 005 armazenado em 004 na secao 000
0000031 pacote 006 armazenado em 001 na secao 004
0000032 pacote 007 armazenado em 004 na secao 001
0000036 pacote 008 armazenado em 001 na secao 004
0000042 pacote 009 armazenado em 001 na secao 004
0000049 pacote 010 armazenado em 001 na secao 003
0000058 pacote 011 armazenado em 002 na secao 000
0000060 pacote 012 armazenado em 000 na secao 002
0000065 pacote 013 armazenado em 004 na secao 001
0000067 pacote 014 armazenado em 004 na secao 001
0000070 pacote 015 armazenado em 001 na secao 004
0000071 pacote 016 armazenado em 004 na secao 001
0000080 pacote 017 armazenado em 003 na secao 001
0000086 pacote 018 armazenado em 003 na secao 001
0000095 pacote 019 armazenado em 001 na secao 004
0000097 pacote 020 armazenado em 000 na secao 004
0000099 pacote 021 armazenado em 004 na secao 000
0000101 pacote 022 armazenado em 004 na secao 000
0000103 pacote 012 removido de 000 na secao 002
0000104 pacote 001 removido de 000 na secao 002
0000104 pacote 001 em transito de 000 para 002
0000104 pacote 012 em transito de 000 para 002
0000103 pacote 020 removido de 000 na secao 004
0000103 pacote 020 em transito de 000 para 004
0000103 pacote 010 removido de 001 na secao 003
0000103 pacote 010 em transito de 001 para 003
0000103 pacote 019 removido de 001 na secao 004
0000104 pacote 015 removido de 001 na secao 004
0000105 pacote 009 removido de 001 na secao 004
0000106 pacote 008 removido de 001 na secao 004
0000107 pacote 006 removido de 001 na secao 004
0000108 pacote 003 removido de 001 na secao 004
0000108 pacote 003 em transito de 001 para 004
0000108 pacote 006 em transito de 001 para 004
0000108 pacote 008 rearmazenado em 001 na secao 004
0000108 pacote 009 rearmazenado em 001 na secao 004
0000108 pacote 015 rearmazenado em 001 na secao 004
0000108 pacote 019 rearmazenado em 001 na secao 004
0000103 pacote 011 removido de 002 na secao 000
0000103 pacote 011 em transito de 002 para 000
0000103 pacote 018 removido de 003 na secao 001
0000104 pacote 017 removido de 003 na secao 001
0000105 pacote 004 removido de 003 na secao 001
0000106 pacote 002 removido de 003 na secao 001
0000106 pacote 002 em transito de 003 para 001
0000106 pacote 004 em transito de 003 para 001
0000106 pacote 017 rearmazenado em 003 na secao 001
0000106 pacote 018 rearmazenado em 003 na secao 001
0000103 pacote 022 removido de 004 na secao 000
0000104 pacote 021 removido de 004 na secao 000
0000105 pacote 005 removido de 004 na secao 000
0000106 pacote 000 removido de 004 na secao 000
0000106 pacote 000 em transito de 004 para 000
0000106 pacote 005 em transito de 004 para 000
0000106 pacote 021 rearmazenado em 004 na secao 000
0000106 pacote 022 rearmazenado em 004 na secao 000
0000103 pacote 016 removido de 004 na secao 001
0000104 pacote 014 removido de 004 na secao 001
0000105 pacote 013 removido de 004 na secao 001
0000106 pacote 007 removido de 004 na secao 001
0000106 pacote 007 em transito de 004 para 001
0000106 pacote 013 em transito de 004 para 001
0000106 pacote 014 rearmazenado em 004 na secao 001
0000106 pacote 016 rearmazenado em 004 na secao 001
0000108 pacote 023 armazenado em 002 na secao 000
0000112 pacote 024 armazenado em 001 na secao 004
0000118 pacote 025 armazenado em 004 na secao 000
0000123 pacote 010 entregue em 003
0000123 pacote 011 armazenado em 000 na secao 004
0000123 pacote 020 entregue em 004
0000124 pacote 001 entregue em 002
0000124 pacote 012 entregue em 002
0000125 pacote 026 armazenado em 002 na secao 000
0000125 pacote 027 armazenado em 003 na secao 001
0000126 pacote 000 armazenado em 000 na secao 002
0000126 pacote 002 entregue em 001
0000126 pacote 004 entregue em 001
0000126 pacote 005 entregue em 000
0000126 pacote 007 armazenado em 001 na secao 003
0000126 pacote 013 entregue em 001
0000127 pacote 028 armazenado em 004 na secao 000
0000128 pacote 003 entregue em 004
0000128 pacote 006 armazenado em 004 na secao 000
0000132 pacote 029 armazenado em 000 na secao 004
0000135 pacote 030 armazenado em 001 na secao 003
0000142 pacote 031 armazenado em 003 na secao 001
0000147 pacote 032 armazenado em 001 na secao 004
0000155 pacote 033 armazenado em 001 na secao 004
0000160 pacote 034 armazenado em 001 na secao 004
0000162 pacote 035 armazenado em 002 na secao 000
0000163 pacote 036 armazenado em 002 na secao 000
0000170 pacote 037 armazenado em 001 na secao 004
0000178 pacote 038 armazenado em 004 na secao 000
0000186 pacote 039 armazenado em 001 na secao 004
0000186 pacote 040 armazenado em 000 na secao 002
0000194 pacote 041 armazenado em 004 na secao 000
0000203 pacote 040 removido de 000 na secao 002
0000204 pacote 000 removido de 000 na secao 002
0000204 pacote 000 em transito de 000 para 002
0000204 pacote 040 em transito de 000 para 002
0000203 pacote 029 removido de 000 na secao 004
0000204 pacote 011 removido de 000 na secao 004
0000204 pacote 011 em transito de 000 para 004
0000204 pacote 029 em transito de 000 para 004
0000202 pacote 042 armazenado em 001 na secao 004
0000203 pacote 030 removido de 001 na secao 003
0000204 pacote 007 removido de 001 na secao 003
0000204 pacote 007 em transito de 001 para 003
0000204 pacote 030 em transito de 001 para 003
0000203 pacote 042 removido de 001 na secao 004
0000204 pacote 039 removido de 001 na secao 004
0000205 pacote 037 removido de 001 na secao 004
0000206 pacote 034 removido de 001 na secao 004
0000207 pacote 033 removido de 001 na secao 004
0000208 pacote 032 removido de 001 na secao 004
0000209 pacote 024 removido de 001 na secao 004
0000210 pacote 019 removido de 001 na secao 004
0000211 pacote 015 removido de 001 na secao 004
0000212 pacote 009 removido de 001 na secao 004
0000213 pacote 008 removido de 001 na secao 004
0000213 pacote 008 em transito de 001 para 004
0000213 pacote 009 em transito de 001 para 004
0000213 pacote 015 rearmazenado em 001 na secao 004
0000213 pacote 019 rearmazenado em 001 na secao 004
0000213 pacote 024 rearmazenado em 001 na secao 004
0000213 pacote 032 rearmazenado em 001 na secao 004
0000213 pacote 033 rearmazenado em 001 na secao 004
0000213 pacote 034 rearmazenado em 001 na secao 004
0000213 pacote 037 rearmazenado em 001 na secao 004
0000213 pacote 039 rearmazenado em 001 na secao 004
0000213 pacote 042 rearmazenado em 001 na secao 004
0000203 pacote 036 removido de 002 na secao 000
0000204 pacote 035 removido de 002 na secao 000
0000205 pacote 026 removido de 002 na secao 000
0000206 pacote 023 removido de 002 na secao 000
0000206 pacote 023 em transito de 002 para 000
0000206 pacote 026 em transito de 002 para 000
0000206 pacote 035 rearmazenado em 002 na secao 000
0000206 pacote 036 rearmazenado em 002 na secao 000
0000203 pacote 031 removido de 003 na secao 001
0000204 pacote 027 removido de 003 na secao 001
0000205 pacote 018 removido de 003 na secao 001
0000206 pacote 017 removido de 003 na secao 001
0000206 pacote 017 em transito de 003 para 001
0000206 pacote 018 em transito de 003 para 001
0000206 pacote 027 rearmazenado em 003 na secao 001
0000206 pacote 031 rearmazenado em 003 na secao 001
0000203 pacote 041 removido de 004 na secao 000
0000204 pacote 038 removido de 004 na secao 000
0000205 pacote 006 removido de 004 na secao 000
0000206 pacote 028 removido de 004 na secao 000
0000207 pacote 025 removido de 004 na secao 000
0000208 pacote 022 removido de 004 na secao 000
0000209 pacote 021 removido de 004 na secao 000
0000209 pacote 021 em transito de 004 para 000
0000209 pacote 022 em transito de 004 para 000
0000209 pacote 025 rearmazenado em 004 na secao 000
0000209 pacote 028 rearmazenado em 004 na secao 000
0000209 pacote 006 rearmazenado em 004 na secao 000
0000209 pacote 038 rearmazenado em 004 na secao 000
0000209 pacote 041 rearmazenado em 004 na secao 000
0000203 pacote 016 removido de 004 na secao 001
0000204 pacote 014 removido de 004 na secao 001
0000204 pacote 014 em transito de 004 para 001
0000204 pacote 016 em transito de 004 para 001
0000204 pacote 043 armazenado em 000 na secao 004
0000213 pacote 044 armazenado em 002 na secao 000
0000222 pacote 045 armazenado em 002 na secao 000
0000224 pacote 000 entregue em 002
0000224 pacote 007 entregue em 003
0000224 pacote 011 armazenado em 004 na secao 001
0000224 pacote 014 entregue em 001
0000224 pacote 016 entregue em 001
0000224 pacote 029 armazenado em 004 na secao 001
0000224 pacote 030 entregue em 003
0000224 pacote 040 entregue em 002
0000226 pacote 017 armazenado em 001 na secao 004
0000226 pacote 018 armazenado em 001 na secao 004
0000226 pacote 023 armazenado em 000 na secao 004
0000226 pacote 026 armazenado em 000 na secao 004
0000229 pacote 021 entregue em 000
0000229 pacote 022 armazenado em 000 na secao 002
0000229 pacote 046 armazenado em 004 na secao 001
0000229 pacote 047 armazenado em 000 na secao 004
0000233 pacote 008 armazenado em 004 na secao 000
0000233 pacote 009 armazenado em 004 na secao 000
0000235 pacote 048 armazenado em 002 na secao 000
0000242 pacote 049 armazenado em 000 na secao 002
0000242 pacote 050 armazenado em 000 na secao 004
0000246 pacote 051 armazenado em 004 na secao 000
0000250 pacote 052 armazenado em 004 na secao 001
0000251 pacote 053 armazenado em 001 na secao 004
0000257 pacote 054 armazenado em 004 na secao 000
0000263 pacote 055 armazenado em 000 na secao 004
0000271 pacote 056 armazenado em 001 na secao 003
0000277 pacote 057 armazenado em 004 na secao 001
0000282 pacote 058 armazenado em 003 na secao 001
0000286 pacote 059 armazenado em 003 na secao 001
0000295 pacote 060 armazenado em 001 na secao 003
0000295 pacote 061 armazenado em 003 na secao 001
0000303 pacote 049 removido de 000 na secao 002
0000304 pacote 022 removido de 000 na secao 002
0000304 pacote 022 em transito de 000 para 002
0000304 pacote 049 em transito de 000 para 002
0000303 pacote 055 removido de 000 na secao 004
0000304 pacote 050 removido de 000 na secao 004
0000305 pacote 047 removido de 000 na secao 004
0000306 pacote 026 removido de 000 na secao 004
0000307 pacote 023 removido de 000 na secao 004
0000308 pacote 043 removido de 000 na secao 004
0000308 pacote 043 em transito de 000 para 004
0000308 pacote 023 em transito de 000 para 004
0000308 pacote 026 rearmazenado em 000 na secao 004
0000308 pacote 047 rearmazenado em 000 na secao 004
0000308 pacote 050 rearmazenado em 000 na secao 004
0000308 pacote 055 rearmazenado em 000 na secao 004
0000302 pacote 062 armazenado em 003 na secao 001
0000303 pacote 060 removido de 001 na secao 003
0000304 pacote 056 removido de 001 na secao 003
0000304 pacote 056 em transito de 001 para 003
0000304 pacote 060 em transito de 001 para 003
0000303 pacote 053 removido de 001 na secao 004
0000304 pacote 018 removido de 001 na secao 004
0000305 pacote 017 removido de 001 na secao 004
0000306 pacote 042 removido de 001 na secao 004
0000307 pacote 039 removido de 001 na secao 004
0000308 pacote 037 removido de 001 na secao 004
0000309 pacote 034 removido de 001 na secao 004
0000310 pacote 033 removido de 001 na secao 004
0000311 pacote 032 removido de 001 na secao 004
0000312 pacote 024 removido de 001 na secao 004
0000313 pacote 019 removido de 001 na secao 004
0000314 pacote 015 removido de 001 na secao 004
0000314 pacote 015 em transito de 001 para 004
0000314 pacote 019 em transito de 001 para 004
0000314 pacote 024 rearmazenado em 001 na secao 004
0000314 pacote 032 rearmazenado em 001 na secao 004
0000314 pacote 033 rearmazenado em 001 na secao 004
0000314 pacote 034 rearmazenado em 001 na secao 004
0000314 pacote 037 rearmazenado em 001 na secao 004
0000314 pacote 039 rearmazenado em 001 na secao 004
0000314 pacote 042 rearmazenado em 001 na secao 004
0000314 pacote 017 rearmazenado em 001 na secao 004
0000314 pacote 018 rearmazenado em 001 na secao 004
0000314 pacote 053 rearmazenado em 001 na secao 004
0000303 pacote 048 removido de 002 na secao 000
0000304 pacote 045 removido de 002 na secao 000
0000305 pacote 044 removido de 002 na secao 000
0000306 pacote 036 removido de 002 na secao 000
0000307 pacote 035 removido de 002 na secao 000
0000307 pacote 035 em transito de 002 para 000
0000307 pacote 036 em transito de 002 para 000
0000307 pacote 044 rearmazenado em 002 na secao 000
0000307 pacote 045 rearmazenado em 002 na secao 000
0000307 pacote 048 rearmazenado em 002 na secao 000
0000303 pacote 062 removido de 003 na secao 001
0000304 pacote 061 removido de 003 na secao 001
0000305 pacote 059 removido de 003 na secao 001
0000306 pacote 058 removido de 003 na secao 001
0000307 pacote 031 removido de 003 na secao 001
0000308 pacote 027 removido de 003 na secao 001
0000308 pacote 027 em transito de 003 para 001
0000308 pacote 031 em transito de 003 para 001
0000308 pacote 058 rearmazenado em 003 na secao 001
0000308 pacote 059 rearmazenado em 003 na secao 001
0000308 pacote 061 rearmazenado em 003 na secao 001
0000308 pacote 062 rearmazenado em 003 na secao 001
0000303 pacote 054 removido de 004 na secao 000
0000304 pacote 051 removido de 004 na secao 000
0000305 pacote 009 removido de 004 na secao 000
0000306 pacote 008 removido de 004 na secao 000
0000307 pacote 041 removido de 004 na secao 000
0000308 pacote 038 removido de 004 na secao 000
0000309 pacote 006 removido de 004 na secao 000
0000310 pacote 028 removido de 004 na secao 000
0000311 pacote 025 removido de 004 na secao 000
0000311 pacote 025 em transito de 004 para 000
0000311 pacote 028 em transito de 004 para 000
0000311 pacote 006 rearmazenado em 004 na secao 000
0000311 pacote 038 rearmazenado em 004 na secao 000
0000311 pacote 041 rearmazenado em 004 na secao 000
0000311 pacote 008 rearmazenado em 004 na secao 000
0000311 pacote 009 rearmazenado em 004 na secao 000
0000311 pacote 051 rearmazenado em 004 na secao 000
0000311 pacote 054 rearmazenado em 004 na secao 000
0000303 pacote 057 removido de 004 na secao 001
0000304 pacote 052 removido de 004 na secao 001
0000305 pacote 046 removido de 004 na secao 001
0000306 pacote 029 removido de 004 na secao 001
0000307 pacote 011 removido de 004 na secao 001
0000307 pacote 011 em transito de 004 para 001
0000307 pacote 029 em transito de 004 para 001
0000307 pacote 046 rearmazenado em 004 na secao 001
0000307 pacote 052 rearmazenado em 004 na secao 001
0000307 pacote 057 rearmazenado em 004 na secao 001
0000310 pacote 063 armazenado em 003 na secao 001
0000319 pacote 064 armazenado em 001 na secao 004
0000319 pacote 065 armazenado em 004 na secao 001
0000320 pacote 066 armazenado em 000 na secao 004
0000320 pacote 067 armazenado em 000 na secao 004
0000323 pacote 068 armazenado em 004 na secao 001
0000324 pacote 022 entregue em 002
0000324 pacote 049 entregue em 002
0000324 pacote 056 entregue em 003
0000324 pacote 060 entregue em 003
0000327 pacote 011 armazenado em 001 na secao 003
0000327 pacote 029 armazenado em 001 na secao 003
0000327 pacote 035 armazenado em 000 na secao 004
0000327 pacote 036 armazenado em 000 na secao 004
0000328 pacote 023 entregue em 004
0000328 pacote 027 entregue em 001
0000328 pacote 031 entregue em 001
0000328 pacote 043 entregue em 004
0000331 pacote 025 armazenado em 000 na secao 002
0000331 pacote 028 armazenado em 000 na secao 002
0000332 pacote 069 armazenado em 002 na secao 000
0000334 pacote 015 entregue em 004
0000334 pacote 019 armazenado em 004 na secao 000
0000335 pacote 070 armazenado em 004 na secao 001
0000342 pacote 071 armazenado em 004 na secao 001
0000347 pacote 072 armazenado em 004 na secao 001
0000347 pacote 073 armazenado em 003 na secao 001
0000348 pacote 074 armazenado em 000 na secao 002
0000354 pacote 075 armazenado em 004 na secao 001
0000355 pacote 076 armazenado em 000 na secao 002
0000363 pacote 077 armazenado em 002 na secao 000
0000365 pacote 078 armazenado em 001 na secao 004
0000374 pacote 079 armazenado em 003 na secao 001
0000379 pacote 080 armazenado em 003 na secao 001
0000384 pacote 081 armazenado em 002 na secao 000
0000384 pacote 082 armazenado em 003 na secao 001
0000385 pacote 083 armazenado em 002 na secao 000
0000388 pacote 084 armazenado em 003 na secao 001
0000394 pacote 085 armazenado em 000 na secao 004
0000398 pacote 086 armazenado em 002 na secao 000
0000398 pacote 087 armazenado em 004 na secao 001
0000403 pacote 076 removido de 000 na secao 002
0000404 pacote 074 removido de 000 na secao 002
0000405 pacote 028 removido de 000 na secao 002
0000406 pacote 025 removido de 000 na secao 002
0000406 pacote 025 em transito de 000 para 002
0000406 pacote 028 em transito de 000 para 002
0000406 pacote 074 rearmazenado em 000 na secao 002
0000406 pacote 076 rearmazenado em 000 na secao 002
0000403 pacote 085 removido de 000 na secao 004
0000404 pacote 036 removido de 000 na secao 004
0000405 pacote 035 removido de 000 na secao 004
0000406 pacote 067 removido de 000 na secao 004
0000407 pacote 066 removido de 000 na secao 004
0000408 pacote 055 removido de 000 na secao 004
0000409 pacote 050 removido de 000 na secao 004
0000410 pacote 047 removido de 000 na secao 004
0000411 pacote 026 removido de 000 na secao 004
0000411 pacote 026 em transito de 000 para 004
0000411 pacote 047 em transito de 000 para 004
0000411 pacote 050 rearmazenado em 000 na secao 004
0000411 pacote 055 rearmazenado em 000 na secao 004
0000411 pacote 066 rearmazenado em 000 na secao 004
0000411 pacote 067 rearmazenado em 000 na secao 004
0000411 pacote 035 rearmazenado em 000 na secao 004
0000411 pacote 036 rearmazenado em 000 na secao 004
0000411 pacote 085 rearmazenado em 000 na secao 004
0000403 pacote 029 removido de 001 na secao 003
0000404 pacote 011 removido de 001 na secao 003
0000404 pacote 011 em transito de 001 para 003
0000404 pacote 029 em transito de 001 para 003
0000403 pacote 078 removido de 001 na secao 004
0000404 pacote 064 removido de 001 na secao 004
0000405 pacote 053 removido de 001 na secao 004
0000406 pacote 018 removido de 001 na secao 004
0000407 pacote 017 removido de 001 na secao 004
0000408 pacote 042 removido de 001 na secao 004
0000409 pacote 039 removido de 001 na secao 004
0000410 pacote 037 removido de 001 na secao 004
0000411 pacote 034 removido de 001 na secao 004
0000412 pacote 033 removido de 001 na secao 004
0000413 pacote 032 removido de 001 na secao 004
0000414 pacote 024 removido de 001 na secao 004
0000414 pacote 024 em transito de 001 para 004
0000414 pacote 032 em transito de 001 para 004
0000414 pacote 033 rearmazenado em 001 na secao 004
0000414 pacote 034 rearmazenado em 001 na secao 004
0000414 pacote 037 rearmazenado em 001 na secao 004
0000414 pacote 039 rearmazenado em 001 na secao 004
0000414 pacote 042 rearmazenado em 001 na secao 004
0000414 pacote 017 rearmazenado em 001 na secao 004
0000414 pacote 018 rearmazenado em 001 na secao 004
0000414 pacote 053 rearmazenado em 001 na secao 004
0000414 pacote 064 rearmazenado em 001 na secao 004
0000414 pacote 078 rearmazenado em 001 na secao 004
0000403 pacote 086 removido de 002 na secao 000
0000404 pacote 083 removido de 002 na secao 000
0000405 pacote 081 removido de 002 na secao 000
0000406 pacote 077 removido de 002 na secao 000
0000407 pacote 069 removido de 002 na secao 000
0000408 pacote 048 removido de 002 na secao 000
0000409 pacote 045 removido de 002 na secao 000
0000410 pacote 044 removido de 002 na secao 000
0000410 pacote 044 em transito de 002 para 000
0000410 pacote 045 em transito de 002 para 000
0000410 pacote 048 rearmazenado em 002 na secao 000
0000410 pacote 069 rearmazenado em 002 na secao 000
0000410 pacote 077 rearmazenado em 002 na secao 000
0000410 pacote 081 rearmazenado em 002 na secao 000
0000410 pacote 083 rearmazenado em 002 na secao 000
0000410 pacote 086 rearmazenado em 002 na secao 000
0000403 pacote 084 removido de 003 na secao 001
0000404 pacote 082 removido de 003 na secao 001
0000405 pacote 080 removido de 003 na secao 001
0000406 pacote 079 removido de 003 na secao 001
0000407 pacote 073 removido de 003 na secao 001
0000408 pacote 063 removido de 003 na secao 001
0000409 pacote 062 removido de 003 na secao 001
0000410 pacote 061 removido de 003 na secao 001
0000411 pacote 059 removido de 003 na secao 001
0000412 pacote 058 removido de 003 na secao 001
0000412 pacote 058 em transito de 003 para 001
0000412 pacote 059 em transito de 003 para 001
0000412 pacote 061 rearmazenado em 003 na secao 001
0000412 pacote 062 rearmazenado em 003 na secao 001
0000412 pacote 063 rearmazenado em 003 na secao 001
0000412 pacote 073 rearmazenado em 003 na secao 001
0000412 pacote 079 rearmazenado em 003 na secao 001
0000412 pacote 080 rearmazenado em 003 na secao 001
0000412 pacote 082 rearmazenado em 003 na secao 001
0000412 pacote 084 rearmazenado em 003 na secao 001
0000403 pacote 019 removido de 004 na secao 000
0000404 pacote 054 removido de 004 na secao 000
0000405 pacote 051 removido de 004 na secao 000
0000406 pacote 009 removido de 004 na secao 000
0000407 pacote 008 removido de 004 na secao 000
0000408 pacote 041 removido de 004 na secao 000
0000409 pacote 038 removido de 004 na secao 000
0000410 pacote 006 removido de 004 na secao 000
0000410 pacote 006 em transito de 004 para 000
0000410 pacote 038 em transito de 004 para 000
0000410 pacote 041 rearmazenado em 004 na secao 000
0000410 pacote 008 rearmazenado em 004 na secao 000
0000410 pacote 009 rearmazenado em 004 na secao 000
0000410 pacote 051 rearmazenado em 004 na secao 000
0000410 pacote 054 rearmazenado em 004 na secao 000
0000410 pacote 019 rearmazenado em 004 na secao 000
0000403 pacote 087 removido de 004 na secao 001
0000404 pacote 075 removido de 004 na secao 001
0000405 pacote 072 removido de 004 na secao 001
0000406 pacote 071 removido de 004 na secao 001
0000407 pacote 070 removido de 004 na secao 001
0000408 pacote 068 removido de 004 na secao 001
0000409 pacote 065 removido de 004 na secao 001
0000410 pacote 057 removido de 004 na secao 001
0000411 pacote 052 removido de 004 na secao 001
0000412 pacote 046 removido de 004 na secao 001
0000412 pacote 046 em transito de 004 para 001
0000412 pacote 052 em transito de 004 para 001
0000412 pacote 057 rearmazenado em 004 na secao 001
0000412 pacote 065 rearmazenado em 004 na secao 001
0000412 pacote 068 rearmazenado em 004 na secao 001
0000412 pacote 070 rearmazenado em 004 na secao 001
0000412 pacote 071 rearmazenado em 004 na secao 001
0000412 pacote 072 rearmazenado em 004 na secao 001
0000412 pacote 075 rearmazenado em 004 na secao 001
0000412 pacote 087 rearmazenado em 004 na secao 001
0000406 pacote 088 armazenado em 000 na secao 004
0000412 pacote 089 armazenado em 004 na secao 001
0000419 pacote 090 armazenado em 000 na secao 004
0000421 pacote 091 armazenado em 002 na secao 000
0000424 pacote 011 entregue em 003
0000424 pacote 029 entregue em 003
0000426 pacote 025 entregue em 002
0000426 pacote 028 entregue em 002
0000428 pacote 092 armazenado em 004 na secao 001
0000430 pacote 006 armazenado em 000 na secao 002
0000430 pacote 038 armazenado em 000 na secao 002
0000430 pacote 044 entregue em 000
0000430 pacote 045 armazenado em 000 na secao 004
0000431 pacote 026 armazenado em 004 na secao 001
0000431 pacote 047 entregue em 004
0000432 pacote 046 armazenado em 001 na secao 003
0000432 pacote 052 entregue em 001
0000432 pacote 058 armazenado em 001 na secao 004
0000432 pacote 059 armazenado em 001 na secao 004
0000434 pacote 024 armazenado em 004 na secao 000
0000434 pacote 032 armazenado em 004 na secao 000
0000435 pacote 093 armazenado em 004 na secao 000
0000442 pacote 094 armazenado em 002 na secao 000
0000442 pacote 095 armazenado em 003 na secao 001
0000447 pacote 096 armazenado em 001 na secao 004
0000454 pacote 097 armazenado em 002 na secao 000
0000459 pacote 098 armazenado em 003 na secao 001
0000465 pacote 099 armazenado em 002 na secao 000
0000474 pacote 100 armazenado em 004 na secao 000
0000474 pacote 101 armazenado em 004 na secao 001
0000474 pacote 102 armazenado em 003 na secao 001
0000474 pacote 103 armazenado em 000 na secao 004
0000481 pacote 104 armazenado em 002 na secao 000
0000485 pacote 105 armazenado em 003 na secao 001
0000486 pacote 106 armazenado em 004 na secao 000
0000489 pacote 107 armazenado em 003 na secao 001
0000489 pacote 108 armazenado em 004 na secao 000
0000498 pacote 109 armazenado em 001 na secao 004
0000499 pacote 110 armazenado em 001 na secao 003
0000503 pacote 038 removido de 000 na secao 002
0000504 pacote 006 removido de 000 na secao 002
0000505 pacote 076 removido de 000 na secao 002
0000506 pacote 074 removido de 000 na secao 002
0000506 pacote 074 em transito de 000 para 002
0000506 pacote 076 em transito de 000 para 002
0000506 pacote 006 rearmazenado em 000 na secao 002
0000506 pacote 038 rearmazenado em 000 na secao 002
0000503 pacote 103 removido de 000 na secao 004
0000504 pacote 045 removido de 000 na secao 004
0000505 pacote 090 removido de 000 na secao 004
0000506 pacote 088 removido de 000 na secao 004
0000507 pacote 085 removido de 000 na secao 004
0000508 pacote 036 removido de 000 na secao 004
0000509 pacote 035 removido de 000 na secao 004
0000510 pacote 067 removido de 000 na secao 004
0000511 pacote 066 removido de 000 na secao 004
0000512 pacote 055 removido de 000 na secao 004
0000513 pacote 050 removido de 000 na secao 004
0000513 pacote 050 em transito de 000 para 004
0000513 pacote 055 em transito de 000 para 004
0000513 pacote 066 rearmazenado em 000 na secao 004
0000513 pacote 067 rearmazenado em 000 na secao 004
0000513 pacote 035 rearmazenado em 000 na secao 004
0000513 pacote 036 rearmazenado em 000 na secao 004
0000513 pacote 085 rearmazenado em 000 na secao 004
0000513 pacote 088 rearmazenado em 000 na secao 004
0000513 pacote 090 rearmazenado em 000 na secao 004
0000513 pacote 045 rearmazenado em 000 na secao 004
0000513 pacote 103 rearmazenado em 000 na secao 004
0000503 pacote 110 removido de 001 na secao 003
0000504 pacote 046 removido de 001 na secao 003
0000504 pacote 046 em transito de 001 para 003
0000504 pacote 110 em transito de 001 para 003
0000503 pacote 109 removido de 001 na secao 004
0000504 pacote 096 removido de 001 na secao 004
0000505 pacote 059 removido de 001 na secao 004
0000506 pacote 058 removido de 001 na secao 004
0000507 pacote 078 removido de 001 na secao 004
0000508 pacote 064 removido de 001 na secao 004
0000509 pacote 053 removido de 001 na secao 004
0000510 pacote 018 removido de 001 na secao 004
0000511 pacote 017 removido de 001 na secao 004
0000512 pacote 042 removido de 001 na secao 004
0000513 pacote 039 removido de 001 na secao 004
0000514 pacote 037 removido de 001 na secao 004
0000515 pacote 034 removido de 001 na secao 004
0000516 pacote 033 removido de 001 na secao 004
0000516 pacote 033 em transito de 001 para 004
0000516 pacote 034 em transito de 001 para 004
0000516 pacote 037 rearmazenado em 001 na secao 004
0000516 pacote 039 rearmazenado em 001 na secao 004
0000516 pacote 042 rearmazenado em 001 na secao 004
0000516 pacote 017 rearmazenado em 001 na secao 004
0000516 pacote 018 rearmazenado em 001 na secao 004
0000516 pacote 053 rearmazenado em 001 na secao 004
0000516 pacote 064 rearmazenado em 001 na secao 004
0000516 pacote 078 rearmazenado em 001 na secao 004
0000516 pacote 058 rearmazenado em 001 na secao 004
0000516 pacote 059 rearmazenado em 001 na secao 004
0000516 pacote 096 rearmazenado em 001 na secao 004
0000516 pacote 109 rearmazenado em 001 na secao 004
0000503 pacote 104 removido de 002 na secao 000
0000504 pacote 099 removido de 002 na secao 000
0000505 pacote 097 removido de 002 na secao 000
0000506 pacote 094 removido de 002 na secao 000
0000507 pacote 091 removido de 002 na secao 000
0000508 pacote 086 removido de 002 na secao 000
0000509 pacote 083 removido de 002 na secao 000
0000510 pacote 081 removido de 002 na secao 000
0000511 pacote 077 removido de 002 na secao 000
0000512 pacote 069 removido de 002 na secao 000
0000513 pacote 048 removido de 002 na secao 000
0000513 pacote 048 em transito de 002 para 000
0000513 pacote 069 em transito de 002 para 000
0000513 pacote 077 rearmazenado em 002 na secao 000
0000513 pacote 081 rearmazenado em 002 na secao 000
0000513 pacote 083 rearmazenado em 002 na secao 000
0000513 pacote 086 rearmazenado em 002 na secao 000
0000513 pacote 091 rearmazenado em 002 na secao 000
0000513 pacote 094 rearmazenado em 002 na secao 000
0000513 pacote 097 rearmazenado em 002 na secao 000
0000513 pacote 099 rearmazenado em 002 na secao 000
0000513 pacote 104 rearmazenado em 002 na secao 000
0000503 pacote 107 removido de 003 na secao 001
0000504 pacote 105 removido de 003 na secao 001
0000505 pacote 102 removido de 003 na secao 001
0000506 pacote 098 removido de 003 na secao 001
0000507 pacote 095 removido de 003 na secao 001
0000508 pacote 084 removido de 003 na secao 001
0000509 pacote 082 removido de 003 na secao 001
0000510 pacote 080 removido de 003 na secao 001
0000511 pacote 079 removido de 003 na secao 001
0000512 pacote 073 removido de 003 na secao 001
0000513 pacote 063 removido de 003 na secao 001
0000514 pacote 062 removido de 003 na secao 001
0000515 pacote 061 removido de 003 na secao 001
0000515 pacote 061 em transito de 003 para 001
0000515 pacote 062 em transito de 003 para 001
0000515 pacote 063 rearmazenado em 003 na secao 001
0000515 pacote 073 rearmazenado em 003 na secao 001
0000515 pacote 079 rearmazenado em 003 na secao 001
0000515 pacote 080 rearmazenado em 003 na secao 001
0000515 pacote 082 rearmazenado em 003 na secao 001
0000515 pacote 084 rearmazenado em 003 na secao 001
0000515 pacote 095 rearmazenado em 003 na secao 001
0000515 pacote 098 rearmazenado em 003 na secao 001
0000515 pacote 102 rearmazenado em 003 na secao 001
0000515 pacote 105 rearmazenado em 003 na secao 001
0000515 pacote 107 rearmazenado em 003 na secao 001
0000503 pacote 108 removido de 004 na secao 000
0000504 pacote 106 removido de 004 na secao 000
0000505 pacote 100 removido de 004 na secao 000
0000506 pacote 093 removido de 004 na secao 000
0000507 pacote 032 removido de 004 na secao 000
0000508 pacote 024 removido de 004 na secao 000
0000509 pacote 019 removido de 004 na secao 000
0000510 pacote 054 removido de 004 na secao 000
0000511 pacote 051 removido de 004 na secao 000
0000512 pacote 009 removido de 004 na secao 000
0000513 pacote 008 removido de 004 na secao 000
0000514 pacote 041 removido de 004 na secao 000
0000514 pacote 041 em transito de 004 para 000
0000514 pacote 008 em transito de 004 para 000
0000514 pacote 009 rearmazenado em 004 na secao 000
0000514 pacote 051 rearmazenado em 004 na secao 000
0000514 pacote 054 rearmazenado em 004 na secao 000
0000514 pacote 019 rearmazenado em 004 na secao 000
0000514 pacote 024 rearmazenado em 004 na secao 000
0000514 pacote 032 rearmazenado em 004 na secao 000
0000514 pacote 093 rearmazenado em 004 na secao 000
0000514 pacote 100 rearmazenado em 004 na secao 000
0000514 pacote 106 rearmazenado em 004 na secao 000
0000514 pacote 108 rearmazenado em 004 na secao 000
0000503 pacote 101 removido de 004 na secao 001
0000504 pacote 026 removido de 004 na secao 001
0000505 pacote 092 removido de 004 na secao 001
0000506 pacote 089 removido de 004 na secao 001
0000507 pacote 087 removido de 004 na secao 001
0000508 pacote 075 removido de 004 na secao 001
0000509 pacote 072 removido de 004 na secao 001
0000510 pacote 071 removido de 004 na secao 001
0000511 pacote 070 removido de 004 na secao 001
0000512 pacote 068 removido de 004 na secao 001
0000513 pacote 065 removido de 004 na secao 001
0000514 pacote 057 removido de 004 na secao 001
0000514 pacote 057 em transito de 004 para 001
0000514 pacote 065 em transito de 004 para 001
0000514 pacote 068 rearmazenado em 004 na secao 001
0000514 pacote 070 rearmazenado em 004 na secao 001
0000514 pacote 071 rearmazenado em 004 na secao 001
0000514 pacote 072 rearmazenado em 004 na secao 001
0000514 pacote 075 rearmazenado em 004 na secao 001
0000514 pacote 087 rearmazenado em 004 na secao 001
0000514 pacote 089 rearmazenado em 004 na secao 001
0000514 pacote 092 rearmazenado em 004 na secao 001
0000514 pacote 026 rearmazenado em 004 na secao 001
0000514 pacote 101 rearmazenado em 004 na secao 001
0000507 pacote 111 armazenado em 002 na secao 000
0000509 pacote 112 armazenado em 000 na secao 004
0000514 pacote 113 armazenado em 002 na secao 000
0000514 pacote 114 armazenado em 000 na secao 002
0000521 pacote 115 armazenado em 003 na secao 001
0000521 pacote 116 armazenado em 002 na secao 000
0000521 pacote 117 armazenado em 003 na secao 001
0000524 pacote 046 entregue em 003
0000524 pacote 110 entregue em 003
0000526 pacote 074 entregue em 002
0000526 pacote 076 entregue em 002
0000527 pacote 118 armazenado em 004 na secao 001
0000533 pacote 048 armazenado em 000 na secao 004
0000533 pacote 050 armazenado em 004 na secao 001
0000533 pacote 055 armazenado em 004 na secao 001
0000533 pacote 069 entregue em 000
0000534 pacote 008 armazenado em 000 na secao 002
0000534 pacote 041 entregue em 000
0000534 pacote 057 armazenado em 001 na secao 003
0000534 pacote 065 armazenado em 001 na secao 003
0000535 pacote 061 armazenado em 001 na secao 004
0000535 pacote 062 armazenado em 001 na secao 004
0000536 pacote 033 entregue em 004
0000536 pacote 034 armazenado em 004 na secao 000
0000536 pacote 119 armazenado em 003 na secao 001
0000541 pacote 120 armazenado em 002 na secao 000
0000545 pacote 121 armazenado em 003 na secao 001
0000549 pacote 122 armazenado em 001 na secao 003
0000556 pacote 123 armazenado em 003 na secao 001
0000560 pacote 124 armazenado em 001 na secao 004
0000564 pacote 125 armazenado em 004 na secao 001
0000564 pacote 126 armazenado em 003 na secao 001
0000564 pacote 127 armazenado em 003 na secao 001
0000566 pacote 128 armazenado em 001 na secao 004
0000566 pacote 129 armazenado em 003 na secao 001
0000573 pacote 130 armazenado em 004 na secao 001
0000576 pacote 131 armazenado em 002 na secao 000
0000585 pacote 132 armazenado em 002 na secao 000
0000585 pacote 133 armazenado em 004 na secao 001
0000586 pacote 134 armazenado em 000 na secao 002
0000591 pacote 135 armazenado em 001 na secao 004
0000592 pacote 136 armazenado em 002 na secao 000
0000595 pacote 137 armazenado em 001 na secao 004
0000601 pacote 138 armazenado em 001 na secao 004
0000603 pacote 134 removido de 000 na secao 002
0000604 pacote 008 removido de 000 na secao 002
0000605 pacote 114 removido de 000 na secao 002
0000606 pacote 038 removido de 000 na secao 002
0000607 pacote 006 removido de 000 na secao 002
0000607 pacote 006 em transito de 000 para 002
0000607 pacote 038 em transito de 000 para 002
0000607 pacote 114 rearmazenado em 000 na secao 002
0000607 pacote 008 rearmazenado em 000 na secao 002
0000607 pacote 134 rearmazenado em 000 na secao 002
0000603 pacote 048 removido de 000 na secao 004
0000604 pacote 112 removido de 000 na secao 004
0000605 pacote 103 removido de 000 na secao 004
0000606 pacote 045 removido de 000 na secao 004
0000607 pacote 090 removido de 000 na secao 004
0000608 pacote 088 removido de 000 na secao 004
0000609 pacote 085 removido de 000 na secao 004
0000610 pacote 036 removido de 000 na secao 004
0000611 pacote 035 removido de 000 na secao 004
0000612 pacote 067 removido de 000 na secao 004
0000613 pacote 066 removido de 000 na secao 004
0000613 pacote 066 em transito de 000 para 004
0000613 pacote 067 em transito de 000 para 004
0000613 pacote 035 rearmazenado em 000 na secao 004
0000613 pacote 036 rearmazenado em 000 na secao 004
0000613 pacote 085 rearmazenado em 000 na secao 004
0000613 pacote 088 rearmazenado em 000 na secao 004
0000613 pacote 090 rearmazenado em 000 na secao 004
0000613 pacote 045 rearmazenado em 000 na secao 004
0000613 pacote 103 rearmazenado em 000 na secao 004
0000613 pacote 112 rearmazenado em 000 na secao 004
0000613 pacote 048 rearmazenado em 000 na secao 004
0000603 pacote 122 removido de 001 na secao 003
0000604 pacote 065 removido de 001 na secao 003
0000605 pacote 057 removido de 001 na secao 003
0000605 pacote 057 em transito de 001 para 003
0000605 pacote 065 em transito de 001 para 003
0000605 pacote 122 rearmazenado em 001 na secao 003
0000603 pacote 138 removido de 001 na secao 004
0000604 pacote 137 removido de 001 na secao 004
0000605 pacote 135 removido de 001 na secao 004
0000606 pacote 128 removido de 001 na secao 004
0000607 pacote 124 removido de 001 na secao 004
0000608 pacote 062 removido de 001 na secao 004
0000609 pacote 061 removido de 001 na secao 004
0000610 pacote 109 removido de 001 na secao 004
0000611 pacote 096 removido de 001 na secao 004
0000612 pacote 059 removido de 001 na secao 004
0000613 pacote 058 removido de 001 na secao 004
0000614 pacote 078 removido de 001 na secao 004
0000615 pacote 064 removido de 001 na secao 004
0000616 pacote 053 removido de 001 na secao 004
0000617 pacote 018 removido de 001 na secao 004
0000618 pacote 017 removido de 001 na secao 004
0000619 pacote 042 removido de 001 na secao 004
0000620 pacote 039 removido de 001 na secao 004
0000621 pacote 037 removido de 001 na secao 004
0000621 pacote 037 em transito de 001 para 004
0000621 pacote 039 em transito de 001 para 004
0000621 pacote 042 rearmazenado em 001 na secao 004
0000621 pacote 017 rearmazenado em 001 na secao 004
0000621 pacote 018 rearmazenado em 001 na secao 004
0000621 pacote 053 rearmazenado em 001 na secao 004
0000621 pacote 064 rearmazenado em 001 na secao 004
0000621 pacote 078 rearmazenado em 001 na secao 004
0000621 pacote 058 rearmazenado em 001 na secao 004
0000621 pacote 059 rearmazenado em 001 na secao 004
0000621 pacote 096 rearmazenado em 001 na secao 004
0000621 pacote 109 rearmazenado em 001 na secao 004
0000621 pacote 061 rearmazenado em 001 na secao 004
0000621 pacote 062 rearmazenado em 001 na secao 004
0000621 pacote 124 rearmazenado em 001 na secao 004
0000621 pacote 128 rearmazenado em 001 na secao 004
0000621 pacote 135 rearmazenado em 001 na secao 004
0000621 pacote 137 rearmazenado em 001 na secao 004
0000621 pacote 138 rearmazenado em 001 na secao 004
0000603 pacote 136 removido de 002 na secao 000
0000604 pacote 132 removido de 002 na secao 000
0000605 pacote 131 removido de 002 na secao 000
0000606 pacote 120 removido de 002 na secao 000
0000607 pacote 116 removido de 002 na secao 000
0000608 pacote 113 removido de 002 na secao 000
0000609 pacote 111 removido de 002 na secao 000
0000610 pacote 104 removido de 002 na secao 000
0000611 pacote 099 removido de 002 na secao 000
0000612 pacote 097 removido de 002 na secao 000
0000613 pacote 094 removido de 002 na secao 000
0000614 pacote 091 removido de 002 na secao 000
0000615 pacote 086 removido de 002 na secao 000
0000616 pacote 083 removido de 002 na secao 000
0000617 pacote 081 removido de 002 na secao 000
0000618 pacote 077 removido de 002 na secao 000
0000618 pacote 077 em transito de 002 para 000
0000618 pacote 081 em transito de 002 para 000
0000618 pacote 083 rearmazenado em 002 na secao 000
0000618 pacote 086 rearmazenado em 002 na secao 000
0000618 pacote 091 rearmazenado em 002 na secao 000
0000618 pacote 094 rearmazenado em 002 na secao 000
0000618 pacote 097 rearmazenado em 002 na secao 000
0000618 pacote 099 rearmazenado em 002 na secao 000
0000618 pacote 104 rearmazenado em 002 na secao 000
0000618 pacote 111 rearmazenado em 002 na secao 000
0000618 pacote 113 rearmazenado em 002 na secao 000
0000618 pacote 116 rearmazenado em 002 na secao 000
0000618 pacote 120 rearmazenado em 002 na secao 000
0000618 pacote 131 rearmazenado em 002 na secao 000
0000618 pacote 132 rearmazenado em 002 na secao 000
0000618 pacote 136 rearmazenado em 002 na secao 000
0000603 pacote 129 removido de 003 na secao 001
0000604 pacote 127 removido de 003 na secao 001
0000605 pacote 126 removido de 003 na secao 001
0000606 pacote 123 removido de 003 na secao 001
0000607 pacote 121 removido de 003 na secao 001
0000608 pacote 119 removido de 003 na secao 001
0000609 pacote 117 removido de 003 na secao 001
0000610 pacote 115 removido de 003 na secao 001
0000611 pacote 107 removido de 003 na secao 001
0000612 pacote 105 removido de 003 na secao 001
0000613 pacote 102 removido de 003 na secao 001
0000614 pacote 098 removido de 003 na secao 001
0000615 pacote 095 removido de 003 na secao 001
0000616 pacote 084 removido de 003 na secao 001
0000617 pacote 082 removido de 003 na secao 001
0000618 pacote 080 removido de 003 na secao 001
0000619 pacote 079 removido de 003 na secao 001
0000620 pacote 073 removido de 003 na secao 001
0000621 pacote 063 removido de 003 na secao 001
0000621 pacote 063 em transito de 003 para 001
0000621 pacote 073 em transito de 003 para 001
0000621 pacote 079 rearmazenado em 003 na secao 001
0000621 pacote 080 rearmazenado em 003 na secao 001
0000621 pacote 082 rearmazenado em 003 na secao 001
0000621 pacote 084 rearmazenado em 003 na secao 001
0000621 pacote 095 rearmazenado em 003 na secao 001
0000621 pacote 098 rearmazenado em 003 na secao 001
0000621 pacote 102 rearmazenado em 003 na secao 001
0000621 pacote 105 rearmazenado em 003 na secao 001
0000621 pacote 107 rearmazenado em 003 na secao 001
0000621 pacote 115 rearmazenado em 003 na secao 001
0000621 pacote 117 rearmazenado em 003 na secao 001
0000621 pacote 119 rearmazenado em 003 na secao 001
0000621 pacote 121 rearmazenado em 003 na secao 001
0000621 pacote 123 rearmazenado em 003 na secao 001
0000621 pacote 126 rearmazenado em 003 na secao 001
0000621 pacote 127 rearmazenado em 003 na secao 001
0000621 pacote 129 rearmazenado em 003 na secao 001
0000603 pacote 034 removido de 004 na secao 000
0000604 pacote 108 removido de 004 na secao 000
0000605 pacote 106 removido de 004 na secao 000
0000606 pacote 100 removido de 004 na secao 000
0000607 pacote 093 removido de 004 na secao 000
0000608 pacote 032 removido de 004 na secao 000
0000609 pacote 024 removido de 004 na secao 000
0000610 pacote 019 removido de 004 na secao 000
0000611 pacote 054 removido de 004 na secao 000
0000612 pacote 051 removido de 004 na secao 000
0000613 pacote 009 removido de 004 na secao 000
0000613 pacote 009 em transito de 004 para 000
0000613 pacote 051 em transito de 004 para 000
0000613 pacote 054 rearmazenado em 004 na secao 000
0000613 pacote 019 rearmazenado em 004 na secao 000
0000613 pacote 024 rearmazenado em 004 na secao 000
0000613 pacote 032 rearmazenado em 004 na secao 000
0000613 pacote 093 rearmazenado em 004 na secao 000
0000613 pacote 100 rearmazenado em 004 na secao 000
0000613 pacote 106 rearmazenado em 004 na secao 000
0000613 pacote 108 rearmazenado em 004 na secao 000
0000613 pacote 034 rearmazenado em 004 na secao 000
0000603 pacote 133 removido de 004 na secao 001
0000604 pacote 130 removido de 004 na secao 001
0000605 pacote 125 removido de 004 na secao 001
0000606 pacote 055 removido de 004 na secao 001
0000607 pacote 050 removido de 004 na secao 001
0000608 pacote 118 removido de 004 na secao 001
0000609 pacote 101 removido de 004 na secao 001
0000610 pacote 026 removido de 004 na secao 001
0000611 pacote 092 removido de 004 na secao 001
0000612 pacote 089 removido de 004 na secao 001
0000613 pacote 087 removido de 004 na secao 001
0000614 pacote 075 removido de 004 na secao 001
0000615 pacote 072 removido de 004 na secao 001
0000616 pacote 071 removido de 004 na secao 001
0000617 pacote 070 removido de 004 na secao 001
0000618 pacote 068 removido de 004 na secao 001
0000618 pacote 068 em transito de 004 para 001
0000618 pacote 070 em transito de 004 para 001
0000618 pacote 071 rearmazenado em 004 na secao 001
0000618 pacote 072 rearmazenado em 004 na secao 001
0000618 pacote 075 rearmazenado em 004 na secao 001
0000618 pacote 087 rearmazenado em 004 na secao 001
0000618 pacote 089 rearmazenado em 004 na secao 001
0000618 pacote 092 rearmazenado em 004 na secao 001
0000618 pacote 026 rearmazenado em 004 na secao 001
0000618 pacote 101 rearmazenado em 004 na secao 001
0000618 pacote 118 rearmazenado em 004 na secao 001
0000618 pacote 050 rearmazenado em 004 na secao 001
0000618 pacote 055 rearmazenado em 004 na secao 001
0000618 pacote 125 rearmazenado em 004 na secao 001
0000618 pacote 130 rearmazenado em 004 na secao 001
0000618 pacote 133 rearmazenado em 004 na secao 001
0000605 pacote 139 armazenado em 001 na secao 004
0000609 pacote 140 armazenado em 000 na secao 004
0000611 pacote 141 armazenado em 001 na secao 004
0000618 pacote 142 armazenado em 002 na secao 000
0000625 pacote 057 entregue em 003
0000625 pacote 065 entregue em 003
0000626 pacote 143 armazenado em 002 na secao 000
0000627 pacote 006 entregue em 002
0000627 pacote 038 entregue em 002
0000627 pacote 144 armazenado em 003 na secao 001
0000633 pacote 009 armazenado em 000 na secao 002
0000633 pacote 051 entregue em 000
0000633 pacote 066 armazenado em 004 na secao 001
0000633 pacote 067 armazenado em 004 na secao 001
0000634 pacote 145 armazenado em 002 na secao 000
0000638 pacote 068 entregue em 001
0000638 pacote 070 armazenado em 001 na secao 003
0000638 pacote 077 armazenado em 000 na secao 004
0000638 pacote 081 armazenado em 000 na secao 004
0000641 pacote 037 armazenado em 004 na secao 000
0000641 pacote 039 entregue em 004
0000641 pacote 063 entregue em 001
0000641 pacote 073 armazenado em 001 na secao 004
0000641 pacote 146 armazenado em 002 na secao 000
0000642 pacote 147 armazenado em 004 na secao 000
0000645 pacote 148 armazenado em 002 na secao 000
0000646 pacote 149 armazenado em 002 na secao 000
0000648 pacote 150 armazenado em 004 na secao 000
0000650 pacote 151 armazenado em 004 na secao 000
0000651 pacote 152 armazenado em 003 na secao 001
0000657 pacote 153 armazenado em 000 na secao 004
0000658 pacote 154 armazenado em 002 na secao 000
0000659 pacote 155 armazenado em 004 na secao 000
0000664 pacote 156 armazenado em 000 na secao 004
0000673 pacote 157 armazenado em 001 na secao 003
0000680 pacote 158 armazenado em 004 na secao 001
0000680 pacote 159 armazenado em 003 na secao 001
0000688 pacote 160 armazenado em 000 na secao 002
0000697 pacote 161 armazenado em 000 na secao 004
0000703 pacote 160 removido de 000 na secao 002
0000704 pacote 009 removido de 000 na secao 002
0000705 pacote 134 removido de 000 na secao 002
0000706 pacote 008 removido de 000 na secao 002
0000707 pacote 114 removido de 000 na secao 002
0000707 pacote 114 em transito de 000 para 002
0000707 pacote 008 em transito de 000 para 002
0000707 pacote 134 rearmazenado em 000 na secao 002
0000707 pacote 009 rearmazenado em 000 na secao 002
0000707 pacote 160 rearmazenado em 000 na secao 002
0000703 pacote 161 removido de 000 na secao 004
0000704 pacote 156 removido de 000 na secao 004
0000705 pacote 153 removido de 000 na secao 004
0000706 pacote 081 removido de 000 na secao 004
0000707 pacote 077 removido de 000 na secao 004
0000708 pacote 140 removido de 000 na secao 004
0000709 pacote 048 removido de 000 na secao 004
0000710 pacote 112 removido de 000 na secao 004
0000711 pacote 103 removido de 000 na secao 004
0000712 pacote 045 removido de 000 na secao 004
0000713 pacote 090 removido de 000 na secao 004
0000714 pacote 088 removido de 000 na secao 004
0000715 pacote 085 removido de 000 na secao 004
0000716 pacote 036 removido de 000 na secao 004
0000717 pacote 035 removido de 000 na secao 004
0000717 pacote 035 em transito de 000 para 004
0000717 pacote 036 em transito de 000 para 004
0000717 pacote 085 rearmazenado em 000 na secao 004
0000717 pacote 088 rearmazenado em 000 na secao 004
0000717 pacote 090 rearmazenado em 000 na secao 004
0000717 pacote 045 rearmazenado em 000 na secao 004
0000717 pacote 103 rearmazenado em 000 na secao 004
0000717 pacote 112 rearmazenado em 000 na secao 004
0000717 pacote 048 rearmazenado em 000 na secao 004
0000717 pacote 140 rearmazenado em 000 na secao 004
0000717 pacote 077 rearmazenado em 000 na secao 004
0000717 pacote 081 rearmazenado em 000 na secao 004
0000717 pacote 153 rearmazenado em 000 na secao 004
0000717 pacote 156 rearmazenado em 000 na secao 004
0000717 pacote 161 rearmazenado em 000 na secao 004
0000703 pacote 157 removido de 001 na secao 003
0000704 pacote 070 removido de 001 na secao 003
0000705 pacote 122 removido de 001 na secao 003
0000705 pacote 122 em transito de 001 para 003
0000705 pacote 070 em transito de 001 para 003
0000705 pacote 157 rearmazenado em 001 na secao 003
0000703 pacote 073 removido de 001 na secao 004
0000704 pacote 141 removido de 001 na secao 004
0000705 pacote 139 removido de 001 na secao 004
0000706 pacote 138 removido de 001 na secao 004
0000707 pacote 137 removido de 001 na secao 004
0000708 pacote 135 removido de 001 na secao 004
0000709 pacote 128 removido de 001 na secao 004
0000710 pacote 124 removido de 001 na secao 004
0000711 pacote 062 removido de 001 na secao 004
0000712 pacote 061 removido de 001 na secao 004
0000713 pacote 109 removido de 001 na secao 004
0000714 pacote 096 removido de 001 na secao 004
0000715 pacote 059 removido de 001 na secao 004
0000716 pacote 058 removido de 001 na secao 004
0000717 pacote 078 removido de 001 na secao 004
0000718 pacote 064 removido de 001 na secao 004
0000719 pacote 053 removido de 001 na secao 004
0000720 pacote 018 removido de 001 na secao 004
0000721 pacote 017 removido de 001 na secao 004
0000722 pacote 042 removido de 001 na secao 004
0000722 pacote 042 em transito de 001 para 004
0000722 pacote 017 em transito de 001 para 004
0000722 pacote 018 rearmazenado em 001 na secao 004
0000722 pacote 053 rearmazenado em 001 na secao 004
0000722 pacote 064 rearmazenado em 001 na secao 004
0000722 pacote 078 rearmazenado em 001 na secao 004
0000722 pacote 058 rearmazenado em 001 na secao 004
0000722 pacote 059 rearmazenado em 001 na secao 004
0000722 pacote 096 rearmazenado em 001 na secao 004
0000722 pacote 109 rearmazenado em 001 na secao 004
0000722 pacote 061 rearmazenado em 001 na secao 004
0000722 pacote 062 rearmazenado em 001 na secao 004
0000722 pacote 124 rearmazenado em 001 na secao 004
0000722 pacote 128 rearmazenado em 001 na secao 004
0000722 pacote 135 rearmazenado em 001 na secao 004
0000722 pacote 137 rearmazenado em 001 na secao 004
0000722 pacote 138 rearmazenado em 001 na secao 004
0000722 pacote 139 rearmazenado em 001 na secao 004
0000722 pacote 141 rearmazenado em 001 na secao 004
0000722 pacote 073 rearmazenado em 001 na secao 004
0000703 pacote 154 removido de 002 na secao 000
0000704 pacote 149 removido de 002 na secao 000
0000705 pacote 148 removido de 002 na secao 000
0000706 pacote 146 removido de 002 na secao 000
0000707 pacote 145 removido de 002 na secao 000
0000708 pacote 143 removido de 002 na secao 000
0000709 pacote 142 removido de 002 na secao 000
0000710 pacote 136 removido de 002 na secao 000
0000711 pacote 132 removido de 002 na secao 000
0000712 pacote 131 removido de 002 na secao 000
0000713 pacote 120 removido de 002 na secao 000
0000714 pacote 116 removido de 002 na secao 000
0000715 pacote 113 removido de 002 na secao 000
0000716 pacote 111 removido de 002 na secao 000
0000717 pacote 104 removido de 002 na secao 000
0000718 pacote 099 removido de 002 na secao 000
0000719 pacote 097 removido de 002 na secao 000
0000720 pacote 094 removido de 002 na secao 000
0000721 pacote 091 removido de 002 na secao 000
0000722 pacote 086 removido de 002 na secao 000
0000723 pacote 083 removido de 002 na secao 000
0000723 pacote 083 em transito de 002 para 000
0000723 pacote 086 em transito de 002 para 000
0000723 pacote 091 rearmazenado em 002 na secao 000
0000723 pacote 094 rearmazenado em 002 na secao 000
0000723 pacote 097 rearmazenado em 002 na secao 000
0000723 pacote 099 rearmazenado em 002 na secao 000
0000723 pacote 104 rearmazenado em 002 na secao 000
0000723 pacote 111 rearmazenado em 002 na secao 000
0000723 pacote 113 rearmazenado em 002 na secao 000
0000723 pacote 116 rearmazenado em 002 na secao 000
0000723 pacote 120 rearmazenado em 002 na secao 000
0000723 pacote 131 rearmazenado em 002 na secao 000
0000723 pacote 132 rearmazenado em 002 na secao 000
0000723 pacote 136 rearmazenado em 002 na secao 000
0000723 pacote 142 rearmazenado em 002 na secao 000
0000723 pacote 143 rearmazenado em 002 na secao 000
0000723 pacote 145 rearmazenado em 002 na secao 000
0000723 pacote 146 rearmazenado em 002 na secao 000
0000723 pacote 148 rearmazenado em 002 na secao 000
0000723 pacote 149 rearmazenado em 002 na secao 000
0000723 pacote 154 rearmazenado em 002 na secao 000
0000703 pacote 159 removido de 003 na secao 001
0000704 pacote 152 removido de 003 na secao 001
0000705 pacote 144 removido de 003 na secao 001
0000706 pacote 129 removido de 003 na secao 001
0000707 pacote 127 removido de 003 na secao 001
0000708 pacote 126 removido de 003 na secao 001
0000709 pacote 123 removido de 003 na secao 001
0000710 pacote 121 removido de 003 na secao 001
0000711 pacote 119 removido de 003 na secao 001
0000712 pacote 117 removido de 003 na secao 001
0000713 pacote 115 removido de 003 na secao 001
0000714 pacote 107 removido de 003 na secao 001
0000715 pacote 105 removido de 003 na secao 001
0000716 pacote 102 removido de 003 na secao 001
0000717 pacote 098 removido de 003 na secao 001
0000718 pacote 095 removido de 003 na secao 001
0000719 pacote 084 removido de 003 na secao 001
0000720 pacote 082 removido de 003 na secao 001
0000721 pacote 080 removido de 003 na secao 001
0000722 pacote 079 removido de 003 na secao 001
0000722 pacote 079 em transito de 003 para 001
0000722 pacote 080 em transito de 003 para 001
0000722 pacote 082 rearmazenado em 003 na secao 001
0000722 pacote 084 rearmazenado em 003 na secao 001
0000722 pacote 095 rearmazenado em 003 na secao 001
0000722 pacote 098 rearmazenado em 003 na secao 001
0000722 pacote 102 rearmazenado em 003 na secao 001
0000722 pacote 105 rearmazenado em 003 na secao 001
0000722 pacote 107 rearmazenado em 003 na secao 001
0000722 pacote 115 rearmazenado em 003 na secao 001
0000722 pacote 117 rearmazenado em 003 na secao 001
0000722 pacote 119 rearmazenado em 003 na secao 001
0000722 pacote 121 rearmazenado em 003 na secao 001
0000722 pacote 123 rearmazenado em 003 na secao 001
0000722 pacote 126 rearmazenado em 003 na secao 001
0000722 pacote 127 rearmazenado em 003 na secao 001
0000722 pacote 129 rearmazenado em 003 na secao 001
0000722 pacote 144 rearmazenado em 003 na secao 001
0000722 pacote 152 rearmazenado em 003 na secao 001
0000722 pacote 159 rearmazenado em 003 na secao 001
0000703 pacote 155 removido de 004 na secao 000
0000704 pacote 151 removido de 004 na secao 000
0000705 pacote 150 removido de 004 na secao 000
0000706 pacote 147 removido de 004 na secao 000
0000707 pacote 037 removido de 004 na secao 000
0000708 pacote 034 removido de 004 na secao 000
0000709 pacote 108 removido de 004 na secao 000
0000710 pacote 106 removido de 004 na secao 000
0000711 pacote 100 removido de 004 na secao 000
0000712 pacote 093 removido de 004 na secao 000
0000713 pacote 032 removido de 004 na secao 000
0000714 pacote 024 removido de 004 na secao 000
0000715 pacote 019 removido de 004 na secao 000
0000716 pacote 054 removido de 004 na secao 000
0000716 pacote 054 em transito de 004 para 000
0000716 pacote 019 em transito de 004 para 000
0000716 pacote 024 rearmazenado em 004 na secao 000
0000716 pacote 032 rearmazenado em 004 na secao 000
0000716 pacote 093 rearmazenado em 004 na secao 000
0000716 pacote 100 rearmazenado em 004 na secao 000
0000716 pacote 106 rearmazenado em 004 na secao 000
0000716 pacote 108 rearmazenado em 004 na secao 000
0000716 pacote 034 rearmazenado em 004 na secao 000
0000716 pacote 037 rearmazenado em 004 na secao 000
0000716 pacote 147 rearmazenado em 004 na secao 000
0000716 pacote 150 rearmazenado em 004 na secao 000
0000716 pacote 151 rearmazenado em 004 na secao 000
0000716 pacote 155 rearmazenado em 004 na secao 000
0000703 pacote 158 removido de 004 na secao 001
0000704 pacote 067 removido de 004 na secao 001
0000705 pacote 066 removido de 004 na secao 001
0000706 pacote 133 removido de 004 na secao 001
0000707 pacote 130 removido de 004 na secao 001
0000708 pacote 125 removido de 004 na secao 001
0000709 pacote 055 removido de 004 na secao 001
0000710 pacote 050 removido de 004 na secao 001
0000711 pacote 118 removido de 004 na secao 001
0000712 pacote 101 removido de 004 na secao 001
0000713 pacote 026 removido de 004 na secao 001
0000714 pacote 092 removido de 004 na secao 001
0000715 pacote 089 removido de 004 na secao 001
0000716 pacote 087 removido de 004 na secao 001
0000717 pacote 075 removido de 004 na secao 001
0000718 pacote 072 removido de 004 na secao 001
0000719 pacote 071 removido de 004 na secao 001
0000719 pacote 071 em transito de 004 para 001
0000719 pacote 072 em transito de 004 para 001
0000719 pacote 075 rearmazenado em 004 na secao 001
0000719 pacote 087 rearmazenado em 004 na secao 001
0000719 pacote 089 rearmazenado em 004 na secao 001
0000719 pacote 092 rearmazenado em 004 na secao 001
0000719 pacote 026 rearmazenado em 004 na secao 001
0000719 pacote 101 rearmazenado em 004 na secao 001
0000719 pacote 118 rearmazenado em 004 na secao 001
0000719 pacote 050 rearmazenado em 004 na secao 001
0000719 pacote 055 rearmazenado em 004 na secao 001
0000719 pacote 125 rearmazenado em 004 na secao 001
0000719 pacote 130 rearmazenado em 004 na secao 001
0000719 pacote 133 rearmazenado em 004 na secao 001
0000719 pacote 066 rearmazenado em 004 na secao 001
0000719 pacote 067 rearmazenado em 004 na secao 001
0000719 pacote 158 rearmazenado em 004 na secao 001
0000703 pacote 162 armazenado em 004 na secao 000
0000706 pacote 163 armazenado em 001 na secao 004
0000706 pacote 164 armazenado em 003 na secao 001
0000710 pacote 165 armazenado em 000 na secao 004
0000711 pacote 166 armazenado em 001 na secao 003
0000718 pacote 167 armazenado em 001 na secao 004
0000721 pacote 168 armazenado em 001 na secao 003
0000725 pacote 070 entregue em 003
0000725 pacote 122 entregue em 003
0000727 pacote 008 entregue em 002
0000727 pacote 114 entregue em 002
0000729 pacote 169 armazenado em 000 na secao 004
0000729 pacote 170 armazenado em 000 na secao 004
0000729 pacote 171 armazenado em 000 na secao 004
0000736 pacote 019 entregue em 000
0000736 pacote 054 armazenado em 000 na secao 002
0000737 pacote 035 entregue em 004
0000737 pacote 036 armazenado em 004 na secao 001
0000737 pacote 172 armazenado em 002 na secao 000
0000739 pacote 071 armazenado em 001 na secao 003
0000739 pacote 072 entregue em 001
0000742 pacote 017 armazenado em 004 na secao 000
0000742 pacote 042 armazenado em 004 na secao 000
0000742 pacote 079 entregue em 001
0000742 pacote 080 armazenado em 001 na secao 004
0000742 pacote 173 armazenado em 004 na secao 000
0000743 pacote 083 armazenado em 000 na secao 004
0000743 pacote 086 armazenado em 000 na secao 004
0000744 pacote 174 armazenado em 002 na secao 000
0000749 pacote 175 armazenado em 004 na secao 000
0000755 pacote 176 armazenado em 000 na secao 004
0000763 pacote 177 armazenado em 002 na secao 000
0000769 pacote 178 armazenado em 003 na secao 001
0000771 pacote 179 armazenado em 002 na secao 000
0000773 pacote 180 armazenado em 004 na secao 000
0000781 pacote 181 armazenado em 003 na secao 001
0000790 pacote 182 armazenado em 003 na secao 001
0000790 pacote 183 armazenado em 004 na secao 000
0000792 pacote 184 armazenado em 002 na secao 000
0000795 pacote 185 armazenado em 000 na secao 002
0000803 pacote 185 removido de 000 na secao 002
0000804 pacote 054 removido de 000 na secao 002
0000805 pacote 160 removido de 000 na secao 002
0000806 pacote 009 removido de 000 na secao 002
0000807 pacote 134 removido de 000 na secao 002
0000807 pacote 134 em transito de 000 para 002
0000807 pacote 009 em transito de 000 para 002
0000807 pacote 160 rearmazenado em 000 na secao 002
0000807 pacote 054 rearmazenado em 000 na secao 002
0000807 pacote 185 rearmazenado em 000 na secao 002
0000803 pacote 176 removido de 000 na secao 004
0000804 pacote 086 removido de 000 na secao 004
0000805 pacote 083 removido de 000 na secao 004
0000806 pacote 171 removido de 000 na secao 004
0000807 pacote 170 removido de 000 na secao 004
0000808 pacote 169 removido de 000 na secao 004
0000809 pacote 165 removido de 000 na secao 004
0000810 pacote 161 removido de 000 na secao 004
0000811 pacote 156 removido de 000 na secao 004
0000812 pacote 153 removido de 000 na secao 004
0000813 pacote 081 removido de 000 na secao 004
0000814 pacote 077 removido de 000 na secao 004
0000815 pacote 140 removido de 000 na secao 004
0000816 pacote 048 removido de 000 na secao 004
0000817 pacote 112 removido de 000 na secao 004
0000818 pacote 103 removido de 000 na secao 004
0000819 pacote 045 removido de 000 na secao 004
0000820 pacote 090 removido de 000 na secao 004
0000821 pacote 088 removido de 000 na secao 004
0000822 pacote 085 removido de 000 na secao 004
0000822 pacote 085 em transito de 000 para 004
0000822 pacote 088 em transito de 000 para 004
0000822 pacote 090 rearmazenado em 000 na secao 004
0000822 pacote 045 rearmazenado em 000 na secao 004
0000822 pacote 103 rearmazenado em 000 na secao 004
0000822 pacote 112 rearmazenado em 000 na secao 004
0000822 pacote 048 rearmazenado em 000 na secao 004
0000822 pacote 140 rearmazenado em 000 na secao 004
0000822 pacote 077 rearmazenado em 000 na secao 004
0000822 pacote 081 rearmazenado em 000 na secao 004
0000822 pacote 153 rearmazenado em 000 na secao 004
0000822 pacote 156 rearmazenado em 000 na secao 004
0000822 pacote 161 rearmazenado em 000 na secao 004
0000822 pacote 165 rearmazenado em 000 na secao 004
0000822 pacote 169 rearmazenado em 000 na secao 004
0000822 pacote 170 rearmazenado em 000 na secao 004
0000822 pacote 171 rearmazenado em 000 na secao 004
0000822 pacote 083 rearmazenado em 000 na secao 004
0000822 pacote 086 rearmazenado em 000 na secao 004
0000822 pacote 176 rearmazenado em 000 na secao 004
0000802 pacote 186 armazenado em 004 na secao 000
0000803 pacote 071 removido de 001 na secao 003
0000804 pacote 168 removido de 001 na secao 003
0000805 pacote 166 removido de 001 na secao 003
0000806 pacote 157 removido de 001 na secao 003
0000806 pacote 157 em transito de 001 para 003
0000806 pacote 166 em transito de 001 para 003
0000806 pacote 168 rearmazenado em 001 na secao 003
0000806 pacote 071 rearmazenado em 001 na secao 003
0000803 pacote 080 removido de 001 na secao 004
0000804 pacote 167 removido de 001 na secao 004
0000805 pacote 163 removido de 001 na secao 004
0000806 pacote 073 removido de 001 na secao 004
0000807 pacote 141 removido de 001 na secao 004
0000808 pacote 139 removido de 001 na secao 004
0000809 pacote 138 removido de 001 na secao 004
0000810 pacote 137 removido de 001 na secao 004
0000811 pacote 135 removido de 001 na secao 004
0000812 pacote 128 removido de 001 na secao 004
0000813 pacote 124 removido de 001 na secao 004
0000814 pacote 062 removido de 001 na secao 004
0000815 pacote 061 removido de 001 na secao 004
0000816 pacote 109 removido de 001 na secao 004
0000817 pacote 096 removido de 001 na secao 004
0000818 pacote 059 removido de 001 na secao 004
0000819 pacote 058 removido de 001 na secao 004
0000820 pacote 078 removido de 001 na secao 004
0000821 pacote 064 removido de 001 na secao 004
0000822 pacote 053 removido de 001 na secao 004
0000823 pacote 018 removido de 001 na secao 004
0000823 pacote 018 em transito de 001 para 004
0000823 pacote 053 em transito de 001 para 004
0000823 pacote 064 rearmazenado em 001 na secao 004
0000823 pacote 078 rearmazenado em 001 na secao 004
0000823 pacote 058 rearmazenado em 001 na secao 004
0000823 pacote 059 rearmazenado em 001 na secao 004
0000823 pacote 096 rearmazenado em 001 na secao 004
0000823 pacote 109 rearmazenado em 001 na secao 004
0000823 pacote 061 rearmazenado em 001 na secao 004
0000823 pacote 062 rearmazenado em 001 na secao 004
0000823 pacote 124 rearmazenado em 001 na secao 004
0000823 pacote 128 rearmazenado em 001 na secao 004
0000823 pacote 135 rearmazenado em 001 na secao 004
0000823 pacote 137 rearmazenado em 001 na secao 004
0000823 pacote 138 rearmazenado em 001 na secao 004
0000823 pacote 139 rearmazenado em 001 na secao 004
0000823 pacote 141 rearmazenado em 001 na secao 004
0000823 pacote 073 rearmazenado em 001 na secao 004
0000823 pacote 163 rearmazenado em 001 na secao 004
0000823 pacote 167 rearmazenado em 001 na secao 004
0000823 pacote 080 rearmazenado em 001 na secao 004
0000803 pacote 184 removido de 002 na secao 000
0000804 pacote 179 removido de 002 na secao 000
0000805 pacote 177 removido de 002 na secao 000
0000806 pacote 174 removido de 002 na secao 000
0000807 pacote 172 removido de 002 na secao 000
0000808 pacote 154 removido de 002 na secao 000
0000809 pacote 149 removido de 002 na secao 000
0000810 pacote 148 removido de 002 na secao 000
0000811 pacote 146 removido de 002 na secao 000
0000812 pacote 145 removido de 002 na secao 000
0000813 pacote 143 removido de 002 na secao 000
0000814 pacote 142 removido de 002 na secao 000
0000815 pacote 136 removido de 002 na secao 000
0000816 pacote 132 removido de 002 na secao 000
0000817 pacote 131 removido de 002 na secao 000
0000818 pacote 120 removido de 002 na secao 000
0000819 pacote 116 removido de 002 na secao 000
0000820 pacote 113 removido de 002 na secao 000
0000821 pacote 111 removido de 002 na secao 000
0000822 pacote 104 removido de 002 na secao 000
0000823 pacote 099 removido de 002 na secao 000
0000824 pacote 097 removido de 002 na secao 000
0000825 pacote 094 removido de 002 na secao 000
0000826 pacote 091 removido de 002 na secao 000
0000826 pacote 091 em transito de 002 para 000
0000826 pacote 094 em transito de 002 para 000
0000826 pacote 097 rearmazenado em 002 na secao 000
0000826 pacote 099 rearmazenado em 002 na secao 000
0000826 pacote 104 rearmazenado em 002 na secao 000
0000826 pacote 111 rearmazenado em 002 na secao 000
0000826 pacote 113 rearmazenado em 002 na secao 000
0000826 pacote 116 rearmazenado em 002 na secao 000
0000826 pacote 120 rearmazenado em 002 na secao 000
0000826 pacote 131 rearmazenado em 002 na secao 000
0000826 pacote 132 rearmazenado em 002 na secao 000
0000826 pacote 136 rearmazenado em 002 na secao 000
0000826 pacote 142 rearmazenado em 002 na secao 000
0000826 pacote 143 rearmazenado em 002 na secao 000
0000826 pacote 145 rearmazenado em 002 na secao 000
0000826 pacote 146 rearmazenado em 002 na secao 000
0000826 pacote 148 rearmazenado em 002 na secao 000
0000826 pacote 149 rearmazenado em 002 na secao 000
0000826 pacote 154 rearmazenado em 002 na secao 000
0000826 pacote 172 rearmazenado em 002 na secao 000
0000826 pacote 174 rearmazenado em 002 na secao 000
0000826 pacote 177 rearmazenado em 002 na secao 000
0000826 pacote 179 rearmazenado em 002 na secao 000
0000826 pacote 184 rearmazenado em 002 na secao 000
0000803 pacote 182 removido de 003 na secao 001
0000804 pacote 181 removido de 003 na secao 001
0000805 pacote 178 removido de 003 na secao 001
0000806 pacote 164 removido de 003 na secao 001
0000807 pacote 159 removido de 003 na secao 001
0000808 pacote 152 removido de 003 na secao 001
0000809 pacote 144 removido de 003 na secao 001
0000810 pacote 129 removido de 003 na secao 001
0000811 pacote 127 removido de 003 na secao 001
0000812 pacote 126 removido de 003 na secao 001
0000813 pacote 123 removido de 003 na secao 001
0000814 pacote 121 removido de 003 na secao 001
0000815 pacote 119 removido de 003 na secao 001
0000816 pacote 117 removido de 003 na secao 001
0000817 pacote 115 removido de 003 na secao 001
0000818 pacote 107 removido de 003 na secao 001
0000819 pacote 105 removido de 003 na secao 001
0000820 pacote 102 removido de 003 na secao 001
0000821 pacote 098 removido de 003 na secao 001
0000822 pacote 095 removido de 003 na secao 001
0000823 pacote 084 removido de 003 na secao 001
0000824 pacote 082 removido de 003 na secao 001
0000824 pacote 082 em transito de 003 para 001
0000824 pacote 084 em transito de 003 para 001
0000824 pacote 095 rearmazenado em 003 na secao 001
0000824 pacote 098 rearmazenado em 003 na secao 001
0000824 pacote 102 rearmazenado em 003 na secao 001
0000824 pacote 105 rearmazenado em 003 na secao 001
0000824 pacote 107 rearmazenado em 003 na secao 001
0000824 pacote 115 rearmazenado em 003 na secao 001
0000824 pacote 117 rearmazenado em 003 na secao 001
0000824 pacote 119 rearmazenado em 003 na secao 001
0000824 pacote 121 rearmazenado em 003 na secao 001
0000824 pacote 123 rearmazenado em 003 na secao 001
0000824 pacote 126 rearmazenado em 003 na secao 001
0000824 pacote 127 rearmazenado em 003 na secao 001
0000824 pacote 129 rearmazenado em 003 na secao 001
0000824 pacote 144 rearmazenado em 003 na secao 001
0000824 pacote 152 rearmazenado em 003 na secao 001
0000824 pacote 159 rearmazenado em 003 na secao 001
0000824 pacote 164 rearmazenado em 003 na secao 001
0000824 pacote 178 rearmazenado em 003 na secao 001
0000824 pacote 181 rearmazenado em 003 na secao 001
0000824 pacote 182 rearmazenado em 003 na secao 001
0000803 pacote 186 removido de 004 na secao 000
0000804 pacote 183 removido de 004 na secao 000
0000805 pacote 180 removido de 004 na secao 000
0000806 pacote 175 removido de 004 na secao 000
0000807 pacote 173 removido de 004 na secao 000
0000808 pacote 042 removido de 004 na secao 000
0000809 pacote 017 removido de 004 na secao 000
0000810 pacote 162 removido de 004 na secao 000
0000811 pacote 155 removido de 004 na secao 000
0000812 pacote 151 removido de 004 na secao 000
0000813 pacote 150 removido de 004 na secao 000
0000814 pacote 147 removido de 004 na secao 000
0000815 pacote 037 removido de 004 na secao 000
0000816 pacote 034 removido de 004 na secao 000
0000817 pacote 108 removido de 004 na secao 000
0000818 pacote 106 removido de 004 na secao 000
0000819 pacote 100 removido de 004 na secao 000
0000820 pacote 093 removido de 004 na secao 000
0000821 pacote 032 removido de 004 na secao 000
0000822 pacote 024 removido de 004 na secao 000
0000822 pacote 024 em transito de 004 para 000
0000822 pacote 032 em transito de 004 para 000
0000822 pacote 093 rearmazenado em 004 na secao 000
0000822 pacote 100 rearmazenado em 004 na secao 000
0000822 pacote 106 rearmazenado em 004 na secao 000
0000822 pacote 108 rearmazenado em 004 na secao 000
0000822 pacote 034 rearmazenado em 004 na secao 000
0000822 pacote 037 rearmazenado em 004 na secao 000
0000822 pacote 147 rearmazenado em 004 na secao 000
0000822 pacote 150 rearmazenado em 004 na secao 000
0000822 pacote 151 rearmazenado em 004 na secao 000
0000822 pacote 155 rearmazenado em 004 na secao 000
0000822 pacote 162 rearmazenado em 004 na secao 000
0000822 pacote 017 rearmazenado em 004 na secao 000
0000822 pacote 042 rearmazenado em 004 na secao 000
0000822 pacote 173 rearmazenado em 004 na secao 000
0000822 pacote 175 rearmazenado em 004 na secao 000
0000822 pacote 180 rearmazenado em 004 na secao 000
0000822 pacote 183 rearmazenado em 004 na secao 000
0000822 pacote 186 rearmazenado em 004 na secao 000
0000803 pacote 036 removido de 004 na secao 001
0000804 pacote 158 removido de 004 na secao 001
0000805 pacote 067 removido de 004 na secao 001
0000806 pacote 066 removido de 004 na secao 001
0000807 pacote 133 removido de 004 na secao 001
0000808 pacote 130 removido de 004 na secao 001
0000809 pacote 125 removido de 004 na secao 001
0000810 pacote 055 removido de 004 na secao 001
0000811 pacote 050 removido de 004 na secao 001
0000812 pacote 118 removido de 004 na secao 001
0000813 pacote 101 removido de 004 na secao 001
0000814 pacote 026 removido de 004 na secao 001
0000815 pacote 092 removido de 004 na secao 001
0000816 pacote 089 removido de 004 na secao 001
0000817 pacote 087 removido de 004 na secao 001
0000818 pacote 075 removido de 004 na secao 001
0000818 pacote 075 em transito de 004 para 001
0000818 pacote 087 em transito de 004 para 001
0000818 pacote 089 rearmazenado em 004 na secao 001
0000818 pacote 092 rearmazenado em 004 na secao 001
0000818 pacote 026 rearmazenado em 004 na secao 001
0000818 pacote 101 rearmazenado em 004 na secao 001
0000818 pacote 118 rearmazenado em 004 na secao 001
0000818 pacote 050 rearmazenado em 004 na secao 001
0000818 pacote 055 rearmazenado em 004 na secao 001
0000818 pacote 125 rearmazenado em 004 na secao 001
0000818 pacote 130 rearmazenado em 004 na secao 001
0000818 pacote 133 rearmazenado em 004 na secao 001
0000818 pacote 066 rearmazenado em 004 na secao 001
0000818 pacote 067 rearmazenado em 004 na secao 001
0000818 pacote 158 rearmazenado em 004 na secao 001
0000818 pacote 036 rearmazenado em 004 na secao 001
0000808 pacote 187 armazenado em 000 na secao 004
0000808 pacote 188 armazenado em 003 na secao 001
0000816 pacote 189 armazenado em 000 na secao 002
0000816 pacote 190 armazenado em 001 na secao 003
0000817 pacote 191 armazenado em 004 na secao 001
0000823 pacote 192 armazenado em 003 na secao 001
0000826 pacote 157 entregue em 003
0000826 pacote 166 entregue em 003
0000827 pacote 009 entregue em 002
0000827 pacote 134 entregue em 002
0000827 pacote 193 armazenado em 000 na secao 004
0000827 pacote 194 armazenado em 001 na secao 004
0000833 pacote 195 armazenado em 003 na secao 001
0000837 pacote 196 armazenado em 002 na secao 000
0000838 pacote 075 entregue em 001
0000838 pacote 087 armazenado em 001 na secao 003
0000839 pacote 197 armazenado em 001 na secao 003
0000842 pacote 024 armazenado em 000 na secao 002
0000842 pacote 032 entregue em 000
0000842 pacote 085 entregue em 004
0000842 pacote 088 armazenado em 004 na secao 001
0000843 pacote 018 entregue em 004
0000843 pacote 053 armazenado em 004 na secao 000
0000844 pacote 082 armazenado em 001 na secao 004
0000844 pacote 084 entregue em 001
0000846 pacote 091 armazenado em 000 na secao 004
0000846 pacote 094 armazenado em 000 na secao 004
0000847 pacote 198 armazenado em 002 na secao 000
0000856 pacote 199 armazenado em 003 na secao 001
0000857 pacote 200 armazenado em 004 na secao 001
0000861 pacote 201 armazenado em 003 na secao 001
0000861 pacote 202 armazenado em 000 na secao 004
0000867 pacote 203 armazenado em 004 na secao 000
0000870 pacote 204 armazenado em 001 na secao 004
0000876 pacote 205 armazenado em 002 na secao 000
0000878 pacote 206 armazenado em 001 na secao 003
0000878 pacote 207 armazenado em 002 na secao 000
0000878 pacote 208 armazenado em 004 na secao 000
0000887 pacote 209 armazenado em 000 na secao 002
0000895 pacote 210 armazenado em 003 na secao 001
0000896 pacote 211 armazenado em 001 na secao 004
0000903 pacote 209 removido de 000 na secao 002
0000904 pacote 024 removido de 000 na secao 002
0000905 pacote 189 removido de 000 na secao 002
0000906 pacote 185 removido de 000 na secao 002
0000907 pacote 054 removido de 000 na secao 002
0000908 pacote 160 removido de 000 na secao 002
0000908 pacote 160 em transito de 000 para 002
0000908 pacote 054 em transito de 000 para 002
0000908 pacote 185 rearmazenado em 000 na secao 002
0000908 pacote 189 rearmazenado em 000 na secao 002
0000908 pacote 024 rearmazenado em 000 na secao 002
0000908 pacote 209 rearmazenado em 000 na secao 002
0000903 pacote 202 removido de 000 na secao 004
0000904 pacote 094 removido de 000 na secao 004
0000905 pacote 091 removido de 000 na secao 004
0000906 pacote 193 removido de 000 na secao 004
0000907 pacote 187 removido de 000 na secao 004
0000908 pacote 176 removido de 000 na secao 004
0000909 pacote 086 removido de 000 na secao 004
0000910 pacote 083 removido de 000 na secao 004
0000911 pacote 171 removido de 000 na secao 004
0000912 pacote 170 removido de 000 na secao 004
0000913 pacote 169 removido de 000 na secao 004
0000914 pacote 165 removido de 000 na secao 004
0000915 pacote 161 removido de 000 na secao 004
0000916 pacote 156 removido de 000 na secao 004
0000917 pacote 153 removido de 000 na secao 004
0000918 pacote 081 removido de 000 na secao 004
0000919 pacote 077 removido de 000 na secao 004
0000920 pacote 140 removido de 000 na secao 004
0000921 pacote 048 removido de 000 na secao 004
0000922 pacote 112 removido de 000 na secao 004
0000923 pacote 103 removido de 000 na secao 004
0000924 pacote 045 removido de 000 na secao 004
0000925 pacote 090 removido de 000 na secao 004
0000925 pacote 090 em transito de 000 para 004
0000925 pacote 045 em transito de 000 para 004
0000925 pacote 103 rearmazenado em 000 na secao 004
0000925 pacote 112 rearmazenado em 000 na secao 004
0000925 pacote 048 rearmazenado em 000 na secao 004
0000925 pacote 140 rearmazenado em 000 na secao 004
0000925 pacote 077 rearmazenado em 000 na secao 004
0000925 pacote 081 rearmazenado em 000 na secao 004
0000925 pacote 153 rearmazenado em 000 na secao 004
0000925 pacote 156 rearmazenado em 000 na secao 004
0000925 pacote 161 rearmazenado em 000 na secao 004
0000925 pacote 165 rearmazenado em 000 na secao 004
0000925 pacote 169 rearmazenado em 000 na secao 004
0000925 pacote 170 rearmazenado em 000 na secao 004
0000925 pacote 171 rearmazenado em 000 na secao 004
0000925 pacote 083 rearmazenado em 000 na secao 004
0000925 pacote 086 rearmazenado em 000 na secao 004
0000925 pacote 176 rearmazenado em 000 na secao 004
0000925 pacote 187 rearmazenado em 000 na secao 004
0000925 pacote 193 rearmazenado em 000 na secao 004
0000925 pacote 091 rearmazenado em 000 na secao 004
0000925 pacote 094 rearmazenado em 000 na secao 004
0000925 pacote 202 rearmazenado em 000 na secao 004
0000903 pacote 206 removido de 001 na secao 003
0000904 pacote 197 removido de 001 na secao 003
0000905 pacote 087 removido de 001 na secao 003
0000906 pacote 190 removido de 001 na secao 003
0000907 pacote 071 removido de 001 na secao 003
0000908 pacote 168 removido de 001 na secao 003
0000908 pacote 168 em transito de 001 para 003
0000908 pacote 071 em transito de 001 para 003
0000908 pacote 190 rearmazenado em 001 na secao 003
0000908 pacote 087 rearmazenado em 001 na secao 003
0000908 pacote 197 rearmazenado em 001 na secao 003
0000908 pacote 206 rearmazenado em 001 na secao 003
0000903 pacote 211 removido de 001 na secao 004
0000904 pacote 204 removido de 001 na secao 004
0000905 pacote 082 removido de 001 na secao 004
0000906 pacote 194 removido de 001 na secao 004
0000907 pacote 080 removido de 001 na secao 004
0000908 pacote 167 removido de 001 na secao 004
0000909 pacote 163 removido de 001 na secao 004
0000910 pacote 073 removido de 001 na secao 004
0000911 pacote 141 removido de 001 na secao 004
0000912 pacote 139 removido de 001 na secao 004
0000913 pacote 138 removido de 001 na secao 004
0000914 pacote 137 removido de 001 na secao 004
0000915 pacote 135 removido de 001 na secao 004
0000916 pacote 128 removido de 001 na secao 004
0000917 pacote 124 removido de 001 na secao 004
0000918 pacote 062 removido de 001 na secao 004
0000919 pacote 061 removido de 001 na secao 004
0000920 pacote 109 removido de 001 na secao 004
0000921 pacote 096 removido de 001 na secao 004
0000922 pacote 059 removido de 001 na secao 004
0000923 pacote 058 removido de 001 na secao 004
0000924 pacote 078 removido de 001 na secao 004
0000925 pacote 064 removido de 001 na secao 004
0000925 pacote 064 em transito de 001 para 004
0000925 pacote 078 em transito de 001 para 004
0000925 pacote 058 rearmazenado em 001 na secao 004
0000925 pacote 059 rearmazenado em 001 na secao 004
0000925 pacote 096 rearmazenado em 001 na secao 004
0000925 pacote 109 rearmazenado em 001 na secao 004
0000925 pacote 061 rearmazenado em 001 na secao 004
0000925 pacote 062 rearmazenado em 001 na secao 004
0000925 pacote 124 rearmazenado em 001 na secao 004
0000925 pacote 128 rearmazenado em 001 na secao 004
0000925 pacote 135 rearmazenado em 001 na secao 004
0000925 pacote 137 rearmazenado em 001 na secao 004
0000925 pacote 138 rearmazenado em 001 na secao 004
0000925 pacote 139 rearmazenado em 001 na secao 004
0000925 pacote 141 rearmazenado em 001 na secao 004
0000925 pacote 073 rearmazenado em 001 na secao 004
0000925 pacote 163 rearmazenado em 001 na secao 004
0000925 pacote 167 rearmazenado em 001 na secao 004
0000925 pacote 080 rearmazenado em 001 na secao 004
0000925 pacote 194 rearmazenado em 001 na secao 004
0000925 pacote 082 rearmazenado em 001 na secao 004
0000925 pacote 204 rearmazenado em 001 na secao 004
0000925 pacote 211 rearmazenado em 001 na secao 004
0000903 pacote 207 removido de 002 na secao 000
0000904 pacote 205 removido de 002 na secao 000
0000905 pacote 198 removido de 002 na secao 000
0000906 pacote 196 removido de 002 na secao 000
0000907 pacote 184 removido de 002 na secao 000
0000908 pacote 179 removido de 002 na secao 000
0000909 pacote 177 removido de 002 na secao 000
0000910 pacote 174 removido de 002 na secao 000
0000911 pacote 172 removido de 002 na secao 000
0000912 pacote 154 removido de 002 na secao 000
0000913 pacote 149 removido de 002 na secao 000
0000914 pacote 148 removido de 002 na secao 000
0000915 pacote 146 removido de 002 na secao 000
0000916 pacote 145 removido de 002 na secao 000
0000917 pacote 143 removido de 002 na secao 000
0000918 pacote 142 removido de 002 na secao 000
0000919 pacote 136 removido de 002 na secao 000
0000920 pacote 132 removido de 002 na secao 000
0000921 pacote 131 removido de 002 na secao 000
0000922 pacote 120 removido de 002 na secao 000
0000923 pacote 116 removido de 002 na secao 000
0000924 pacote 113 removido de 002 na secao 000
0000925 pacote 111 removido de 002 na secao 000
0000926 pacote 104 removido de 002 na secao 000
0000927 pacote 099 removido de 002 na secao 000
0000928 pacote 097 removido de 002 na secao 000
0000928 pacote 097 em transito de 002 para 000
0000928 pacote 099 em transito de 002 para 000
0000928 pacote 104 rearmazenado em 002 na secao 000
0000928 pacote 111 rearmazenado em 002 na secao 000
0000928 pacote 113 rearmazenado em 002 na secao 000
0000928 pacote 116 rearmazenado em 002 na secao 000
0000928 pacote 120 rearmazenado em 002 na secao 000
0000928 pacote 131 rearmazenado em 002 na secao 000
0000928 pacote 132 rearmazenado em 002 na secao 000
0000928 pacote 136 rearmazenado em 002 na secao 000
0000928 pacote 142 rearmazenado em 002 na secao 000
0000928 pacote 143 rearmazenado em 002 na secao 000
0000928 pacote 145 rearmazenado em 002 na secao 000
0000928 pacote 146 rearmazenado em 002 na secao 000
0000928 pacote 148 rearmazenado em 002 na secao 000
0000928 pacote 149 rearmazenado em 002 na secao 000
0000928 pacote 154 rearmazenado em 002 na secao 000
0000928 pacote 172 rearmazenado em 002 na secao 000
0000928 pacote 174 rearmazenado em 002 na secao 000
0000928 pacote 177 rearmazenado em 002 na secao 000
0000928 pacote 179 rearmazenado em 002 na secao 000
0000928 pacote 184 rearmazenado em 002 na secao 000
0000928 pacote 196 rearmazenado em 002 na secao 000
0000928 pacote 198 rearmazenado em 002 na secao 000
0000928 pacote 205 rearmazenado em 002 na secao 000
0000928 pacote 207 rearmazenado em 002 na secao 000
0000903 pacote 210 removido de 003 na secao 001
0000904 pacote 201 removido de 003 na secao 001
0000905 pacote 199 removido de 003 na secao 001
0000906 pacote 195 removido de 003 na secao 001
0000907 pacote 192 removido de 003 na secao 001
0000908 pacote 188 removido de 003 na secao 001
0000909 pacote 182 removido de 003 na secao 001
0000910 pacote 181 removido de 003 na secao 001
0000911 pacote 178 removido de 003 na secao 001
0000912 pacote 164 removido de 003 na secao 001
0000913 pacote 159 removido de 003 na secao 001
0000914 pacote 152 removido de 003 na secao 001
0000915 pacote 144 removido de 003 na secao 001
0000916 pacote 129 removido de 003 na secao 001
0000917 pacote 127 removido de 003 na secao 001
0000918 pacote 126 removido de 003 na secao 001
0000919 pacote 123 removido de 003 na secao 001
0000920 pacote 121 removido de 003 na secao 001
0000921 pacote 119 removido de 003 na secao 001
0000922 pacote 117 removido de 003 na secao 001
0000923 pacote 115 removido de 003 na secao 001
0000924 pacote 107 removido de 003 na secao 001
0000925 pacote 105 removido de 003 na secao 001
0000926 pacote 102 removido de 003 na secao 001
0000927 pacote 098 removido de 003 na secao 001
0000928 pacote 095 removido de 003 na secao 001
0000928 pacote 095 em transito de 003 para 001
0000928 pacote 098 em transito de 003 para 001
0000928 pacote 102 rearmazenado em 003 na secao 001
0000928 pacote 105 rearmazenado em 003 na secao 001
0000928 pacote 107 rearmazenado em 003 na secao 001
0000928 pacote 115 rearmazenado em 003 na secao 001
0000928 pacote 117 rearmazenado em 003 na secao 001
0000928 pacote 119 rearmazenado em 003 na secao 001
0000928 pacote 121 rearmazenado em 003 na secao 001
0000928 pacote 123 rearmazenado em 003 na secao 001
0000928 pacote 126 rearmazenado em 003 na secao 001
0000928 pacote 127 rearmazenado em 003 na secao 001
0000928 pacote 129 rearmazenado em 003 na secao 001
0000928 pacote 144 rearmazenado em 003 na secao 001
0000928 pacote 152 rearmazenado em 003 na secao 001
0000928 pacote 159 rearmazenado em 003 na secao 001
0000928 pacote 164 rearmazenado em 003 na secao 001
0000928 pacote 178 rearmazenado em 003 na secao 001
0000928 pacote 181 rearmazenado em 003 na secao 001
0000928 pacote 182 rearmazenado em 003 na secao 001
0000928 pacote 188 rearmazenado em 003 na secao 001
0000928 pacote 192 rearmazenado em 003 na secao 001
0000928 pacote 195 rearmazenado em 003 na secao 001
0000928 pacote 199 rearmazenado em 003 na secao 001
0000928 pacote 201 rearmazenado em 003 na secao 001
0000928 pacote 210 rearmazenado em 003 na secao 001
0000903 pacote 208 removido de 004 na secao 000
0000904 pacote 203 removido de 004 na secao 000
0000905 pacote 053 removido de 004 na secao 000
0000906 pacote 186 removido de 004 na secao 000
0000907 pacote 183 removido de 004 na secao 000
0000908 pacote 180 removido de 004 na secao 000
0000909 pacote 175 removido de 004 na secao 000
0000910 pacote 173 removido de 004 na secao 000
0000911 pacote 042 removido de 004 na secao 000
0000912 pacote 017 removido de 004 na secao 000
0000913 pacote 162 removido de 004 na secao 000
0000914 pacote 155 removido de 004 na secao 000
0000915 pacote 151 removido de 004 na secao 000
0000916 pacote 150 removido de 004 na secao 000
0000917 pacote 147 removido de 004 na secao 000
0000918 pacote 037 removido de 004 na secao 000
0000919 pacote 034 removido de 004 na secao 000
0000920 pacote 108 removido de 004 na secao 000
0000921 pacote 106 removido de 004 na secao 000
0000922 pacote 100 removido de 004 na secao 000
0000923 pacote 093 removido de 004 na secao 000
0000923 pacote 093 em transito de 004 para 000
0000923 pacote 100 em transito de 004 para 000
0000923 pacote 106 rearmazenado em 004 na secao 000
0000923 pacote 108 rearmazenado em 004 na secao 000
0000923 pacote 034 rearmazenado em 004 na secao 000
0000923 pacote 037 rearmazenado em 004 na secao 000
0000923 pacote 147 rearmazenado em 004 na secao 000
0000923 pacote 150 rearmazenado em 004 na secao 000
0000923 pacote 151 rearmazenado em 004 na secao 000
0000923 pacote 155 rearmazenado em 004 na secao 000
0000923 pacote 162 rearmazenado em 004 na secao 000
0000923 pacote 017 rearmazenado em 004 na secao 000
0000923 pacote 042 rearmazenado em 004 na secao 000
0000923 pacote 173 rearmazenado em 004 na secao 000
0000923 pacote 175 rearmazenado em 004 na secao 000
0000923 pacote 180 rearmazenado em 004 na secao 000
0000923 pacote 183 rearmazenado em 004 na secao 000
0000923 pacote 186 rearmazenado em 004 na secao 000
0000923 pacote 053 rearmazenado em 004 na secao 000
0000923 pacote 203 rearmazenado em 004 na secao 000
0000923 pacote 208 rearmazenado em 004 na secao 000
0000903 pacote 200 removido de 004 na secao 001
0000904 pacote 088 removido de 004 na secao 001
0000905 pacote 191 removido de 004 na secao 001
0000906 pacote 036 removido de 004 na secao 001
0000907 pacote 158 removido de 004 na secao 001
0000908 pacote 067 removido de 004 na secao 001
0000909 pacote 066 removido de 004 na secao 001
0000910 pacote 133 removido de 004 na secao 001
0000911 pacote 130 removido de 004 na secao 001
0000912 pacote 125 removido de 004 na secao 001
0000913 pacote 055 removido de 004 na secao 001
0000914 pacote 050 removido de 004 na secao 001
0000915 pacote 118 removido de 004 na secao 001
0000916 pacote 101 removido de 004 na secao 001
0000917 pacote 026 removido de 004 na secao 001
0000918 pacote 092 removido de 004 na secao 001
0000919 pacote 089 removido de 004 na secao 001
0000919 pacote 089 em transito de 004 para 001
0000919 pacote 092 em transito de 004 para 001
0000919 pacote 026 rearmazenado em 004 na secao 001
0000919 pacote 101 rearmazenado em 004 na secao 001
0000919 pacote 118 rearmazenado em 004 na secao 001
0000919 pacote 050 rearmazenado em 004 na secao 001
0000919 pacote 055 rearmazenado em 004 na secao 001
0000919 pacote 125 rearmazenado em 004 na secao 001
0000919 pacote 130 rearmazenado em 004 na secao 001
0000919 pacote 133 rearmazenado em 004 na secao 001
0000919 pacote 066 rearmazenado em 004 na secao 001
0000919 pacote 067 rearmazenado em 004 na secao 001
0000919 pacote 158 rearmazenado em 004 na secao 001
0000919 pacote 036 rearmazenado em 004 na secao 001
0000919 pacote 191 rearmazenado em 004 na secao 001
0000919 pacote 088 rearmazenado em 004 na secao 001
0000919 pacote 200 rearmazenado em 004 na secao 001
0000904 pacote 212 armazenado em 003 na secao 001
0000911 pacote 213 armazenado em 004 na secao 001
0000916 pacote 214 armazenado em 004 na secao 000
0000922 pacote 215 armazenado em 004 na secao 001
0000925 pacote 216 armazenado em 003 na secao 001
0000928 pacote 054 entregue em 002
0000928 pacote 071 entregue em 003
0000928 pacote 160 entregue em 002
0000928 pacote 168 entregue em 003
0000930 pacote 217 armazenado em 000 na secao 004
0000933 pacote 218 armazenado em 001 na secao 004
0000935 pacote 219 armazenado em 003 na secao 001
0000939 pacote 089 entregue em 001
0000939 pacote 092 entregue em 001
0000939 pacote 220 armazenado em 000 na secao 004
0000943 pacote 093 entregue em 000
0000943 pacote 100 entregue em 000
0000945 pacote 045 entregue em 004
0000945 pacote 064 armazenado em 004 na secao 000
0000945 pacote 078 armazenado em 004 na secao 000
0000945 pacote 090 armazenado em 004 na secao 001
0000946 pacote 221 armazenado em 002 na secao 000
0000946 pacote 222 armazenado em 001 na secao 004
0000948 pacote 095 armazenado em 001 na secao 004
0000948 pacote 097 armazenado em 000 na secao 004
0000948 pacote 098 armazenado em 001 na secao 004
0000948 pacote 099 armazenado em 000 na secao 004
0000949 pacote 223 armazenado em 003 na secao 001
0000952 pacote 224 armazenado em 004 na secao 000
0000955 pacote 225 armazenado em 000 na secao 002
0000963 pacote 226 armazenado em 001 na secao 004
0000963 pacote 227 armazenado em 002 na secao 000
0000968 pacote 228 armazenado em 002 na secao 000
0000976 pacote 229 armazenado em 003 na secao 001
0000985 pacote 230 armazenado em 002 na secao 000
0000992 pacote 231 armazenado em 003 na secao 001
0000998 pacote 232 armazenado em 004 na secao 001
0001000 pacote 233 armazenado em 000 na secao 004
0001001 pacote 234 armazenado em 004 na secao 001
0001003 pacote 225 removido de 000 na secao 002
0001004 pacote 209 removido de 000 na secao 002
0001005 pacote 024 removido de 000 na secao 002
0001006 pacote 189 removido de 000 na secao 002
0001007 pacote 185 removido de 000 na secao 002
0001007 pacote 185 em transito de 000 para 002
0001007 pacote 189 em transito de 000 para 002
0001007 pacote 024 rearmazenado em 000 na secao 002
0001007 pacote 209 rearmazenado em 000 na secao 002
0001007 pacote 225 rearmazenado em 000 na secao 002
0001003 pacote 233 removido de 000 na secao 004
0001004 pacote 099 removido de 000 na secao 004
0001005 pacote 097 removido de 000 na secao 004
0001006 pacote 220 removido de 000 na secao 004
0001007 pacote 217 removido de 000 na secao 004
0001008 pacote 202 removido de 000 na secao 004
0001009 pacote 094 removido de 000 na secao 004
0001010 pacote 091 removido de 000 na secao 004
0001011 pacote 193 removido de 000 na secao 004
0001012 pacote 187 removido de 000 na secao 004
0001013 pacote 176 removido de 000 na secao 004
0001014 pacote 086 removido de 000 na secao 004
0001015 pacote 083 removido de 000 na secao 004
0001016 pacote 171 removido de 000 na secao 004
0001017 pacote 170 removido de 000 na secao 004
0001018 pacote 169 removido de 000 na secao 004
0001019 pacote 165 removido de 000 na secao 004
0001020 pacote 161 removido de 000 na secao 004
0001021 pacote 156 removido de 000 na secao 004
0001022 pacote 153 removido de 000 na secao 004
0001023 pacote 081 removido de 000 na secao 004
0001024 pacote 077 removido de 000 na secao 004
0001025 pacote 140 removido de 000 na secao 004
0001026 pacote 048 removido de 000 na secao 004
0001027 pacote 112 removido de 000 na secao 004
0001028 pacote 103 removido de 000 na secao 004
0001028 pacote 103 em transito de 000 para 004
0001028 pacote 112 em transito de 000 para 004
0001028 pacote 048 rearmazenado em 000 na secao 004
0001028 pacote 140 rearmazenado em 000 na secao 004
0001028 pacote 077 rearmazenado em 000 na secao 004
0001028 pacote 081 rearmazenado em 000 na secao 004
0001028 pacote 153 rearmazenado em 000 na secao 004
0001028 pacote 156 rearmazenado em 000 na secao 004
0001028 pacote 161 rearmazenado em 000 na secao 004
0001028 pacote 165 rearmazenado em 000 na secao 004
0001028 pacote 169 rearmazenado em 000 na secao 004
0001028 pacote 170 rearmazenado em 000 na secao 004
0001028 pacote 171 rearmazenado em 000 na secao 004
0001028 pacote 083 rearmazenado em 000 na secao 004
0001028 pacote 086 rearmazenado em 000 na secao 004
0001028 pacote 176 rearmazenado em 000 na secao 004
0001028 pacote 187 rearmazenado em 000 na secao 004
0001028 pacote 193 rearmazenado em 000 na secao 004
0001028 pacote 091 rearmazenado em 000 na secao 004
0001028 pacote 094 rearmazenado em 000 na secao 004
0001028 pacote 202 rearmazenado em 000 na secao 004
0001028 pacote 217 rearmazenado em 000 na secao 004
0001028 pacote 220 rearmazenado em 000 na secao 004
0001028 pacote 097 rearmazenado em 000 na secao 004
0001028 pacote 099 rearmazenado em 000 na secao 004
0001028 pacote 233 rearmazenado em 000 na secao 004
0001003 pacote 206 removido de 001 na secao 003
0001004 pacote 197 removido de 001 na secao 003
0001005 pacote 087 removido de 001 na secao 003
0001006 pacote 190 removido de 001 na secao 003
0001006 pacote 190 em transito de 001 para 003
0001006 pacote 087 em transito de 001 para 003
0001006 pacote 197 rearmazenado em 001 na secao 003
0001006 pacote 206 rearmazenado em 001 na secao 003
0001003 pacote 226 removido de 001 na secao 004
0001004 pacote 098 removido de 001 na secao 004
0001005 pacote 095 removido de 001 na secao 004
0001006 pacote 222 removido de 001 na secao 004
0001007 pacote 218 removido de 001 na secao 004
0001008 pacote 211 removido de 001 na secao 004
0001009 pacote 204 removido de 001 na secao 004
0001010 pacote 082 removido de 001 na secao 004
0001011 pacote 194 removido de 001 na secao 004
0001012 pacote 080 removido de 001 na secao 004
0001013 pacote 167 removido de 001 na secao 004
0001014 pacote 163 removido de 001 na secao 004
0001015 pacote 073 removido de 001 na secao 004
0001016 pacote 141 removido de 001 na secao 004
0001017 pacote 139 removido de 001 na secao 004
0001018 pacote 138 removido de 001 na secao 004
0001019 pacote 137 removido de 001 na secao 004
0001020 pacote 135 removido de 001 na secao 004
0001021 pacote 128 removido de 001 na secao 004
0001022 pacote 124 removido de 001 na secao 004
0001023 pacote 062 removido de 001 na secao 004
0001024 pacote 061 removido de 001 na secao 004
0001025 pacote 109 removido de 001 na secao 004
0001026 pacote 096 removido de 001 na secao 004
0001027 pacote 059 removido de 001 na secao 004
0001028 pacote 058 removido de 001 na secao 004
0001028 pacote 058 em transito de 001 para 004
0001028 pacote 059 em transito de 001 para 004
0001028 pacote 096 rearmazenado em 001 na secao 004
0001028 pacote 109 rearmazenado em 001 na secao 004
0001028 pacote 061 rearmazenado em 001 na secao 004
0001028 pacote 062 rearmazenado em 001 na secao 004
0001028 pacote 124 rearmazenado em 001 na secao 004
0001028 pacote 128 rearmazenado em 001 na secao 004
0001028 pacote 135 rearmazenado em 001 na secao 004
0001028 pacote 137 rearmazenado em 001 na secao 004
0001028 pacote 138 rearmazenado em 001 na secao 004
0001028 pacote 139 rearmazenado em 001 na secao 004
0001028 pacote 141 rearmazenado em 001 na secao 004
0001028 pacote 073 rearmazenado em 001 na secao 004
0001028 pacote 163 rearmazenado em 001 na secao 004
0001028 pacote 167 rearmazenado em 001 na secao 004
0001028 pacote 080 rearmazenado em 001 na secao 004
0001028 pacote 194 rearmazenado em 001 na secao 004
0001028 pacote 082 rearmazenado em 001 na secao 004
0001028 pacote 204 rearmazenado em 001 na secao 004
0001028 pacote 211 rearmazenado em 001 na secao 004
0001028 pacote 218 rearmazenado em 001 na secao 004
0001028 pacote 222 rearmazenado em 001 na secao 004
0001028 pacote 095 rearmazenado em 001 na secao 004
0001028 pacote 098 rearmazenado em 001 na secao 004
0001028 pacote 226 rearmazenado em 001 na secao 004
0001003 pacote 230 removido de 002 na secao 000
0001004 pacote 228 removido de 002 na secao 000
0001005 pacote 227 removido de 002 na secao 000
0001006 pacote 221 removido de 002 na secao 000
0001007 pacote 207 removido de 002 na secao 000
0001008 pacote 205 removido de 002 na secao 000
0001009 pacote 198 removido de 002 na secao 000
0001010 pacote 196 removido de 002 na secao 000
0001011 pacote 184 removido de 002 na secao 000
0001012 pacote 179 removido de 002 na secao 000
0001013 pacote 177 removido de 002 na secao 000
0001014 pacote 174 removido de 002 na secao 000
0001015 pacote 172 removido de 002 na secao 000
0001016 pacote 154 removido de 002 na secao 000
0001017 pacote 149 removido de 002 na secao 000
0001018 pacote 148 removido de 002 na secao 000
0001019 pacote 146 removido de 002 na secao 000
0001020 pacote 145 removido de 002 na secao 000
0001021 pacote 143 removido de 002 na secao 000
0001022 pacote 142 removido de 002 na secao 000
0001023 pacote 136 removido de 002 na secao 000
0001024 pacote 132 removido de 002 na secao 000
0001025 pacote 131 removido de 002 na secao 000
0001026 pacote 120 removido de 002 na secao 000
0001027 pacote 116 removido de 002 na secao 000
0001028 pacote 113 removido de 002 na secao 000
0001029 pacote 111 removido de 002 na secao 000
0001030 pacote 104 removido de 002 na secao 000
0001030 pacote 104 em transito de 002 para 000
0001030 pacote 111 em transito de 002 para 000
0001030 pacote 113 rearmazenado em 002 na secao 000
0001030 pacote 116 rearmazenado em 002 na secao 000
0001030 pacote 120 rearmazenado em 002 na secao 000
0001030 pacote 131 rearmazenado em 002 na secao 000
0001030 pacote 132 rearmazenado em 002 na secao 000
0001030 pacote 136 rearmazenado em 002 na secao 000
0001030 pacote 142 rearmazenado em 002 na secao 000
0001030 pacote 143 rearmazenado em 002 na secao 000
0001030 pacote 145 rearmazenado em 002 na secao 000
0001030 pacote 146 rearmazenado em 002 na secao 000
0001030 pacote 148 rearmazenado em 002 na secao 000
0001030 pacote 149 rearmazenado em 002 na secao 000
0001030 pacote 154 rearmazenado em 002 na secao 000
0001030 pacote 172 rearmazenado em 002 na secao 000
0001030 pacote 174 rearmazenado em 002 na secao 000
0001030 pacote 177 rearmazenado em 002 na secao 000
0001030 pacote 179 rearmazenado em 002 na secao 000
0001030 pacote 184 rearmazenado em 002 na secao 000
0001030 pacote 196 rearmazenado em 002 na secao 000
0001030 pacote 198 rearmazenado em 002 na secao 000
0001030 pacote 205 rearmazenado em 002 na secao 000
0001030 pacote 207 rearmazenado em 002 na secao 000
0001030 pacote 221 rearmazenado em 002 na secao 000
0001030 pacote 227 rearmazenado em 002 na secao 000
0001030 pacote 228 rearmazenado em 002 na secao 000
0001030 pacote 230 rearmazenado em 002 na secao 000
0001003 pacote 231 removido de 003 na secao 001
0001004 pacote 229 removido de 003 na secao 001
0001005 pacote 223 removido de 003 na secao 001
0001006 pacote 219 removido de 003 na secao 001
0001007 pacote 216 removido de 003 na secao 001
0001008 pacote 212 removido de 003 na secao 001
0001009 pacote 210 removido de 003 na secao 001
0001010 pacote 201 removido de 003 na secao 001
0001011 pacote 199 removido de 003 na secao 001
0001012 pacote 195 removido de 003 na secao 001
0001013 pacote 192 removido de 003 na secao 001
0001014 pacote 188 removido de 003 na secao 001
0001015 pacote 182 removido de 003 na secao 001
0001016 pacote 181 removido de 003 na secao 001
0001017 pacote 178 removido de 003 na secao 001
0001018 pacote 164 removido de 003 na secao 001
0001019 pacote 159 removido de 003 na secao 001
0001020 pacote 152 removido de 003 na secao 001
0001021 pacote 144 removido de 003 na secao 001
0001022 pacote 129 removido de 003 na secao 001
0001023 pacote 127 removido de 003 na secao 001
0001024 pacote 126 removido de 003 na secao 001
0001025 pacote 123 removido de 003 na secao 001
0001026 pacote 121 removido de 003 na secao 001
0001027 pacote 119 removido de 003 na secao 001
0001028 pacote 117 removido de 003 na secao 001
0001029 pacote 115 removido de 003 na secao 001
0001030 pacote 107 removido de 003 na secao 001
0001031 pacote 105 removido de 003 na secao 001
0001032 pacote 102 removido de 003 na secao 001
0001032 pacote 102 em transito de 003 para 001
0001032 pacote 105 em transito de 003 para 001
0001032 pacote 107 rearmazenado em 003 na secao 001
0001032 pacote 115 rearmazenado em 003 na secao 001
0001032 pacote 117 rearmazenado em 003 na secao 001
0001032 pacote 119 rearmazenado em 003 na secao 001
0001032 pacote 121 rearmazenado em 003 na secao 001
0001032 pacote 123 rearmazenado em 003 na secao 001
0001032 pacote 126 rearmazenado em 003 na secao 001
0001032 pacote 127 rearmazenado em 003 na secao 001
0001032 pacote 129 rearmazenado em 003 na secao 001
0001032 pacote 144 rearmazenado em 003 na secao 001
0001032 pacote 152 rearmazenado em 003 na secao 001
0001032 pacote 159 rearmazenado em 003 na secao 001
0001032 pacote 164 rearmazenado em 003 na secao 001
0001032 pacote 178 rearmazenado em 003 na secao 001
0001032 pacote 181 rearmazenado em 003 na secao 001
0001032 pacote 182 rearmazenado em 003 na secao 001
0001032 pacote 188 rearmazenado em 003 na secao 001
0001032 pacote 192 rearmazenado em 003 na secao 001
0001032 pacote 195 rearmazenado em 003 na secao 001
0001032 pacote 199 rearmazenado em 003 na secao 001
0001032 pacote 201 rearmazenado em 003 na secao 001
0001032 pacote 210 rearmazenado em 003 na secao 001
0001032 pacote 212 rearmazenado em 003 na secao 001
0001032 pacote 216 rearmazenado em 003 na secao 001
0001032 pacote 219 rearmazenado em 003 na secao 001
0001032 pacote 223 rearmazenado em 003 na secao 001
0001032 pacote 229 rearmazenado em 003 na secao 001
0001032 pacote 231 rearmazenado em 003 na secao 001
0001003 pacote 224 removido de 004 na secao 000
0001004 pacote 078 removido de 004 na secao 000
0001005 pacote 064 removido de 004 na secao 000
0001006 pacote 214 removido de 004 na secao 000
0001007 pacote 208 removido de 004 na secao 000
0001008 pacote 203 removido de 004 na secao 000
0001009 pacote 053 removido de 004 na secao 000
0001010 pacote 186 removido de 004 na secao 000
0001011 pacote 183 removido de 004 na secao 000
0001012 pacote 180 removido de 004 na secao 000
0001013 pacote 175 removido de 004 na secao 000
0001014 pacote 173 removido de 004 na secao 000
0001015 pacote 042 removido de 004 na secao 000
0001016 pacote 017 removido de 004 na secao 000
0001017 pacote 162 removido de 004 na secao 000
0001018 pacote 155 removido de 004 na secao 000
0001019 pacote 151 removido de 004 na secao 000
0001020 pacote 150 removido de 004 na secao 000
0001021 pacote 147 removido de 004 na secao 000
0001022 pacote 037 removido de 004 na secao 000
0001023 pacote 034 removido de 004 na secao 000
0001024 pacote 108 removido de 004 na secao 000
0001025 pacote 106 removido de 004 na secao 000
0001025 pacote 106 em transito de 004 para 000
0001025 pacote 108 em transito de 004 para 000
0001025 pacote 034 rearmazenado em 004 na secao 000
0001025 pacote 037 rearmazenado em 004 na secao 000
0001025 pacote 147 rearmazenado em 004 na secao 000
0001025 pacote 150 rearmazenado em 004 na secao 000
0001025 pacote 151 rearmazenado em 004 na secao 000
0001025 pacote 155 rearmazenado em 004 na secao 000
0001025 pacote 162 rearmazenado em 004 na secao 000
0001025 pacote 017 rearmazenado em 004 na secao 000
0001025 pacote 042 rearmazenado em 004 na secao 000
0001025 pacote 173 rearmazenado em 004 na secao 000
0001025 pacote 175 rearmazenado em 004 na secao 000
0001025 pacote 180 rearmazenado em 004 na secao 000
0001025 pacote 183 rearmazenado em 004 na secao 000
0001025 pacote 186 rearmazenado em 004 na secao 000
0001025 pacote 053 rearmazenado em 004 na secao 000
0001025 pacote 203 rearmazenado em 004 na secao 000
0001025 pacote 208 rearmazenado em 004 na secao 000
0001025 pacote 214 rearmazenado em 004 na secao 000
0001025 pacote 064 rearmazenado em 004 na secao 000
0001025 pacote 078 rearmazenado em 004 na secao 000
0001025 pacote 224 rearmazenado em 004 na secao 000
0001003 pacote 234 removido de 004 na secao 001
0001004 pacote 232 removido de 004 na secao 001
0001005 pacote 090 removido de 004 na secao 001
0001006 pacote 215 removido de 004 na secao 001
0001007 pacote 213 removido de 004 na secao 001
0001008 pacote 200 removido de 004 na secao 001
0001009 pacote 088 removido de 004 na secao 001
0001010 pacote 191 removido de 004 na secao 001
0001011 pacote 036 removido de 004 na secao 001
0001012 pacote 158 removido de 004 na secao 001
0001013 pacote 067 removido de 004 na secao 001
0001014 pacote 066 removido de 004 na secao 001
0001015 pacote 133 removido de 004 na secao 001
0001016 pacote 130 removido de 004 na secao 001
0001017 pacote 125 removido de 004 na secao 001
0001018 pacote 055 removido de 004 na secao 001
0001019 pacote 050 removido de 004 na secao 001
0001020 pacote 118 removido de 004 na secao 001
0001021 pacote 101 removido de 004 na secao 001
0001022 pacote 026 removido de 004 na secao 001
0001022 pacote 026 em transito de 004 para 001
0001022 pacote 101 em transito de 004 para 001
0001022 pacote 118 rearmazenado em 004 na secao 001
0001022 pacote 050 rearmazenado em 004 na secao 001
0001022 pacote 055 rearmazenado em 004 na secao 001
0001022 pacote 125 rearmazenado em 004 na secao 001
0001022 pacote 130 rearmazenado em 004 na secao 001
0001022 pacote 133 rearmazenado em 004 na secao 001
0001022 pacote 066 rearmazenado em 004 na secao 001
0001022 pacote 067 rearmazenado em 004 na secao 001
0001022 pacote 158 rearmazenado em 004 na secao 001
0001022 pacote 036 rearmazenado em 004 na secao 001
0001022 pacote 191 rearmazenado em 004 na secao 001
0001022 pacote 088 rearmazenado em 004 na secao 001
0001022 pacote 200 rearmazenado em 004 na secao 001
0001022 pacote 213 rearmazenado em 004 na secao 001
0001022 pacote 215 rearmazenado em 004 na secao 001
0001022 pacote 090 rearmazenado em 004 na secao 001
0001022 pacote 232 rearmazenado em 004 na secao 001
0001022 pacote 234 rearmazenado em 004 na secao 001
0001008 pacote 235 armazenado em 003 na secao 001
0001015 pacote 236 armazenado em 001 na secao 004
0001021 pacote 237 armazenado em 001 na secao 004
0001026 pacote 087 entregue em 003
0001026 pacote 190 entregue em 003
0001027 pacote 185 entregue em 002
0001027 pacote 189 entregue em 002
0001030 pacote 238 armazenado em 002 na secao 000
0001036 pacote 239 armazenado em 000 na secao 004
0001037 pacote 240 armazenado em 001 na secao 003
0001042 pacote 026 entregue em 001
0001042 pacote 101 armazenado em 001 na secao 003
0001045 pacote 106 armazenado em 000 na secao 002
0001045 pacote 108 entregue em 000
0001046 pacote 241 armazenado em 003 na secao 001
0001048 pacote 058 armazenado em 004 na secao 000
0001048 pacote 059 armazenado em 004 na secao 000
0001048 pacote 103 armazenado em 004 na secao 001
0001048 pacote 112 armazenado em 004 na secao 001
0001050 pacote 104 entregue em 000
0001050 pacote 111 armazenado em 000 na secao 004
0001051 pacote 242 armazenado em 003 na secao 001
0001052 pacote 102 entregue em 001
0001052 pacote 105 armazenado em 001 na secao 004
0001057 pacote 243 armazenado em 001 na secao 004
0001058 pacote 244 armazenado em 004 na secao 000
0001061 pacote 245 armazenado em 004 na secao 000
0001064 pacote 246 armazenado em 002 na secao 000
0001070 pacote 247 armazenado em 004 na secao 000
0001075 pacote 248 armazenado em 004 na secao 001
0001083 pacote 249 armazenado em 004 na secao 000
0001085 pacote 250 armazenado em 002 na secao 000
0001085 pacote 251 armazenado em 004 na secao 001
0001086 pacote 252 armazenado em 003 na secao 001
0001090 pacote 253 armazenado em 003 na secao 001
0001095 pacote 254 armazenado em 003 na secao 001
0001099 pacote 255 armazenado em 003 na secao 001
0001103 pacote 106 removido de 000 na secao 002
0001104 pacote 225 removido de 000 na secao 002
0001105 pacote 209 removido de 000 na secao 002
0001106 pacote 024 removido de 000 na secao 002
0001106 pacote 024 em transito de 000 para 002
0001106 pacote 209 em transito de 000 para 002
0001106 pacote 225 rearmazenado em 000 na secao 002
0001106 pacote 106 rearmazenado em 000 na secao 002
0001103 pacote 111 removido de 000 na secao 004
0001104 pacote 239 removido de 000 na secao 004
0001105 pacote 233 removido de 000 na secao 004
0001106 pacote 099 removido de 000 na secao 004
0001107 pacote 097 removido de 000 na secao 004
0001108 pacote 220 removido de 000 na secao 004
0001109 pacote 217 removido de 000 na secao 004
0001110 pacote 202 removido de 000 na secao 004
0001111 pacote 094 removido de 000 na secao 004
0001112 pacote 091 removido de 000 na secao 004
0001113 pacote 193 removido de 000 na secao 004
0001114 pacote 187 removido de 000 na secao 004
0001115 pacote 176 removido de 000 na secao 004
0001116 pacote 086 removido de 000 na secao 004
0001117 pacote 083 removido de 000 na secao 004
0001118 pacote 171 removido de 000 na secao 004
0001119 pacote 170 removido de 000 na secao 004
0001120 pacote 169 removido de 000 na secao 004
0001121 pacote 165 removido de 000 na secao 004
0001122 pacote 161 removido de 000 na secao 004
0001123 pacote 156 removido de 000 na secao 004
0001124 pacote 153 removido de 000 na secao 004
0001125 pacote 081 removido de 000 na secao 004
0001126 pacote 077 removido de 000 na secao 004
0001127 pacote 140 removido de 000 na secao 004
0001128 pacote 048 removido de 000 na secao 004
0001128 pacote 048 em transito de 000 para 004
0001128 pacote 140 em transito de 000 para 004
0001128 pacote 077 rearmazenado em 000 na secao 004
0001128 pacote 081 rearmazenado em 000 na secao 004
0001128 pacote 153 rearmazenado em 000 na secao 004
0001128 pacote 156 rearmazenado em 000 na secao 004
0001128 pacote 161 rearmazenado em 000 na secao 004
0001128 pacote 165 rearmazenado em 000 na secao 004
0001128 pacote 169 rearmazenado em 000 na secao 004
0001128 pacote 170 rearmazenado em 000 na secao 004
0001128 pacote 171 rearmazenado em 000 na secao 004
0001128 pacote 083 rearmazenado em 000 na secao 004
0001128 pacote 086 rearmazenado em 000 na secao 004
0001128 pacote 176 rearmazenado em 000 na secao 004
0001128 pacote 187 rearmazenado em 000 na secao 004
0001128 pacote 193 rearmazenado em 000 na secao 004
0001128 pacote 091 rearmazenado em 000 na secao 004
0001128 pacote 094 rearmazenado em 000 na secao 004
0001128 pacote 202 rearmazenado em 000 na secao 004
0001128 pacote 217 rearmazenado em 000 na secao 004
0001128 pacote 220 rearmazenado em 000 na secao 004
0001128 pacote 097 rearmazenado em 000 na secao 004
0001128 pacote 099 rearmazenado em 000 na secao 004
0001128 pacote 233 rearmazenado em 000 na secao 004
0001128 pacote 239 rearmazenado em 000 na secao 004
0001128 pacote 111 rearmazenado em 000 na secao 004
0001103 pacote 101 removido de 001 na secao 003
0001104 pacote 240 removido de 001 na secao 003
0001105 pacote 206 removido de 001 na secao 003
0001106 pacote 197 removido de 001 na secao 003
0001106 pacote 197 em transito de 001 para 003
0001106 pacote 206 em transito de 001 para 003
0001106 pacote 240 rearmazenado em 001 na secao 003
0001106 pacote 101 rearmazenado em 001 na secao 003
0001103 pacote 243 removido de 001 na secao 004
0001104 pacote 105 removido de 001 na secao 004
0001105 pacote 237 removido de 001 na secao 004
0001106 pacote 236 removido de 001 na secao 004
0001107 pacote 226 removido de 001 na secao 004
0001108 pacote 098 removido de 001 na secao 004
0001109 pacote 095 removido de 001 na secao 004
0001110 pacote 222 removido de 001 na secao 004
0001111 pacote 218 removido de 001 na secao 004
0001112 pacote 211 removido de 001 na secao 004
0001113 pacote 204 removido de 001 na secao 004
0001114 pacote 082 removido de 001 na secao 004
0001115 pacote 194 removido de 001 na secao 004
0001116 pacote 080 removido de 001 na secao 004
0001117 pacote 167 removido de 001 na secao 004
0001118 pacote 163 removido de 001 na secao 004
0001119 pacote 073 removido de 001 na secao 004
0001120 pacote 141 removido de 001 na secao 004
0001121 pacote 139 removido de 001 na secao 004
0001122 pacote 138 removido de 001 na secao 004
0001123 pacote 137 removido de 001 na secao 004
0001124 pacote 135 removido de 001 na secao 004
0001125 pacote 128 removido de 001 na secao 004
0001126 pacote 124 removido de 001 na secao 004
0001127 pacote 062 removido de 001 na secao 004
0001128 pacote 061 removido de 001 na secao 004
0001129 pacote 109 removido de 001 na secao 004
0001130 pacote 096 removido de 001 na secao 004
0001130 pacote 096 em transito de 001 para 004
0001130 pacote 109 em transito de 001 para 004
0001130 pacote 061 rearmazenado em 001 na secao 004
0001130 pacote 062 rearmazenado em 001 na secao 004
0001130 pacote 124 rearmazenado em 001 na secao 004
0001130 pacote 128 rearmazenado em 001 na secao 004
0001130 pacote 135 rearmazenado em 001 na secao 004
0001130 pacote 137 rearmazenado em 001 na secao 004
0001130 pacote 138 rearmazenado em 001 na secao 004
0001130 pacote 139 rearmazenado em 001 na secao 004
0001130 pacote 141 rearmazenado em 001 na secao 004
0001130 pacote 073 rearmazenado em 001 na secao 004
0001130 pacote 163 rearmazenado em 001 na secao 004
0001130 pacote 167 rearmazenado em 001 na secao 004
0001130 pacote 080 rearmazenado em 001 na secao 004
0001130 pacote 194 rearmazenado em 001 na secao 004
0001130 pacote 082 rearmazenado em 001 na secao 004
0001130 pacote 204 rearmazenado em 001 na secao 004
0001130 pacote 211 rearmazenado em 001 na secao 004
0001130 pacote 218 rearmazenado em 001 na secao 004
0001130 pacote 222 rearmazenado em 001 na secao 004
0001130 pacote 095 rearmazenado em 001 na secao 004
0001130 pacote 098 rearmazenado em 001 na secao 004
0001130 pacote 226 rearmazenado em 001 na secao 004
0001130 pacote 236 rearmazenado em 001 na secao 004
0001130 pacote 237 rearmazenado em 001 na secao 004
0001130 pacote 105 rearmazenado em 001 na secao 004
0001130 pacote 243 rearmazenado em 001 na secao 004
0001103 pacote 250 removido de 002 na secao 000
0001104 pacote 246 removido de 002 na secao 000
0001105 pacote 238 removido de 002 na secao 000
0001106 pacote 230 removido de 002 na secao 000
0001107 pacote 228 removido de 002 na secao 000
0001108 pacote 227 removido de 002 na secao 000
0001109 pacote 221 removido de 002 na secao 000
0001110 pacote 207 removido de 002 na secao 000
0001111 pacote 205 removido de 002 na secao 000
0001112 pacote 198 removido de 002 na secao 000
0001113 pacote 196 removido de 002 na secao 000
0001114 pacote 184 removido de 002 na secao 000
0001115 pacote 179 removido de 002 na secao 000
0001116 pacote 177 removido de 002 na secao 000
0001117 pacote 174 removido de 002 na secao 000
0001118 pacote 172 removido de 002 na secao 000
0001119 pacote 154 removido de 002 na secao 000
0001120 pacote 149 removido de 002 na secao 000
0001121 pacote 148 removido de 002 na secao 000
0001122 pacote 146 removido de 002 na secao 000
0001123 pacote 145 removido de 002 na secao 000
0001124 pacote 143 removido de 002 na secao 000
0001125 pacote 142 removido de 002 na secao 000
0001126 pacote 136 removido de 002 na secao 000
0001127 pacote 132 removido de 002 na secao 000
0001128 pacote 131 removido de 002 na secao 000
0001129 pacote 120 removido de 002 na secao 000
0001130 pacote 116 removido de 002 na secao 000
0001131 pacote 113 removido de 002 na secao 000
0001131 pacote 113 em transito de 002 para 000
0001131 pacote 116 em transito de 002 para 000
0001131 pacote 120 rearmazenado em 002 na secao 000
0001131 pacote 131 rearmazenado em 002 na secao 000
0001131 pacote 132 rearmazenado em 002 na secao 000
0001131 pacote 136 rearmazenado em 002 na secao 000
0001131 pacote 142 rearmazenado em 002 na secao 000
0001131 pacote 143 rearmazenado em 002 na secao 000
0001131 pacote 145 rearmazenado em 002 na secao 000
0001131 pacote 146 rearmazenado em 002 na secao 000
0001131 pacote 148 rearmazenado em 002 na secao 000
0001131 pacote 149 rearmazenado em 002 na secao 000
0001131 pacote 154 rearmazenado em 002 na secao 000
0001131 pacote 172 rearmazenado em 002 na secao 000
0001131 pacote 174 rearmazenado em 002 na secao 000
0001131 pacote 177 rearmazenado em 002 na secao 000
0001131 pacote 179 rearmazenado em 002 na secao 000
0001131 pacote 184 rearmazenado em 002 na secao 000
0001131 pacote 196 rearmazenado em 002 na secao 000
0001131 pacote 198 rearmazenado em 002 na secao 000
0001131 pacote 205 rearmazenado em 002 na secao 000
0001131 pacote 207 rearmazenado em 002 na secao 000
0001131 pacote 221 rearmazenado em 002 na secao 000
0001131 pacote 227 rearmazenado em 002 na secao 000
0001131 pacote 228 rearmazenado em 002 na secao 000
0001131 pacote 230 rearmazenado em 002 na secao 000
0001131 pacote 238 rearmazenado em 002 na secao 000
0001131 pacote 246 rearmazenado em 002 na secao 000
0001131 pacote 250 rearmazenado em 002 na secao 000
0001103 pacote 255 removido de 003 na secao 001
0001104 pacote 254 removido de 003 na secao 001
0001105 pacote 253 removido de 003 na secao 001
0001106 pacote 252 removido de 003 na secao 001
0001107 pacote 242 removido de 003 na secao 001
0001108 pacote 241 removido de 003 na secao 001
0001109 pacote 235 removido de 003 na secao 001
0001110 pacote 231 removido de 003 na secao 001
0001111 pacote 229 removido de 003 na secao 001
0001112 pacote 223 removido de 003 na secao 001
0001113 pacote 219 removido de 003 na secao 001
0001114 pacote 216 removido de 003 na secao 001
0001115 pacote 212 removido de 003 na secao 001
0001116 pacote 210 removido de 003 na secao 001
0001117 pacote 201 removido de 003 na secao 001
0001118 pacote 199 removido de 003 na secao 001
0001119 pacote 195 removido de 003 na secao 001
0001120 pacote 192 removido de 003 na secao 001
0001121 pacote 188 removido de 003 na secao 001
0001122 pacote 182 removido de 003 na secao 001
0001123 pacote 181 removido de 003 na secao 001
0001124 pacote 178 removido de 003 na secao 001
0001125 pacote 164 removido de 003 na secao 001
0001126 pacote 159 removido de 003 na secao 001
0001127 pacote 152 removido de 003 na secao 001
0001128 pacote 144 removido de 003 na secao 001
0001129 pacote 129 removido de 003 na secao 001
0001130 pacote 127 removido de 003 na secao 001
0001131 pacote 126 removido de 003 na secao 001
0001132 pacote 123 removido de 003 na secao 001
0001133 pacote 121 removido de 003 na secao 001
0001134 pacote 119 removido de 003 na secao 001
0001135 pacote 117 removido de 003 na secao 001
0001136 pacote 115 removido de 003 na secao 001
0001137 pacote 107 removido de 003 na secao 001
0001137 pacote 107 em transito de 003 para 001
0001137 pacote 115 em transito de 003 para 001
0001137 pacote 117 rearmazenado em 003 na secao 001
0001137 pacote 119 rearmazenado em 003 na secao 001
0001137 pacote 121 rearmazenado em 003 na secao 001
0001137 pacote 123 rearmazenado em 003 na secao 001
0001137 pacote 126 rearmazenado em 003 na secao 001
0001137 pacote 127 rearmazenado em 003 na secao 001
0001137 pacote 129 rearmazenado em 003 na secao 001
0001137 pacote 144 rearmazenado em 003 na secao 001
0001137 pacote 152 rearmazenado em 003 na secao 001
0001137 pacote 159 rearmazenado em 003 na secao 001
0001137 pacote 164 rearmazenado em 003 na secao 001
0001137 pacote 178 rearmazenado em 003 na secao 001
0001137 pacote 181 rearmazenado em 003 na secao 001
0001137 pacote 182 rearmazenado em 003 na secao 001
0001137 pacote 188 rearmazenado em 003 na secao 001
0001137 pacote 192 rearmazenado em 003 na secao 001
0001137 pacote 195 rearmazenado em 003 na secao 001
0001137 pacote 199 rearmazenado em 003 na secao 001
0001137 pacote 201 rearmazenado em 003 na secao 001
0001137 pacote 210 rearmazenado em 003 na secao 001
0001137 pacote 212 rearmazenado em 003 na secao 001
0001137 pacote 216 rearmazenado em 003 na secao 001
0001137 pacote 219 rearmazenado em 003 na secao 001
0001137 pacote 223 rearmazenado em 003 na secao 001
0001137 pacote 229 rearmazenado em 003 na secao 001
0001137 pacote 231 rearmazenado em 003 na secao 001
0001137 pacote 235 rearmazenado em 003 na secao 001
0001137 pacote 241 rearmazenado em 003 na secao 001
0001137 pacote 242 rearmazenado em 003 na secao 001
0001137 pacote 252 rearmazenado em 003 na secao 001
0001137 pacote 253 rearmazenado em 003 na secao 001
0001137 pacote 254 rearmazenado em 003 na secao 001
0001137 pacote 255 rearmazenado em 003 na secao 001
0001103 pacote 249 removido de 004 na secao 000
0001104 pacote 247 removido de 004 na secao 000
0001105 pacote 245 removido de 004 na secao 000
0001106 pacote 244 removido de 004 na secao 000
0001107 pacote 059 removido de 004 na secao 000
0001108 pacote 058 removido de 004 na secao 000
0001109 pacote 224 removido de 004 na secao 000
0001110 pacote 078 removido de 004 na secao 000
0001111 pacote 064 removido de 004 na secao 000
0001112 pacote 214 removido de 004 na secao 000
0001113 pacote 208 removido de 004 na secao 000
0001114 pacote 203 removido de 004 na secao 000
0001115 pacote 053 removido de 004 na secao 000
0001116 pacote 186 removido de 004 na secao 000
0001117 pacote 183 removido de 004 na secao 000
0001118 pacote 180 removido de 004 na secao 000
0001119 pacote 175 removido de 004 na secao 000
0001120 pacote 173 removido de 004 na secao 000
0001121 pacote 042 removido de 004 na secao 000
0001122 pacote 017 removido de 004 na secao 000
0001123 pacote 162 removido de 004 na secao 000
0001124 pacote 155 removido de 004 na secao 000
0001125 pacote 151 removido de 004 na secao 000
0001126 pacote 150 removido de 004 na secao 000
0001127 pacote 147 removido de 004 na secao 000
0001128 pacote 037 removido de 004 na secao 000
0001129 pacote 034 removido de 004 na secao 000
0001129 pacote 034 em transito de 004 para 000
0001129 pacote 037 em transito de 004 para 000
0001129 pacote 147 rearmazenado em 004 na secao 000
0001129 pacote 150 rearmazenado em 004 na secao 000
0001129 pacote 151 rearmazenado em 004 na secao 000
0001129 pacote 155 rearmazenado em 004 na secao 000
0001129 pacote 162 rearmazenado em 004 na secao 000
0001129 pacote 017 rearmazenado em 004 na secao 000
0001129 pacote 042 rearmazenado em 004 na secao 000
0001129 pacote 173 rearmazenado em 004 na secao 000
0001129 pacote 175 rearmazenado em 004 na secao 000
0001129 pacote 180 rearmazenado em 004 na secao 000
0001129 pacote 183 rearmazenado em 004 na secao 000
0001129 pacote 186 rearmazenado em 004 na secao 000
0001129 pacote 053 rearmazenado em 004 na secao 000
0001129 pacote 203 rearmazenado em 004 na secao 000
0001129 pacote 208 rearmazenado em 004 na secao 000
0001129 pacote 214 rearmazenado em 004 na secao 000
0001129 pacote 064 rearmazenado em 004 na secao 000
0001129 pacote 078 rearmazenado em 004 na secao 000
0001129 pacote 224 rearmazenado em 004 na secao 000
0001129 pacote 058 rearmazenado em 004 na secao 000
0001129 pacote 059 rearmazenado em 004 na secao 000
0001129 pacote 244 rearmazenado em 004 na secao 000
0001129 pacote 245 rearmazenado em 004 na secao 000
0001129 pacote 247 rearmazenado em 004 na secao 000
0001129 pacote 249 rearmazenado em 004 na secao 000
0001103 pacote 251 removido de 004 na secao 001
0001104 pacote 248 removido de 004 na secao 001
0001105 pacote 112 removido de 004 na secao 001
0001106 pacote 103 removido de 004 na secao 001
0001107 pacote 234 removido de 004 na secao 001
0001108 pacote 232 removido de 004 na secao 001
0001109 pacote 090 removido de 004 na secao 001
0001110 pacote 215 removido de 004 na secao 001
0001111 pacote 213 removido de 004 na secao 001
0001112 pacote 200 removido de 004 na secao 001
0001113 pacote 088 removido de 004 na secao 001
0001114 pacote 191 removido de 004 na secao 001
0001115 pacote 036 removido de 004 na secao 001
0001116 pacote 158 removido de 004 na secao 001
0001117 pacote 067 removido de 004 na secao 001
0001118 pacote 066 removido de 004 na secao 001
0001119 pacote 133 removido de 004 na secao 001
0001120 pacote 130 removido de 004 na secao 001
0001121 pacote 125 removido de 004 na secao 001
0001122 pacote 055 removido de 004 na secao 001
0001123 pacote 050 removido de 004 na secao 001
0001124 pacote 118 removido de 004 na secao 001
0001124 pacote 118 em transito de 004 para 001
0001124 pacote 050 em transito de 004 para 001
0001124 pacote 055 rearmazenado em 004 na secao 001
0001124 pacote 125 rearmazenado em 004 na secao 001
0001124 pacote 130 rearmazenado em 004 na secao 001
0001124 pacote 133 rearmazenado em 004 na secao 001
0001124 pacote 066 rearmazenado em 004 na secao 001
0001124 pacote 067 rearmazenado em 004 na secao 001
0001124 pacote 158 rearmazenado em 004 na secao 001
0001124 pacote 036 rearmazenado em 004 na secao 001
0001124 pacote 191 rearmazenado em 004 na secao 001
0001124 pacote 088 rearmazenado em 004 na secao 001
0001124 pacote 200 rearmazenado em 004 na secao 001
0001124 pacote 213 rearmazenado em 004 na secao 001
0001124 pacote 215 rearmazenado em 004 na secao 001
0001124 pacote 090 rearmazenado em 004 na secao 001
0001124 pacote 232 rearmazenado em 004 na secao 001
0001124 pacote 234 rearmazenado em 004 na secao 001
0001124 pacote 103 rearmazenado em 004 na secao 001
0001124 pacote 112 rearmazenado em 004 na secao 001
0001124 pacote 248 rearmazenado em 004 na secao 001
0001124 pacote 251 rearmazenado em 004 na secao 001
0001108 pacote 256 armazenado em 003 na secao 001
0001113 pacote 257 armazenado em 002 na secao 000
0001119 pacote 258 armazenado em 004 na secao 001
0001126 pacote 024 entregue em 002
0001126 pacote 197 entregue em 003
0001126 pacote 206 entregue em 003
0001126 pacote 209 entregue em 002
0001127 pacote 259 armazenado em 003 na secao 001
0001128 pacote 260 armazenado em 001 na secao 004
0001133 pacote 261 armazenado em 002 na secao 000
0001134 pacote 262 armazenado em 004 na secao 001
0001140 pacote 263 armazenado em 000 na secao 004
0001144 pacote 050 entregue em 001
0001144 pacote 118 armazenado em 001 na secao 003
0001147 pacote 264 armazenado em 002 na secao 000
0001148 pacote 048 armazenado em 004 na secao 001
0001148 pacote 140 armazenado em 004 na secao 001
0001149 pacote 034 armazenado em 000 na secao 002
0001149 pacote 037 entregue em 000
0001150 pacote 096 armazenado em 004 na secao 000
0001150 pacote 109 armazenado em 004 na secao 000
0001151 pacote 113 armazenado em 000 na secao 004
0001151 pacote 116 armazenado em 000 na secao 004
0001153 pacote 265 armazenado em 000 na secao 002
0001157 pacote 107 entregue em 001
0001157 pacote 115 armazenado em 001 na secao 004
0001161 pacote 266 armazenado em 002 na secao 000
0001163 pacote 267 armazenado em 004 na secao 000
0001169 pacote 268 armazenado em 000 na secao 004
0001175 pacote 269 armazenado em 001 na secao 004
0001180 pacote 270 armazenado em 001 na secao 004
0001180 pacote 271 armazenado em 003 na secao 001
0001182 pacote 272 armazenado em 001 na secao 003
0001182 pacote 273 armazenado em 001 na secao 004
0001187 pacote 274 armazenado em 003 na secao 001
0001192 pacote 275 armazenado em 000 na secao 004
0001200 pacote 276 armazenado em 003 na secao 001
0001203 pacote 265 removido de 000 na secao 002
0001204 pacote 034 removido de 000 na secao 002
0001205 pacote 106 removido de 000 na secao 002
0001206 pacote 225 removido de 000 na secao 002
0001206 pacote 225 em transito de 000 para 002
0001206 pacote 106 em transito de 000 para 002
0001206 pacote 034 rearmazenado em 000 na secao 002
0001206 pacote 265 rearmazenado em 000 na secao 002
0001203 pacote 275 removido de 000 na secao 004
0001204 pacote 268 removido de 000 na secao 004
0001205 pacote 116 removido de 000 na secao 004
0001206 pacote 113 removido de 000 na secao 004
0001207 pacote 263 removido de 000 na secao 004
0001208 pacote 111 removido de 000 na secao 004
0001209 pacote 239 removido de 000 na secao 004
0001210 pacote 233 removido de 000 na secao 004
0001211 pacote 099 removido de 000 na secao 004
0001212 pacote 097 removido de 000 na secao 004
0001213 pacote 220 removido de 000 na secao 004
0001214 pacote 217 removido de 000 na secao 004
0001215 pacote 202 removido de 000 na secao 004
0001216 pacote 094 removido de 000 na secao 004
0001217 pacote 091 removido de 000 na secao 004
0001218 pacote 193 removido de 000 na secao 004
0001219 pacote 187 removido de 000 na secao 004
0001220 pacote 176 removido de 000 na secao 004
0001221 pacote 086 removido de 000 na secao 004
0001222 pacote 083 removido de 000 na secao 004
0001223 pacote 171 removido de 000 na secao 004
0001224 pacote 170 removido de 000 na secao 004
0001225 pacote 169 removido de 000 na secao 004
0001226 pacote 165 removido de 000 na secao 004
0001227 pacote 161 removido de 000 na secao 004
0001228 pacote 156 removido de 000 na secao 004
0001229 pacote 153 removido de 000 na secao 004
0001230 pacote 081 removido de 000 na secao 004
0001231 pacote 077 removido de 000 na secao 004
0001231 pacote 077 em transito de 000 para 004
0001231 pacote 081 em transito de 000 para 004
0001231 pacote 153 rearmazenado em 000 na secao 004
0001231 pacote 156 rearmazenado em 000 na secao 004
0001231 pacote 161 rearmazenado em 000 na secao 004
0001231 pacote 165 rearmazenado em 000 na secao 004
0001231 pacote 169 rearmazenado em 000 na secao 004
0001231 pacote 170 rearmazenado em 000 na secao 004
0001231 pacote 171 rearmazenado em 000 na secao 004
0001231 pacote 083 rearmazenado em 000 na secao 004
0001231 pacote 086 rearmazenado em 000 na secao 004
0001231 pacote 176 rearmazenado em 000 na secao 004
0001231 pacote 187 rearmazenado em 000 na secao 004
0001231 pacote 193 rearmazenado em 000 na secao 004
0001231 pacote 091 rearmazenado em 000 na secao 004
0001231 pacote 094 rearmazenado em 000 na secao 004
0001231 pacote 202 rearmazenado em 000 na secao 004
0001231 pacote 217 rearmazenado em 000 na secao 004
0001231 pacote 220 rearmazenado em 000 na secao 004
0001231 pacote 097 rearmazenado em 000 na secao 004
0001231 pacote 099 rearmazenado em 000 na secao 004
0001231 pacote 233 rearmazenado em 000 na secao 004
0001231 pacote 239 rearmazenado em 000 na secao 004
0001231 pacote 111 rearmazenado em 000 na secao 004
0001231 pacote 263 rearmazenado em 000 na secao 004
0001231 pacote 113 rearmazenado em 000 na secao 004
0001231 pacote 116 rearmazenado em 000 na secao 004
0001231 pacote 268 rearmazenado em 000 na secao 004
0001231 pacote 275 rearmazenado em 000 na secao 004
0001203 pacote 272 removido de 001 na secao 003
0001204 pacote 118 removido de 001 na secao 003
0001205 pacote 101 removido de 001 na secao 003
0001206 pacote 240 removido de 001 na secao 003
0001206 pacote 240 em transito de 001 para 003
0001206 pacote 101 em transito de 001 para 003
0001206 pacote 118 rearmazenado em 001 na secao 003
0001206 pacote 272 rearmazenado em 001 na secao 003
0001203 pacote 273 removido de 001 na secao 004
0001204 pacote 270 removido de 001 na secao 004
0001205 pacote 269 removido de 001 na secao 004
0001206 pacote 115 removido de 001 na secao 004
0001207 pacote 260 removido de 001 na secao 004
0001208 pacote 243 removido de 001 na secao 004
0001209 pacote 105 removido de 001 na secao 004
0001210 pacote 237 removido de 001 na secao 004
0001211 pacote 236 removido de 001 na secao 004
0001212 pacote 226 removido de 001 na secao 004
0001213 pacote 098 removido de 001 na secao 004
0001214 pacote 095 removido de 001 na secao 004
0001215 pacote 222 removido de 001 na secao 004
0001216 pacote 218 removido de 001 na secao 004
0001217 pacote 211 removido de 001 na secao 004
0001218 pacote 204 removido de 001 na secao 004
0001219 pacote 082 removido de 001 na secao 004
0001220 pacote 194 removido de 001 na secao 004
0001221 pacote 080 removido de 001 na secao 004
0001222 pacote 167 removido de 001 na secao 004
0001223 pacote 163 removido de 001 na secao 004
0001224 pacote 073 removido de 001 na secao 004
0001225 pacote 141 removido de 001 na secao 004
0001226 pacote 139 removido de 001 na secao 004
0001227 pacote 138 removido de 001 na secao 004
0001228 pacote 137 removido de 001 na secao 004
0001229 pacote 135 removido de 001 na secao 004
0001230 pacote 128 removido de 001 na secao 004
0001231 pacote 124 removido de 001 na secao 004
0001232 pacote 062 removido de 001 na secao 004
0001233 pacote 061 removido de 001 na secao 004
0001233 pacote 061 em transito de 001 para 004
0001233 pacote 062 em transito de 001 para 004
0001233 pacote 124 rearmazenado em 001 na secao 004
0001233 pacote 128 rearmazenado em 001 na secao 004
0001233 pacote 135 rearmazenado em 001 na secao 004
0001233 pacote 137 rearmazenado em 001 na secao 004
0001233 pacote 138 rearmazenado em 001 na secao 004
0001233 pacote 139 rearmazenado em 001 na secao 004
0001233 pacote 141 rearmazenado em 001 na secao 004
0001233 pacote 073 rearmazenado em 001 na secao 004
0001233 pacote 163 rearmazenado em 001 na secao 004
0001233 pacote 167 rearmazenado em 001 na secao 004
0001233 pacote 080 rearmazenado em 001 na secao 004
0001233 pacote 194 rearmazenado em 001 na secao 004
0001233 pacote 082 rearmazenado em 001 na secao 004
0001233 pacote 204 rearmazenado em 001 na secao 004
0001233 pacote 211 rearmazenado em 001 na secao 004
0001233 pacote 218 rearmazenado em 001 na secao 004
0001233 pacote 222 rearmazenado em 001 na secao 004
0001233 pacote 095 rearmazenado em 001 na secao 004
0001233 pacote 098 rearmazenado em 001 na secao 004
0001233 pacote 226 rearmazenado em 001 na secao 004
0001233 pacote 236 rearmazenado em 001 na secao 004
0001233 pacote 237 rearmazenado em 001 na secao 004
0001233 pacote 105 rearmazenado em 001 na secao 004
0001233 pacote 243 rearmazenado em 001 na secao 004
0001233 pacote 260 rearmazenado em 001 na secao 004
0001233 pacote 115 rearmazenado em 001 na secao 004
0001233 pacote 269 rearmazenado em 001 na secao 004
0001233 pacote 270 rearmazenado em 001 na secao 004
0001233 pacote 273 rearmazenado em 001 na secao 004
0001203 pacote 266 removido de 002 na secao 000
0001204 pacote 264 removido de 002 na secao 000
0001205 pacote 261 removido de 002 na secao 000
0001206 pacote 257 removido de 002 na secao 000
0001207 pacote 250 removido de 002 na secao 000
0001208 pacote 246 removido de 002 na secao 000
0001209 pacote 238 removido de 002 na secao 000
0001210 pacote 230 removido de 002 na secao 000
0001211 pacote 228 removido de 002 na secao 000
0001212 pacote 227 removido de 002 na secao 000
0001213 pacote 221 removido de 002 na secao 000
0001214 pacote 207 removido de 002 na secao 000
0001215 pacote 205 removido de 002 na secao 000
0001216 pacote 198 removido de 002 na secao 000
0001217 pacote 196 removido de 002 na secao 000
0001218 pacote 184 removido de 002 na secao 000
0001219 pacote 179 removido de 002 na secao 000
0001220 pacote 177 removido de 002 na secao 000
0001221 pacote 174 removido de 002 na secao 000
0001222 pacote 172 removido de 002 na secao 000
0001223 pacote 154 removido de 002 na secao 000
0001224 pacote 149 removido de 002 na secao 000
0001225 pacote 148 removido de 002 na secao 000
0001226 pacote 146 removido de 002 na secao 000
0001227 pacote 145 removido de 002 na secao 000
0001228 pacote 143 removido de 002 na secao 000
0001229 pacote 142 removido de 002 na secao 000
0001230 pacote 136 removido de 002 na secao 000
0001231 pacote 132 removido de 002 na secao 000
0001232 pacote 131 removido de 002 na secao 000
0001233 pacote 120 removido de 002 na secao 000
0001233 pacote 120 em transito de 002 para 000
0001233 pacote 131 em transito de 002 para 000
0001233 pacote 132 rearmazenado em 002 na secao 000
0001233 pacote 136 rearmazenado em 002 na secao 000
0001233 pacote 142 rearmazenado em 002 na secao 000
0001233 pacote 143 rearmazenado em 002 na secao 000
0001233 pacote 145 rearmazenado em 002 na secao 000
0001233 pacote 146 rearmazenado em 002 na secao 000
0001233 pacote 148 rearmazenado em 002 na secao 000
0001233 pacote 149 rearmazenado em 002 na secao 000
0001233 pacote 154 rearmazenado em 002 na secao 000
0001233 pacote 172 rearmazenado em 002 na secao 000
0001233 pacote 174 rearmazenado em 002 na secao 000
0001233 pacote 177 rearmazenado em 002 na secao 000
0001233 pacote 179 rearmazenado em 002 na secao 000
0001233 pacote 184 rearmazenado em 002 na secao 000
0001233 pacote 196 rearmazenado em 002 na secao 000
0001233 pacote 198 rearmazenado em 002 na secao 000
0001233 pacote 205 rearmazenado em 002 na secao 000
0001233 pacote 207 rearmazenado em 002 na secao 000
0001233 pacote 221 rearmazenado em 002 na secao 000
0001233 pacote 227 rearmazenado em 002 na secao 000
0001233 pacote 228 rearmazenado em 002 na secao 000
0001233 pacote 230 rearmazenado em 002 na secao 000
0001233 pacote 238 rearmazenado em 002 na secao 000
0001233 pacote 246 rearmazenado em 002 na secao 000
0001233 pacote 250 rearmazenado em 002 na secao 000
0001233 pacote 257 rearmazenado em 002 na secao 000
0001233 pacote 261 rearmazenado em 002 na secao 000
0001233 pacote 264 rearmazenado em 002 na secao 000
0001233 pacote 266 rearmazenado em 002 na secao 000
0001203 pacote 276 removido de 003 na secao 001
0001204 pacote 274 removido de 003 na secao 001
0001205 pacote 271 removido de 003 na secao 001
0001206 pacote 259 removido de 003 na secao 001
0001207 pacote 256 removido de 003 na secao 001
0001208 pacote 255 removido de 003 na secao 001
0001209 pacote 254 removido de 003 na secao 001
0001210 pacote 253 removido de 003 na secao 001
0001211 pacote 252 removido de 003 na secao 001
0001212 pacote 242 removido de 003 na secao 001
0001213 pacote 241 removido de 003 na secao 001
0001214 pacote 235 removido de 003 na secao 001
0001215 pacote 231 removido de 003 na secao 001
0001216 pacote 229 removido de 003 na secao 001
0001217 pacote 223 removido de 003 na secao 001
0001218 pacote 219 removido de 003 na secao 001
0001219 pacote 216 removido de 003 na secao 001
0001220 pacote 212 removido de 003 na secao 001
0001221 pacote 210 removido de 003 na secao 001
0001222 pacote 201 removido de 003 na secao 001
0001223 pacote 199 removido de 003 na secao 001
0001224 pacote 195 removido de 003 na secao 001
0001225 pacote 192 removido de 003 na secao 001
0001226 pacote 188 removido de 003 na secao 001
0001227 pacote 182 removido de 003 na secao 001
0001228 pacote 181 removido de 003 na secao 001
0001229 pacote 178 removido de 003 na secao 001
0001230 pacote 164 removido de 003 na secao 001
0001231 pacote 159 removido de 003 na secao 001
0001232 pacote 152 removido de 003 na secao 001
0001233 pacote 144 removido de 003 na secao 001
0001234 pacote 129 removido de 003 na secao 001
0001235 pacote 127 removido de 003 na secao 001
0001236 pacote 126 removido de 003 na secao 001
0001237 pacote 123 removido de 003 na secao 001
0001238 pacote 121 removido de 003 na secao 001
0001239 pacote 119 removido de 003 na secao 001
0001240 pacote 117 removido de 003 na secao 001
0001240 pacote 117 em transito de 003 para 001
0001240 pacote 119 em transito de 003 para 001
0001240 pacote 121 rearmazenado em 003 na secao 001
0001240 pacote 123 rearmazenado em 003 na secao 001
0001240 pacote 126 rearmazenado em 003 na secao 001
0001240 pacote 127 rearmazenado em 003 na secao 001
0001240 pacote 129 rearmazenado em 003 na secao 001
0001240 pacote 144 rearmazenado em 003 na secao 001
0001240 pacote 152 rearmazenado em 003 na secao 001
0001240 pacote 159 rearmazenado em 003 na secao 001
0001240 pacote 164 rearmazenado em 003 na secao 001
0001240 pacote 178 rearmazenado em 003 na secao 001
0001240 pacote 181 rearmazenado em 003 na secao 001
0001240 pacote 182 rearmazenado em 003 na secao 001
0001240 pacote 188 rearmazenado em 003 na secao 001
0001240 pacote 192 rearmazenado em 003 na secao 001
0001240 pacote 195 rearmazenado em 003 na secao 001
0001240 pacote 199 rearmazenado em 003 na secao 001
0001240 pacote 201 rearmazenado em 003 na secao 001
0001240 pacote 210 rearmazenado em 003 na secao 001
0001240 pacote 212 rearmazenado em 003 na secao 001
0001240 pacote 216 rearmazenado em 003 na secao 001
0001240 pacote 219 rearmazenado em 003 na secao 001
0001240 pacote 223 rearmazenado em 003 na secao 001
0001240 pacote 229 rearmazenado em 003 na secao 001
0001240 pacote 231 rearmazenado em 003 na secao 001
0001240 pacote 235 rearmazenado em 003 na secao 001
0001240 pacote 241 rearmazenado em 003 na secao 001
0001240 pacote 242 rearmazenado em 003 na secao 001
0001240 pacote 252 rearmazenado em 003 na secao 001
0001240 pacote 253 rearmazenado em 003 na secao 001
0001240 pacote 254 rearmazenado em 003 na secao 001
0001240 pacote 255 rearmazenado em 003 na secao 001
0001240 pacote 256 rearmazenado em 003 na secao 001
0001240 pacote 259 rearmazenado em 003 na secao 001
0001240 pacote 271 rearmazenado em 003 na secao 001
0001240 pacote 274 rearmazenado em 003 na secao 001
0001240 pacote 276 rearmazenado em 003 na secao 001
0001203 pacote 267 removido de 004 na secao 000
0001204 pacote 109 removido de 004 na secao 000
0001205 pacote 096 removido de 004 na secao 000
0001206 pacote 249 removido de 004 na secao 000
0001207 pacote 247 removido de 004 na secao 000
0001208 pacote 245 removido de 004 na secao 000
0001209 pacote 244 removido de 004 na secao 000
0001210 pacote 059 removido de 004 na secao 000
0001211 pacote 058 removido de 004 na secao 000
0001212 pacote 224 removido de 004 na secao 000
0001213 pacote 078 removido de 004 na secao 000
0001214 pacote 064 removido de 004 na secao 000
0001215 pacote 214 removido de 004 na secao 000
0001216 pacote 208 removido de 004 na secao 000
0001217 pacote 203 removido de 004 na secao 000
0001218 pacote 053 removido de 004 na secao 000
0001219 pacote 186 removido de 004 na secao 000
0001220 pacote 183 removido de 004 na secao 000
0001221 pacote 180 removido de 004 na secao 000
0001222 pacote 175 removido de 004 na secao 000
0001223 pacote 173 removido de 004 na secao 000
0001224 pacote 042 removido de 004 na secao 000
0001225 pacote 017 removido de 004 na secao 000
0001226 pacote 162 removido de 004 na secao 000
0001227 pacote 155 removido de 004 na secao 000
0001228 pacote 151 removido de 004 na secao 000
0001229 pacote 150 removido de 004 na secao 000
0001230 pacote 147 removido de 004 na secao 000
0001230 pacote 147 em transito de 004 para 000
0001230 pacote 150 em transito de 004 para 000
0001230 pacote 151 rearmazenado em 004 na secao 000
0001230 pacote 155 rearmazenado em 004 na secao 000
0001230 pacote 162 rearmazenado em 004 na secao 000
0001230 pacote 017 rearmazenado em 004 na secao 000
0001230 pacote 042 rearmazenado em 004 na secao 000
0001230 pacote 173 rearmazenado em 004 na secao 000
0001230 pacote 175 rearmazenado em 004 na secao 000
0001230 pacote 180 rearmazenado em 004 na secao 000
0001230 pacote 183 rearmazenado em 004 na secao 000
0001230 pacote 186 rearmazenado em 004 na secao 000
0001230 pacote 053 rearmazenado em 004 na secao 000
0001230 pacote 203 rearmazenado em 004 na secao 000
0001230 pacote 208 rearmazenado em 004 na secao 000
0001230 pacote 214 rearmazenado em 004 na secao 000
0001230 pacote 064 rearmazenado em 004 na secao 000
0001230 pacote 078 rearmazenado em 004 na secao 000
0001230 pacote 224 rearmazenado em 004 na secao 000
0001230 pacote 058 rearmazenado em 004 na secao 000
0001230 pacote 059 rearmazenado em 004 na secao 000
0001230 pacote 244 rearmazenado em 004 na secao 000
0001230 pacote 245 rearmazenado em 004 na secao 000
0001230 pacote 247 rearmazenado em 004 na secao 000
0001230 pacote 249 rearmazenado em 004 na secao 000
0001230 pacote 096 rearmazenado em 004 na secao 000
0001230 pacote 109 rearmazenado em 004 na secao 000
0001230 pacote 267 rearmazenado em 004 na secao 000
0001203 pacote 140 removido de 004 na secao 001
0001204 pacote 048 removido de 004 na secao 001
0001205 pacote 262 removido de 004 na secao 001
0001206 pacote 258 removido de 004 na secao 001
0001207 pacote 251 removido de 004 na secao 001
0001208 pacote 248 removido de 004 na secao 001
0001209 pacote 112 removido de 004 na secao 001
0001210 pacote 103 removido de 004 na secao 001
0001211 pacote 234 removido de 004 na secao 001
0001212 pacote 232 removido de 004 na secao 001
0001213 pacote 090 removido de 004 na secao 001
0001214 pacote 215 removido de 004 na secao 001
0001215 pacote 213 removido de 004 na secao 001
0001216 pacote 200 removido de 004 na secao 001
0001217 pacote 088 removido de 004 na secao 001
0001218 pacote 191 removido de 004 na secao 001
0001219 pacote 036 removido de 004 na secao 001
0001220 pacote 158 removido de 004 na secao 001
0001221 pacote 067 removido de 004 na secao 001
0001222 pacote 066 removido de 004 na secao 001
0001223 pacote 133 removido de 004 na secao 001
0001224 pacote 130 removido de 004 na secao 001
0001225 pacote 125 removido de 004 na secao 001
0001226 pacote 055 removido de 004 na secao 001
0001226 pacote 055 em transito de 004 para 001
0001226 pacote 125 em transito de 004 para 001
0001226 pacote 130 rearmazenado em 004 na secao 001
0001226 pacote 133 rearmazenado em 004 na secao 001
0001226 pacote 066 rearmazenado em 004 na secao 001
0001226 pacote 067 rearmazenado em 004 na secao 001
0001226 pacote 158 rearmazenado em 004 na secao 001
0001226 pacote 036 rearmazenado em 004 na secao 001
0001226 pacote 191 rearmazenado em 004 na secao 001
0001226 pacote 088 rearmazenado em 004 na secao 001
0001226 pacote 200 rearmazenado em 004 na secao 001
0001226 pacote 213 rearmazenado em 004 na secao 001
0001226 pacote 215 rearmazenado em 004 na secao 001
0001226 pacote 090 rearmazenado em 004 na secao 001
0001226 pacote 232 rearmazenado em 004 na secao 001
0001226 pacote 234 rearmazenado em 004 na secao 001
0001226 pacote 103 rearmazenado em 004 na secao 001
0001226 pacote 112 rearmazenado em 004 na secao 001
0001226 pacote 248 rearmazenado em 004 na secao 001
0001226 pacote 251 rearmazenado em 004 na secao 001
0001226 pacote 258 rearmazenado em 004 na secao 001
0001226 pacote 262 rearmazenado em 004 na secao 001
0001226 pacote 048 rearmazenado em 004 na secao 001
0001226 pacote 140 rearmazenado em 004 na secao 001
0001205 pacote 277 armazenado em 001 na secao 004
0001205 pacote 278 armazenado em 000 na secao 004
0001209 pacote 279 armazenado em 003 na secao 001
0001209 pacote 280 armazenado em 000 na secao 004
0001218 pacote 281 armazenado em 004 na secao 001
0001226 pacote 101 entregue em 003
0001226 pacote 106 entregue em 002
0001226 pacote 225 entregue em 002
0001226 pacote 240 entregue em 003
0001227 pacote 282 armazenado em 001 na secao 003
0001235 pacote 283 armazenado em 004 na secao 001
0001243 pacote 284 armazenado em 003 na secao 001
0001246 pacote 055 entregue em 001
0001246 pacote 125 entregue em 001
0001250 pacote 147 armazenado em 000 na secao 002
0001250 pacote 150 armazenado em 000 na secao 002
0001250 pacote 285 armazenado em 000 na secao 002
0001251 pacote 077 entregue em 004
0001251 pacote 081 armazenado em 004 na secao 001
0001253 pacote 061 entregue em 004
0001253 pacote 062 armazenado em 004 na secao 000
0001253 pacote 120 armazenado em 000 na secao 004
0001253 pacote 131 entregue em 000
0001258 pacote 286 armazenado em 004 na secao 000
0001260 pacote 117 armazenado em 001 na secao 004
0001260 pacote 119 entregue em 001
0001262 pacote 287 armazenado em 001 na secao 004
0001267 pacote 288 armazenado em 002 na secao 000
0001274 pacote 289 armazenado em 003 na secao 001
0001280 pacote 290 armazenado em 003 na secao 001
0001283 pacote 291 armazenado em 003 na secao 001
0001284 pacote 292 armazenado em 002 na secao 000
0001289 pacote 293 armazenado em 001 na secao 004
0001290 pacote 294 armazenado em 001 na secao 004
0001295 pacote 295 armazenado em 004 na secao 001
0001295 pacote 296 armazenado em 004 na secao 001
0001303 pacote 285 removido de 000 na secao 002
0001304 pacote 150 removido de 000 na secao 002
0001305 pacote 147 removido de 000 na secao 002
0001306 pacote 265 removido de 000 na secao 002
0001307 pacote 034 removido de 000 na secao 002
0001307 pacote 034 em transito de 000 para 002
0001307 pacote 265 em transito de 000 para 002
0001307 pacote 147 rearmazenado em 000 na secao 002
0001307 pacote 150 rearmazenado em 000 na secao 002
0001307 pacote 285 rearmazenado em 000 na secao 002
0001303 pacote 120 removido de 000 na secao 004
0001304 pacote 280 removido de 000 na secao 004
0001305 pacote 278 removido de 000 na secao 004
0001306 pacote 275 removido de 000 na secao 004
0001307 pacote 268 removido de 000 na secao 004
0001308 pacote 116 removido de 000 na secao 004
0001309 pacote 113 removido de 000 na secao 004
0001310 pacote 263 removido de 000 na secao 004
0001311 pacote 111 removido de 000 na secao 004
0001312 pacote 239 removido de 000 na secao 004
0001313 pacote 233 removido de 000 na secao 004
0001314 pacote 099 removido de 000 na secao 004
0001315 pacote 097 removido de 000 na secao 004
0001316 pacote 220 removido de 000 na secao 004
0001317 pacote 217 removido de 000 na secao 004
0001318 pacote 202 removido de 000 na secao 004
0001319 pacote 094 removido de 000 na secao 004
0001320 pacote 091 removido de 000 na secao 004
0001321 pacote 193 removido de 000 na secao 004
0001322 pacote 187 removido de 000 na secao 004
0001323 pacote 176 removido de 000 na secao 004
0001324 pacote 086 removido de 000 na secao 004
0001325 pacote 083 removido de 000 na secao 004
0001326 pacote 171 removido de 000 na secao 004
0001327 pacote 170 removido de 000 na secao 004
0001328 pacote 169 removido de 000 na secao 004
0001329 pacote 165 removido de 000 na secao 004
0001330 pacote 161 removido de 000 na secao 004
0001331 pacote 156 removido de 000 na secao 004
0001332 pacote 153 removido de 000 na secao 004
0001332 pacote 153 em transito de 000 para 004
0001332 pacote 156 em transito de 000 para 004
0001332 pacote 161 rearmazenado em 000 na secao 004
0001332 pacote 165 rearmazenado em 000 na secao 004
0001332 pacote 169 rearmazenado em 000 na secao 004
0001332 pacote 170 rearmazenado em 000 na secao 004
0001332 pacote 171 rearmazenado em 000 na secao 004
0001332 pacote 083 rearmazenado em 000 na secao 004
0001332 pacote 086 rearmazenado em 000 na secao 004
0001332 pacote 176 rearmazenado em 000 na secao 004
0001332 pacote 187 rearmazenado em 000 na secao 004
0001332 pacote 193 rearmazenado em 000 na secao 004
0001332 pacote 091 rearmazenado em 000 na secao 004
0001332 pacote 094 rearmazenado em 000 na secao 004
0001332 pacote 202 rearmazenado em 000 na secao 004
0001332 pacote 217 rearmazenado em 000 na secao 004
0001332 pacote 220 rearmazenado em 000 na secao 004
0001332 pacote 097 rearmazenado em 000 na secao 004
0001332 pacote 099 rearmazenado em 000 na secao 004
0001332 pacote 233 rearmazenado em 000 na secao 004
0001332 pacote 239 rearmazenado em 000 na secao 004
0001332 pacote 111 rearmazenado em 000 na secao 004
0001332 pacote 263 rearmazenado em 000 na secao 004
0001332 pacote 113 rearmazenado em 000 na secao 004
0001332 pacote 116 rearmazenado em 000 na secao 004
0001332 pacote 268 rearmazenado em 000 na secao 004
0001332 pacote 275 rearmazenado em 000 na secao 004
0001332 pacote 278 rearmazenado em 000 na secao 004
0001332 pacote 280 rearmazenado em 000 na secao 004
0001332 pacote 120 rearmazenado em 000 na secao 004
0001303 pacote 282 removido de 001 na secao 003
0001304 pacote 272 removido de 001 na secao 003
0001305 pacote 118 removido de 001 na secao 003
0001305 pacote 118 em transito de 001 para 003
0001305 pacote 272 em transito de 001 para 003
0001305 pacote 282 rearmazenado em 001 na secao 003
0001303 pacote 294 removido de 001 na secao 004
0001304 pacote 293 removido de 001 na secao 004
0001305 pacote 287 removido de 001 na secao 004
0001306 pacote 117 removido de 001 na secao 004
0001307 pacote 277 removido de 001 na secao 004
0001308 pacote 273 removido de 001 na secao 004
0001309 pacote 270 removido de 001 na secao 004
0001310 pacote 269 removido de 001 na secao 004
0001311 pacote 115 removido de 001 na secao 004
0001312 pacote 260 removido de 001 na secao 004
0001313 pacote 243 removido de 001 na secao 004
0001314 pacote 105 removido de 001 na secao 004
0001315 pacote 237 removido de 001 na secao 004
0001316 pacote 236 removido de 001 na secao 004
0001317 pacote 226 removido de 001 na secao 004
0001318 pacote 098 removido de 001 na secao 004
0001319 pacote 095 removido de 001 na secao 004
0001320 pacote 222 removido de 001 na secao 004
0001321 pacote 218 removido de 001 na secao 004
0001322 pacote 211 removido de 001 na secao 004
0001323 pacote 204 removido de 001 na secao 004
0001324 pacote 082 removido de 001 na secao 004
0001325 pacote 194 removido de 001 na secao 004
0001326 pacote 080 removido de 001 na secao 004
0001327 pacote 167 removido de 001 na secao 004
0001328 pacote 163 removido de 001 na secao 004
0001329 pacote 073 removido de 001 na secao 004
0001330 pacote 141 removido de 001 na secao 004
0001331 pacote 139 removido de 001 na secao 004
0001332 pacote 138 removido de 001 na secao 004
0001333 pacote 137 removido de 001 na secao 004
0001334 pacote 135 removido de 001 na secao 004
0001335 pacote 128 removido de 001 na secao 004
0001336 pacote 124 removido de 001 na secao 004
0001336 pacote 124 em transito de 001 para 004
0001336 pacote 128 em transito de 001 para 004
0001336 pacote 135 rearmazenado em 001 na secao 004
0001336 pacote 137 rearmazenado em 001 na secao 004
0001336 pacote 138 rearmazenado em 001 na secao 004
0001336 pacote 139 rearmazenado em 001 na secao 004
0001336 pacote 141 rearmazenado em 001 na secao 004
0001336 pacote 073 rearmazenado em 001 na secao 004
0001336 pacote 163 rearmazenado em 001 na secao 004
0001336 pacote 167 rearmazenado em 001 na secao 004
0001336 pacote 080 rearmazenado em 001 na secao 004
0001336 pacote 194 rearmazenado em 001 na secao 004
0001336 pacote 082 rearmazenado em 001 na secao 004
0001336 pacote 204 rearmazenado em 001 na secao 004
0001336 pacote 211 rearmazenado em 001 na secao 004
0001336 pacote 218 rearmazenado em 001 na secao 004
0001336 pacote 222 rearmazenado em 001 na secao 004
0001336 pacote 095 rearmazenado em 001 na secao 004
0001336 pacote 098 rearmazenado em 001 na secao 004
0001336 pacote 226 rearmazenado em 001 na secao 004
0001336 pacote 236 rearmazenado em 001 na secao 004
0001336 pacote 237 rearmazenado em 001 na secao 004
0001336 pacote 105 rearmazenado em 001 na secao 004
0001336 pacote 243 rearmazenado em 001 na secao 004
0001336 pacote 260 rearmazenado em 001 na secao 004
0001336 pacote 115 rearmazenado em 001 na secao 004
0001336 pacote 269 rearmazenado em 001 na secao 004
0001336 pacote 270 rearmazenado em 001 na secao 004
0001336 pacote 273 rearmazenado em 001 na secao 004
0001336 pacote 277 rearmazenado em 001 na secao 004
0001336 pacote 117 rearmazenado em 001 na secao 004
0001336 pacote 287 rearmazenado em 001 na secao 004
0001336 pacote 293 rearmazenado em 001 na secao 004
0001336 pacote 294 rearmazenado em 001 na secao 004
0001303 pacote 292 removido de 002 na secao 000
0001304 pacote 288 removido de 002 na secao 000
0001305 pacote 266 removido de 002 na secao 000
0001306 pacote 264 removido de 002 na secao 000
0001307 pacote 261 removido de 002 na secao 000
0001308 pacote 257 removido de 002 na secao 000
0001309 pacote 250 removido de 002 na secao 000
0001310 pacote 246 removido de 002 na secao 000
0001311 pacote 238 removido de 002 na secao 000
0001312 pacote 230 removido de 002 na secao 000
0001313 pacote 228 removido de 002 na secao 000
0001314 pacote 227 removido de 002 na secao 000
0001315 pacote 221 removido de 002 na secao 000
0001316 pacote 207 removido de 002 na secao 000
0001317 pacote 205 removido de 002 na secao 000
0001318 pacote 198 removido de 002 na secao 000
0001319 pacote 196 removido de 002 na secao 000
0001320 pacote 184 removido de 002 na secao 000
0001321 pacote 179 removido de 002 na secao 000
0001322 pacote 177 removido de 002 na secao 000
0001323 pacote 174 removido de 002 na secao 000
0001324 pacote 172 removido de 002 na secao 000
0001325 pacote 154 removido de 002 na secao 000
0001326 pacote 149 removido de 002 na secao 000
0001327 pacote 148 removido de 002 na secao 000
0001328 pacote 146 removido de 002 na secao 000
0001329 pacote 145 removido de 002 na secao 000
0001330 pacote 143 removido de 002 na secao 000
0001331 pacote 142 removido de 002 na secao 000
0001332 pacote 136 removido de 002 na secao 000
0001333 pacote 132 removido de 002 na secao 000
0001333 pacote 132 em transito de 002 para 000
0001333 pacote 136 em transito de 002 para 000
0001333 pacote 142 rearmazenado em 002 na secao 000
0001333 pacote 143 rearmazenado em 002 na secao 000
0001333 pacote 145 rearmazenado em 002 na secao 000
0001333 pacote 146 rearmazenado em 002 na secao 000
0001333 pacote 148 rearmazenado em 002 na secao 000
0001333 pacote 149 rearmazenado em 002 na secao 000
0001333 pacote 154 rearmazenado em 002 na secao 000
0001333 pacote 172 rearmazenado em 002 na secao 000
0001333 pacote 174 rearmazenado em 002 na secao 000
0001333 pacote 177 rearmazenado em 002 na secao 000
0001333 pacote 179 rearmazenado em 002 na secao 000
0001333 pacote 184 rearmazenado em 002 na secao 000
0001333 pacote 196 rearmazenado em 002 na secao 000
0001333 pacote 198 rearmazenado em 002 na secao 000
0001333 pacote 205 rearmazenado em 002 na secao 000
0001333 pacote 207 rearmazenado em 002 na secao 000
0001333 pacote 221 rearmazenado em 002 na secao 000
0001333 pacote 227 rearmazenado em 002 na secao 000
0001333 pacote 228 rearmazenado em 002 na secao 000
0001333 pacote 230 rearmazenado em 002 na secao 000
0001333 pacote 238 rearmazenado em 002 na secao 000
0001333 pacote 246 rearmazenado em 002 na secao 000
0001333 pacote 250 rearmazenado em 002 na secao 000
0001333 pacote 257 rearmazenado em 002 na secao 000
0001333 pacote 261 rearmazenado em 002 na secao 000
0001333 pacote 264 rearmazenado em 002 na secao 000
0001333 pacote 266 rearmazenado em 002 na secao 000
0001333 pacote 288 rearmazenado em 002 na secao 000
0001333 pacote 292 rearmazenado em 002 na secao 000
0001303 pacote 291 removido de 003 na secao 001
0001304 pacote 290 removido de 003 na secao 001
0001305 pacote 289 removido de 003 na secao 001
0001306 pacote 284 removido de 003 na secao 001
0001307 pacote 279 removido de 003 na secao 001
0001308 pacote 276 removido de 003 na secao 001
0001309 pacote 274 removido de 003 na secao 001
0001310 pacote 271 removido de 003 na secao 001
0001311 pacote 259 removido de 003 na secao 001
0001312 pacote 256 removido de 003 na secao 001
0001313 pacote 255 removido de 003 na secao 001
0001314 pacote 254 removido de 003 na secao 001
0001315 pacote 253 removido de 003 na secao 001
0001316 pacote 252 removido de 003 na secao 001
0001317 pacote 242 removido de 003 na secao 001
0001318 pacote 241 removido de 003 na secao 001
0001319 pacote 235 removido de 003 na secao 001
0001320 pacote 231 removido de 003 na secao 001
0001321 pacote 229 removido de 003 na secao 001
0001322 pacote 223 removido de 003 na secao 001
0001323 pacote 219 removido de 003 na secao 001
0001324 pacote 216 removido de 003 na secao 001
0001325 pacote 212 removido de 003 na secao 001
0001326 pacote 210 removido de 003 na secao 001
0001327 pacote 201 removido de 003 na secao 001
0001328 pacote 199 removido de 003 na secao 001
0001329 pacote 195 removido de 003 na secao 001
0001330 pacote 192 removido de 003 na secao 001
0001331 pacote 188 removido de 003 na secao 001
0001332 pacote 182 removido de 003 na secao 001
0001333 pacote 181 removido de 003 na secao 001
0001334 pacote 178 removido de 003 na secao 001
0001335 pacote 164 removido de 003 na secao 001
0001336 pacote 159 removido de 003 na secao 001
0001337 pacote 152 removido de 003 na secao 001
0001338 pacote 144 removido de 003 na secao 001
0001339 pacote 129 removido de 003 na secao 001
0001340 pacote 127 removido de 003 na secao 001
0001341 pacote 126 removido de 003 na secao 001
0001342 pacote 123 removido de 003 na secao 001
0001343 pacote 121 removido de 003 na secao 001
0001343 pacote 121 em transito de 003 para 001
0001343 pacote 123 em transito de 003 para 001
0001343 pacote 126 rearmazenado em 003 na secao 001
0001343 pacote 127 rearmazenado em 003 na secao 001
0001343 pacote 129 rearmazenado em 003 na secao 001
0001343 pacote 144 rearmazenado em 003 na secao 001
0001343 pacote 152 rearmazenado em 003 na secao 001
0001343 pacote 159 rearmazenado em 003 na secao 001
0001343 pacote 164 rearmazenado em 003 na secao 001
0001343 pacote 178 rearmazenado em 003 na secao 001
0001343 pacote 181 rearmazenado em 003 na secao 001
0001343 pacote 182 rearmazenado em 003 na secao 001
0001343 pacote 188 rearmazenado em 003 na secao 001
0001343 pacote 192 rearmazenado em 003 na secao 001
0001343 pacote 195 rearmazenado em 003 na secao 001
0001343 pacote 199 rearmazenado em 003 na secao 001
0001343 pacote 201 rearmazenado em 003 na secao 001
0001343 pacote 210 rearmazenado em 003 na secao 001
0001343 pacote 212 rearmazenado em 003 na secao 001
0001343 pacote 216 rearmazenado em 003 na secao 001
0001343 pacote 219 rearmazenado em 003 na secao 001
0001343 pacote 223 rearmazenado em 003 na secao 001
0001343 pacote 229 rearmazenado em 003 na secao 001
0001343 pacote 231 rearmazenado em 003 na secao 001
0001343 pacote 235 rearmazenado em 003 na secao 001
0001343 pacote 241 rearmazenado em 003 na secao 001
0001343 pacote 242 rearmazenado em 003 na secao 001
0001343 pacote 252 rearmazenado em 003 na secao 001
0001343 pacote 253 rearmazenado em 003 na secao 001
0001343 pacote 254 rearmazenado em 003 na secao 001
0001343 pacote 255 rearmazenado em 003 na secao 001
0001343 pacote 256 rearmazenado em 003 na secao 001
0001343 pacote 259 rearmazenado em 003 na secao 001
0001343 pacote 271 rearmazenado em 003 na secao 001
0001343 pacote 274 rearmazenado em 003 na secao 001
0001343 pacote 276 rearmazenado em 003 na secao 001
0001343 pacote 279 rearmazenado em 003 na secao 001
0001343 pacote 284 rearmazenado em 003 na secao 001
0001343 pacote 289 rearmazenado em 003 na secao 001
0001343 pacote 290 rearmazenado em 003 na secao 001
0001343 pacote 291 rearmazenado em 003 na secao 001
0001303 pacote 286 removido de 004 na secao 000
0001304 pacote 062 removido de 004 na secao 000
0001305 pacote 267 removido de 004 na secao 000
0001306 pacote 109 removido de 004 na secao 000
0001307 pacote 096 removido de 004 na secao 000
0001308 pacote 249 removido de 004 na secao 000
0001309 pacote 247 removido de 004 na secao 000
0001310 pacote 245 removido de 004 na secao 000
0001311 pacote 244 removido de 004 na secao 000
0001312 pacote 059 removido de 004 na secao 000
0001313 pacote 058 removido de 004 na secao 000
0001314 pacote 224 removido de 004 na secao 000
0001315 pacote 078 removido de 004 na secao 000
0001316 pacote 064 removido de 004 na secao 000
0001317 pacote 214 removido de 004 na secao 000
0001318 pacote 208 removido de 004 na secao 000
0001319 pacote 203 removido de 004 na secao 000
0001320 pacote 053 removido de 004 na secao 000
0001321 pacote 186 removido de 004 na secao 000
0001322 pacote 183 removido de 004 na secao 000
0001323 pacote 180 removido de 004 na secao 000
0001324 pacote 175 removido de 004 na secao 000
0001325 pacote 173 removido de 004 na secao 000
0001326 pacote 042 removido de 004 na secao 000
0001327 pacote 017 removido de 004 na secao 000
0001328 pacote 162 removido de 004 na secao 000
0001329 pacote 155 removido de 004 na secao 000
0001330 pacote 151 removido de 004 na secao 000
0001330 pacote 151 em transito de 004 para 000
0001330 pacote 155 em transito de 004 para 000
0001330 pacote 162 rearmazenado em 004 na secao 000
0001330 pacote 017 rearmazenado em 004 na secao 000
0001330 pacote 042 rearmazenado em 004 na secao 000
0001330 pacote 173 rearmazenado em 004 na secao 000
0001330 pacote 175 rearmazenado em 004 na secao 000
0001330 pacote 180 rearmazenado em 004 na secao 000
0001330 pacote 183 rearmazenado em 004 na secao 000
0001330 pacote 186 rearmazenado em 004 na secao 000
0001330 pacote 053 rearmazenado em 004 na secao 000
0001330 pacote 203 rearmazenado em 004 na secao 000
0001330 pacote 208 rearmazenado em 004 na secao 000
0001330 pacote 214 rearmazenado em 004 na secao 000
0001330 pacote 064 rearmazenado em 004 na secao 000
0001330 pacote 078 rearmazenado em 004 na secao 000
0001330 pacote 224 rearmazenado em 004 na secao 000
0001330 pacote 058 rearmazenado em 004 na secao 000
0001330 pacote 059 rearmazenado em 004 na secao 000
0001330 pacote 244 rearmazenado em 004 na secao 000
0001330 pacote 245 rearmazenado em 004 na secao 000
0001330 pacote 247 rearmazenado em 004 na secao 000
0001330 pacote 249 rearmazenado em 004 na secao 000
0001330 pacote 096 rearmazenado em 004 na secao 000
0001330 pacote 109 rearmazenado em 004 na secao 000
0001330 pacote 267 rearmazenado em 004 na secao 000
0001330 pacote 062 rearmazenado em 004 na secao 000
0001330 pacote 286 rearmazenado em 004 na secao 000
0001303 pacote 296 removido de 004 na secao 001
0001304 pacote 295 removido de 004 na secao 001
0001305 pacote 081 removido de 004 na secao 001
0001306 pacote 283 removido de 004 na secao 001
0001307 pacote 281 removido de 004 na secao 001
0001308 pacote 140 removido de 004 na secao 001
0001309 pacote 048 removido de 004 na secao 001
0001310 pacote 262 removido de 004 na secao 001
0001311 pacote 258 removido de 004 na secao 001
0001312 pacote 251 removido de 004 na secao 001
0001313 pacote 248 removido de 004 na secao 001
0001314 pacote 112 removido de 004 na secao 001
0001315 pacote 103 removido de 004 na secao 001
0001316 pacote 234 removido de 004 na secao 001
0001317 pacote 232 removido de 004 na secao 001
0001318 pacote 090 removido de 004 na secao 001
0001319 pacote 215 removido de 004 na secao 001
0001320 pacote 213 removido de 004 na secao 001
0001321 pacote 200 removido de 004 na secao 001
0001322 pacote 088 removido de 004 na secao 001
0001323 pacote 191 removido de 004 na secao 001
0001324 pacote 036 removido de 004 na secao 001
0001325 pacote 158 removido de 004 na secao 001
0001326 pacote 067 removido de 004 na secao 001
0001327 pacote 066 removido de 004 na secao 001
0001328 pacote 133 removido de 004 na secao 001
0001329 pacote 130 removido de 004 na secao 001
0001329 pacote 130 em transito de 004 para 001
0001329 pacote 133 em transito de 004 para 001
0001329 pacote 066 rearmazenado em 004 na secao 001
0001329 pacote 067 rearmazenado em 004 na secao 001
0001329 pacote 158 rearmazenado em 004 na secao 001
0001329 pacote 036 rearmazenado em 004 na secao 001
0001329 pacote 191 rearmazenado em 004 na secao 001
0001329 pacote 088 rearmazenado em 004 na secao 001
0001329 pacote 200 rearmazenado em 004 na secao 001
0001329 pacote 213 rearmazenado em 004 na secao 001
0001329 pacote 215 rearmazenado em 004 na secao 001
0001329 pacote 090 rearmazenado em 004 na secao 001
0001329 pacote 232 rearmazenado em 004 na secao 001
0001329 pacote 234 rearmazenado em 004 na secao 001
0001329 pacote 103 rearmazenado em 004 na secao 001
0001329 pacote 112 rearmazenado em 004 na secao 001
0001329 pacote 248 rearmazenado em 004 na secao 001
0001329 pacote 251 rearmazenado em 004 na secao 001
0001329 pacote 258 rearmazenado em 004 na secao 001
0001329 pacote 262 rearmazenado em 004 na secao 001
0001329 pacote 048 rearmazenado em 004 na secao 001
0001329 pacote 140 rearmazenado em 004 na secao 001
0001329 pacote 281 rearmazenado em 004 na secao 001
0001329 pacote 283 rearmazenado em 004 na secao 001
0001329 pacote 081 rearmazenado em 004 na secao 001
0001329 pacote 295 rearmazenado em 004 na secao 001
0001329 pacote 296 rearmazenado em 004 na secao 001
0001303 pacote 297 armazenado em 002 na secao 000
0001310 pacote 298 armazenado em 000 na secao 004
0001310 pacote 299 armazenado em 002 na secao 000
0001310 pacote 300 armazenado em 002 na secao 000
0001311 pacote 301 armazenado em 000 na secao 002
0001311 pacote 302 armazenado em 003 na secao 001
0001318 pacote 303 armazenado em 004 na secao 000
0001325 pacote 118 entregue em 003
0001325 pacote 272 entregue em 003
0001325 pacote 304 armazenado em 000 na secao 004
0001327 pacote 034 entregue em 002
0001327 pacote 265 entregue em 002
0001333 pacote 305 armazenado em 003 na secao 001
0001336 pacote 306 armazenado em 001 na secao 004
0001342 pacote 307 armazenado em 000 na secao 002
0001345 pacote 308 armazenado em 002 na secao 000
0001346 pacote 309 armazenado em 001 na secao 004
0001349 pacote 130 armazenado em 001 na secao 003
0001349 pacote 133 armazenado em 001 na secao 003
0001350 pacote 151 armazenado em 000 na secao 002
0001350 pacote 155 armazenado em 000 na secao 002
0001352 pacote 153 armazenado em 004 na secao 001
0001352 pacote 156 armazenado em 004 na secao 001
0001353 pacote 132 entregue em 000
0001353 pacote 136 armazenado em 000 na secao 004
0001355 pacote 310 armazenado em 001 na secao 003
0001356 pacote 124 armazenado em 004 na secao 000
0001356 pacote 128 armazenado em 004 na secao 000
0001357 pacote 311 armazenado em 002 na secao 000
0001363 pacote 121 armazenado em 001 na secao 004
0001363 pacote 123 armazenado em 001 na secao 004
0001366 pacote 312 armazenado em 000 na secao 002
0001367 pacote 313 armazenado em 000 na secao 004
0001373 pacote 314 armazenado em 001 na secao 004
0001375 pacote 315 armazenado em 002 na secao 000
0001375 pacote 316 armazenado em 001 na secao 004
0001379 pacote 317 armazenado em 001 na secao 004
0001387 pacote 318 armazenado em 004 na secao 001
0001390 pacote 319 armazenado em 004 na secao 001
0001396 pacote 320 armazenado em 002 na secao 000
0001398 pacote 321 armazenado em 004 na secao 001
0001403 pacote 312 removido de 000 na secao 002
0001404 pacote 155 removido de 000 na secao 002
0001405 pacote 151 removido de 000 na secao 002
0001406 pacote 307 removido de 000 na secao 002
0001407 pacote 301 removido de 000 na secao 002
0001408 pacote 285 removido de 000 na secao 002
0001409 pacote 150 removido de 000 na secao 002
0001410 pacote 147 removido de 000 na secao 002
0001410 pacote 147 em transito de 000 para 002
0001410 pacote 150 em transito de 000 para 002
0001410 pacote 285 rearmazenado em 000 na secao 002
0001410 pacote 301 rearmazenado em 000 na secao 002
0001410 pacote 307 rearmazenado em 000 na secao 002
0001410 pacote 151 rearmazenado em 000 na secao 002
0001410 pacote 155 rearmazenado em 000 na secao 002
0001410 pacote 312 rearmazenado em 000 na secao 002
0001403 pacote 313 removido de 000 na secao 004
0001404 pacote 136 removido de 000 na secao 004
0001405 pacote 304 removido de 000 na secao 004
0001406 pacote 298 removido de 000 na secao 004
0001407 pacote 120 removido de 000 na secao 004
0001408 pacote 280 removido de 000 na secao 004
0001409 pacote 278 removido de 000 na secao 004
0001410 pacote 275 removido de 000 na secao 004
0001411 pacote 268 removido de 000 na secao 004
0001412 pacote 116 removido de 000 na secao 004
0001413 pacote 113 removido de 000 na secao 004
0001414 pacote 263 removido de 000 na secao 004
0001415 pacote 111 removido de 000 na secao 004
0001416 pacote 239 removido de 000 na secao 004
0001417 pacote 233 removido de 000 na secao 004
0001418 pacote 099 removido de 000 na secao 004
0001419 pacote 097 removido de 000 na secao 004
0001420 pacote 220 removido de 000 na secao 004
0001421 pacote 217 removido de 000 na secao 004
0001422 pacote 202 removido de 000 na secao 004
0001423 pacote 094 removido de 000 na secao 004
0001424 pacote 091 removido de 000 na secao 004
0001425 pacote 193 removido de 000 na secao 004
0001426 pacote 187 removido de 000 na secao 004
0001427 pacote 176 removido de 000 na secao 004
0001428 pacote 086 removido de 000 na secao 004
0001429 pacote 083 removido de 000 na secao 004
0001430 pacote 171 removido de 000 na secao 004
0001431 pacote 170 removido de 000 na secao 004
0001432 pacote 169 removido de 000 na secao 004
0001433 pacote 165 removido de 000 na secao 004
0001434 pacote 161 removido de 000 na secao 004
0001434 pacote 161 em transito de 000 para 004
0001434 pacote 165 em transito de 000 para 004
0001434 pacote 169 rearmazenado em 000 na secao 004
0001434 pacote 170 rearmazenado em 000 na secao 004
0001434 pacote 171 rearmazenado em 000 na secao 004
0001434 pacote 083 rearmazenado em 000 na secao 004
0001434 pacote 086 rearmazenado em 000 na secao 004
0001434 pacote 176 rearmazenado em 000 na secao 004
0001434 pacote 187 rearmazenado em 000 na secao 004
0001434 pacote 193 rearmazenado em 000 na secao 004
0001434 pacote 091 rearmazenado em 000 na secao 004
0001434 pacote 094 rearmazenado em 000 na secao 004
0001434 pacote 202 rearmazenado em 000 na secao 004
0001434 pacote 217 rearmazenado em 000 na secao 004
0001434 pacote 220 rearmazenado em 000 na secao 004
0001434 pacote 097 rearmazenado em 000 na secao 004
0001434 pacote 099 rearmazenado em 000 na secao 004
0001434 pacote 233 rearmazenado em 000 na secao 004
0001434 pacote 239 rearmazenado em 000 na secao 004
0001434 pacote 111 rearmazenado em 000 na secao 004
0001434 pacote 263 rearmazenado em 000 na secao 004
0001434 pacote 113 rearmazenado em 000 na secao 004
0001434 pacote 116 rearmazenado em 000 na secao 004
0001434 pacote 268 rearmazenado em 000 na secao 004
0001434 pacote 275 rearmazenado em 000 na secao 004
0001434 pacote 278 rearmazenado em 000 na secao 004
0001434 pacote 280 rearmazenado em 000 na secao 004
0001434 pacote 120 rearmazenado em 000 na secao 004
0001434 pacote 298 rearmazenado em 000 na secao 004
0001434 pacote 304 rearmazenado em 000 na secao 004
0001434 pacote 136 rearmazenado em 000 na secao 004
0001434 pacote 313 rearmazenado em 000 na secao 004
0001402 pacote 322 armazenado em 003 na secao 001
0001402 pacote 323 armazenado em 004 na secao 000
0001403 pacote 310 removido de 001 na secao 003
0001404 pacote 133 removido de 001 na secao 003
0001405 pacote 130 removido de 001 na secao 003
0001406 pacote 282 removido de 001 na secao 003
0001406 pacote 282 em transito de 001 para 003
0001406 pacote 130 em transito de 001 para 003
0001406 pacote 133 rearmazenado em 001 na secao 003
0001406 pacote 310 rearmazenado em 001 na secao 003
0001403 pacote 317 removido de 001 na secao 004
0001404 pacote 316 removido de 001 na secao 004
0001405 pacote 314 removido de 001 na secao 004
0001406 pacote 123 removido de 001 na secao 004
0001407 pacote 121 removido de 001 na secao 004
0001408 pacote 309 removido de 001 na secao 004
0001409 pacote 306 removido de 001 na secao 004
0001410 pacote 294 removido de 001 na secao 004
0001411 pacote 293 removido de 001 na secao 004
0001412 pacote 287 removido de 001 na secao 004
0001413 pacote 117 removido de 001 na secao 004
0001414 pacote 277 removido de 001 na secao 004
0001415 pacote 273 removido de 001 na secao 004
0001416 pacote 270 removido de 001 na secao 004
0001417 pacote 269 removido de 001 na secao 004
0001418 pacote 115 removido de 001 na secao 004
0001419 pacote 260 removido de 001 na secao 004
0001420 pacote 243 removido de 001 na secao 004
0001421 pacote 105 removido de 001 na secao 004
0001422 pacote 237 removido de 001 na secao 004
0001423 pacote 236 removido de 001 na secao 004
0001424 pacote 226 removido de 001 na secao 004
0001425 pacote 098 removido de 001 na secao 004
0001426 pacote 095 removido de 001 na secao 004
0001427 pacote 222 removido de 001 na secao 004
0001428 pacote 218 removido de 001 na secao 004
0001429 pacote 211 removido de 001 na secao 004
0001430 pacote 204 removido de 001 na secao 004
0001431 pacote 082 removido de 001 na secao 004
0001432 pacote 194 removido de 001 na secao 004
0001433 pacote 080 removido de 001 na secao 004
0001434 pacote 167 removido de 001 na secao 004
0001435 pacote 163 removido de 001 na secao 004
0001436 pacote 073 removido de 001 na secao 004
0001437 pacote 141 removido de 001 na secao 004
0001438 pacote 139 removido de 001 na secao 004
0001439 pacote 138 removido de 001 na secao 004
0001440 pacote 137 removido de 001 na secao 004
0001441 pacote 135 removido de 001 na secao 004
0001441 pacote 135 em transito de 001 para 004
0001441 pacote 137 em transito de 001 para 004
0001441 pacote 138 rearmazenado em 001 na secao 004
0001441 pacote 139 rearmazenado em 001 na secao 004
0001441 pacote 141 rearmazenado em 001 na secao 004
0001441 pacote 073 rearmazenado em 001 na secao 004
0001441 pacote 163 rearmazenado em 001 na secao 004
0001441 pacote 167 rearmazenado em 001 na secao 004
0001441 pacote 080 rearmazenado em 001 na secao 004
0001441 pacote 194 rearmazenado em 001 na secao 004
0001441 pacote 082 rearmazenado em 001 na secao 004
0001441 pacote 204 rearmazenado em 001 na secao 004
0001441 pacote 211 rearmazenado em 001 na secao 004
0001441 pacote 218 rearmazenado em 001 na secao 004
0001441 pacote 222 rearmazenado em 001 na secao 004
0001441 pacote 095 rearmazenado em 001 na secao 004
0001441 pacote 098 rearmazenado em 001 na secao 004
0001441 pacote 226 rearmazenado em 001 na secao 004
0001441 pacote 236 rearmazenado em 001 na secao 004
0001441 pacote 237 rearmazenado em 001 na secao 004
0001441 pacote 105 rearmazenado em 001 na secao 004
0001441 pacote 243 rearmazenado em 001 na secao 004
0001441 pacote 260 rearmazenado em 001 na secao 004
0001441 pacote 115 rearmazenado em 001 na secao 004
0001441 pacote 269 rearmazenado em 001 na secao 004
0001441 pacote 270 rearmazenado em 001 na secao 004
0001441 pacote 273 rearmazenado em 001 na secao 004
0001441 pacote 277 rearmazenado em 001 na secao 004
0001441 pacote 117 rearmazenado em 001 na secao 004
0001441 pacote 287 rearmazenado em 001 na secao 004
0001441 pacote 293 rearmazenado em 001 na secao 004
0001441 pacote 294 rearmazenado em 001 na secao 004
0001441 pacote 306 rearmazenado em 001 na secao 004
0001441 pacote 309 rearmazenado em 001 na secao 004
0001441 pacote 121 rearmazenado em 001 na secao 004
0001441 pacote 123 rearmazenado em 001 na secao 004
0001441 pacote 314 rearmazenado em 001 na secao 004
0001441 pacote 316 rearmazenado em 001 na secao 004
0001441 pacote 317 rearmazenado em 001 na secao 004
0001403 pacote 320 removido de 002 na secao 000
0001404 pacote 315 removido de 002 na secao 000
0001405 pacote 311 removido de 002 na secao 000
0001406 pacote 308 removido de 002 na secao 000
0001407 pacote 300 removido de 002 na secao 000
0001408 pacote 299 removido de 002 na secao 000
0001409 pacote 297 removido de 002 na secao 000
0001410 pacote 292 removido de 002 na secao 000
0001411 pacote 288 removido de 002 na secao 000
0001412 pacote 266 removido de 002 na secao 000
0001413 pacote 264 removido de 002 na secao 000
0001414 pacote 261 removido de 002 na secao 000
0001415 pacote 257 removido de 002 na secao 000
0001416 pacote 250 removido de 002 na secao 000
0001417 pacote 246 removido de 002 na secao 000
0001418 pacote 238 removido de 002 na secao 000
0001419 pacote 230 removido de 002 na secao 000
0001420 pacote 228 removido de 002 na secao 000
0001421 pacote 227 removido de 002 na secao 000
0001422 pacote 221 removido de 002 na secao 000
0001423 pacote 207 removido de 002 na secao 000
0001424 pacote 205 removido de 002 na secao 000
0001425 pacote 198 removido de 002 na secao 000
0001426 pacote 196 removido de 002 na secao 000
0001427 pacote 184 removido de 002 na secao 000
0001428 pacote 179 removido de 002 na secao 000
0001429 pacote 177 removido de 002 na secao 000
0001430 pacote 174 removido de 002 na secao 000
0001431 pacote 172 removido de 002 na secao 000
0001432 pacote 154 removido de 002 na secao 000
0001433 pacote 149 removido de 002 na secao 000
0001434 pacote 148 removido de 002 na secao 000
0001435 pacote 146 removido de 002 na secao 000
0001436 pacote 145 removido de 002 na secao 000
0001437 pacote 143 removido de 002 na secao 000
0001438 pacote 142 removido de 002 na secao 000
0001438 pacote 142 em transito de 002 para 000
0001438 pacote 143 em transito de 002 para 000
0001438 pacote 145 rearmazenado em 002 na secao 000
0001438 pacote 146 rearmazenado em 002 na secao 000
0001438 pacote 148 rearmazenado em 002 na secao 000
0001438 pacote 149 rearmazenado em 002 na secao 000
0001438 pacote 154 rearmazenado em 002 na secao 000
0001438 pacote 172 rearmazenado em 002 na secao 000
0001438 pacote 174 rearmazenado em 002 na secao 000
0001438 pacote 177 rearmazenado em 002 na secao 000
0001438 pacote 179 rearmazenado em 002 na secao 000
0001438 pacote 184 rearmazenado em 002 na secao 000
0001438 pacote 196 rearmazenado em 002 na secao 000
0001438 pacote 198 rearmazenado em 002 na secao 000
0001438 pacote 205 rearmazenado em 002 na secao 000
0001438 pacote 207 rearmazenado em 002 na secao 000
0001438 pacote 221 rearmazenado em 002 na secao 000
0001438 pacote 227 rearmazenado em 002 na secao 000
0001438 pacote 228 rearmazenado em 002 na secao 000
0001438 pacote 230 rearmazenado em 002 na secao 000
0001438 pacote 238 rearmazenado em 002 na secao 000
0001438 pacote 246 rearmazenado em 002 na secao 000
0001438 pacote 250 rearmazenado em 002 na secao 000
0001438 pacote 257 rearmazenado em 002 na secao 000
0001438 pacote 261 rearmazenado em 002 na secao 000
0001438 pacote 264 rearmazenado em 002 na secao 000
0001438 pacote 266 rearmazenado em 002 na secao 000
0001438 pacote 288 rearmazenado em 002 na secao 000
0001438 pacote 292 rearmazenado em 002 na secao 000
0001438 pacote 297 rearmazenado em 002 na secao 000
0001438 pacote 299 rearmazenado em 002 na secao 000
0001438 pacote 300 rearmazenado em 002 na secao 000
0001438 pacote 308 rearmazenado em 002 na secao 000
0001438 pacote 311 rearmazenado em 002 na secao 000
0001438 pacote 315 rearmazenado em 002 na secao 000
0001438 pacote 320 rearmazenado em 002 na secao 000
0001403 pacote 322 removido de 003 na secao 001
0001404 pacote 305 removido de 003 na secao 001
0001405 pacote 302 removido de 003 na secao 001
0001406 pacote 291 removido de 003 na secao 001
0001407 pacote 290 removido de 003 na secao 001
0001408 pacote 289 removido de 003 na secao 001
0001409 pacote 284 removido de 003 na secao 001
0001410 pacote 279 removido de 003 na secao 001
0001411 pacote 276 removido de 003 na secao 001
0001412 pacote 274 removido de 003 na secao 001
0001413 pacote 271 removido de 003 na secao 001
0001414 pacote 259 removido de 003 na secao 001
0001415 pacote 256 removido de 003 na secao 001
0001416 pacote 255 removido de 003 na secao 001
0001417 pacote 254 removido de 003 na secao 001
0001418 pacote 253 removido de 003 na secao 001
0001419 pacote 252 removido de 003 na secao 001
0001420 pacote 242 removido de 003 na secao 001
0001421 pacote 241 removido de 003 na secao 001
0001422 pacote 235 removido de 003 na secao 001
0001423 pacote 231 removido de 003 na secao 001
0001424 pacote 229 removido de 003 na secao 001
0001425 pacote 223 removido de 003 na secao 001
0001426 pacote 219 removido de 003 na secao 001
0001427 pacote 216 removido de 003 na secao 001
0001428 pacote 212 removido de 003 na secao 001
0001429 pacote 210 removido de 003 na secao 001
0001430 pacote 201 removido de 003 na secao 001
0001431 pacote 199 removido de 003 na secao 001
0001432 pacote 195 removido de 003 na secao 001
0001433 pacote 192 removido de 003 na secao 001
0001434 pacote 188 removido de 003 na secao 001
0001435 pacote 182 removido de 003 na secao 001
0001436 pacote 181 removido de 003 na secao 001
0001437 pacote 178 removido de 003 na secao 001
0001438 pacote 164 removido de 003 na secao 001
0001439 pacote 159 removido de 003 na secao 001
0001440 pacote 152 removido de 003 na secao 001
0001441 pacote 144 removido de 003 na secao 001
0001442 pacote 129 removido de 003 na secao 001
0001443 pacote 127 removido de 003 na secao 001
0001444 pacote 126 removido de 003 na secao 001
0001444 pacote 126 em transito de 003 para 001
0001444 pacote 127 em transito de 003 para 001
0001444 pacote 129 rearmazenado em 003 na secao 001
0001444 pacote 144 rearmazenado em 003 na secao 001
0001444 pacote 152 rearmazenado em 003 na secao 001
0001444 pacote 159 rearmazenado em 003 na secao 001
0001444 pacote 164 rearmazenado em 003 na secao 001
0001444 pacote 178 rearmazenado em 003 na secao 001
0001444 pacote 181 rearmazenado em 003 na secao 001
0001444 pacote 182 rearmazenado em 003 na secao 001
0001444 pacote 188 rearmazenado em 003 na secao 001
0001444 pacote 192 rearmazenado em 003 na secao 001
0001444 pacote 195 rearmazenado em 003 na secao 001
0001444 pacote 199 rearmazenado em 003 na secao 001
0001444 pacote 201 rearmazenado em 003 na secao 001
0001444 pacote 210 rearmazenado em 003 na secao 001
0001444 pacote 212 rearmazenado em 003 na secao 001
0001444 pacote 216 rearmazenado em 003 na secao 001
0001444 pacote 219 rearmazenado em 003 na secao 001
0001444 pacote 223 rearmazenado em 003 na secao 001
0001444 pacote 229 rearmazenado em 003 na secao 001
0001444 pacote 231 rearmazenado em 003 na secao 001
0001444 pacote 235 rearmazenado em 003 na secao 001
0001444 pacote 241 rearmazenado em 003 na secao 001
0001444 pacote 242 rearmazenado em 003 na secao 001
0001444 pacote 252 rearmazenado em 003 na secao 001
0001444 pacote 253 rearmazenado em 003 na secao 001
0001444 pacote 254 rearmazenado em 003 na secao 001
0001444 pacote 255 rearmazenado em 003 na secao 001
0001444 pacote 256 rearmazenado em 003 na secao 001
0001444 pacote 259 rearmazenado em 003 na secao 001
0001444 pacote 271 rearmazenado em 003 na secao 001
0001444 pacote 274 rearmazenado em 003 na secao 001
0001444 pacote 276 rearmazenado em 003 na secao 001
0001444 pacote 279 rearmazenado em 003 na secao 001
0001444 pacote 284 rearmazenado em 003 na secao 001
0001444 pacote 289 rearmazenado em 003 na secao 001
0001444 pacote 290 rearmazenado em 003 na secao 001
0001444 pacote 291 rearmazenado em 003 na secao 001
0001444 pacote 302 rearmazenado em 003 na secao 001
0001444 pacote 305 rearmazenado em 003 na secao 001
0001444 pacote 322 rearmazenado em 003 na secao 001
0001403 pacote 323 removido de 004 na secao 000
0001404 pacote 128 removido de 004 na secao 000
0001405 pacote 124 removido de 004 na secao 000
0001406 pacote 303 removido de 004 na secao 000
0001407 pacote 286 removido de 004 na secao 000
0001408 pacote 062 removido de 004 na secao 000
0001409 pacote 267 removido de 004 na secao 000
0001410 pacote 109 removido de 004 na secao 000
0001411 pacote 096 removido de 004 na secao 000
0001412 pacote 249 removido de 004 na secao 000
0001413 pacote 247 removido de 004 na secao 000
0001414 pacote 245 removido de 004 na secao 000
0001415 pacote 244 removido de 004 na secao 000
0001416 pacote 059 removido de 004 na secao 000
0001417 pacote 058 removido de 004 na secao 000
0001418 pacote 224 removido de 004 na secao 000
0001419 pacote 078 removido de 004 na secao 000
0001420 pacote 064 removido de 004 na secao 000
0001421 pacote 214 removido de 004 na secao 000
0001422 pacote 208 removido de 004 na secao 000
0001423 pacote 203 removido de 004 na secao 000
0001424 pacote 053 removido de 004 na secao 000
0001425 pacote 186 removido de 004 na secao 000
0001426 pacote 183 removido de 004 na secao 000
0001427 pacote 180 removido de 004 na secao 000
0001428 pacote 175 removido de 004 na secao 000
0001429 pacote 173 removido de 004 na secao 000
0001430 pacote 042 removido de 004 na secao 000
0001431 pacote 017 removido de 004 na secao 000
0001432 pacote 162 removido de 004 na secao 000
0001432 pacote 162 em transito de 004 para 000
0001432 pacote 017 em transito de 004 para 000
0001432 pacote 042 rearmazenado em 004 na secao 000
0001432 pacote 173 rearmazenado em 004 na secao 000
0001432 pacote 175 rearmazenado em 004 na secao 000
0001432 pacote 180 rearmazenado em 004 na secao 000
0001432 pacote 183 rearmazenado em 004 na secao 000
0001432 pacote 186 rearmazenado em 004 na secao 000
0001432 pacote 053 rearmazenado em 004 na secao 000
0001432 pacote 203 rearmazenado em 004 na secao 000
0001432 pacote 208 rearmazenado em 004 na secao 000
0001432 pacote 214 rearmazenado em 004 na secao 000
0001432 pacote 064 rearmazenado em 004 na secao 000
0001432 pacote 078 rearmazenado em 004 na secao 000
0001432 pacote 224 rearmazenado em 004 na secao 000
0001432 pacote 058 rearmazenado em 004 na secao 000
0001432 pacote 059 rearmazenado em 004 na secao 000
0001432 pacote 244 rearmazenado em 004 na secao 000
0001432 pacote 245 rearmazenado em 004 na secao 000
0001432 pacote 247 rearmazenado em 004 na secao 000
0001432 pacote 249 rearmazenado em 004 na secao 000
0001432 pacote 096 rearmazenado em 004 na secao 000
0001432 pacote 109 rearmazenado em 004 na secao 000
0001432 pacote 267 rearmazenado em 004 na secao 000
0001432 pacote 062 rearmazenado em 004 na secao 000
0001432 pacote 286 rearmazenado em 004 na secao 000
0001432 pacote 303 rearmazenado em 004 na secao 000
0001432 pacote 124 rearmazenado em 004 na secao 000
0001432 pacote 128 rearmazenado em 004 na secao 000
0001432 pacote 323 rearmazenado em 004 na secao 000
0001403 pacote 321 removido de 004 na secao 001
0001404 pacote 319 removido de 004 na secao 001
0001405 pacote 318 removido de 004 na secao 001
0001406 pacote 156 removido de 004 na secao 001
0001407 pacote 153 removido de 004 na secao 001
0001408 pacote 296 removido de 004 na secao 001
0001409 pacote 295 removido de 004 na secao 001
0001410 pacote 081 removido de 004 na secao 001
0001411 pacote 283 removido de 004 na secao 001
0001412 pacote 281 removido de 004 na secao 001
0001413 pacote 140 removido de 004 na secao 001
0001414 pacote 048 removido de 004 na secao 001
0001415 pacote 262 removido de 004 na secao 001
0001416 pacote 258 removido de 004 na secao 001
0001417 pacote 251 removido de 004 na secao 001
0001418 pacote 248 removido de 004 na secao 001
0001419 pacote 112 removido de 004 na secao 001
0001420 pacote 103 removido de 004 na secao 001
0001421 pacote 234 removido de 004 na secao 001
0001422 pacote 232 removido de 004 na secao 001
0001423 pacote 090 removido de 004 na secao 001
0001424 pacote 215 removido de 004 na secao 001
0001425 pacote 213 removido de 004 na secao 001
0001426 pacote 200 removido de 004 na secao 001
0001427 pacote 088 removido de 004 na secao 001
0001428 pacote 191 removido de 004 na secao 001
0001429 pacote 036 removido de 004 na secao 001
0001430 pacote 158 removido de 004 na secao 001
0001431 pacote 067 removido de 004 na secao 001
0001432 pacote 066 removido de 004 na secao 001
0001432 pacote 066 em transito de 004 para 001
0001432 pacote 067 em transito de 004 para 001
0001432 pacote 158 rearmazenado em 004 na secao 001
0001432 pacote 036 rearmazenado em 004 na secao 001
0001432 pacote 191 rearmazenado em 004 na secao 001
0001432 pacote 088 rearmazenado em 004 na secao 001
0001432 pacote 200 rearmazenado em 004 na secao 001
0001432 pacote 213 rearmazenado em 004 na secao 001
0001432 pacote 215 rearmazenado em 004 na secao 001
0001432 pacote 090 rearmazenado em 004 na secao 001
0001432 pacote 232 rearmazenado em 004 na secao 001
0001432 pacote 234 rearmazenado em 004 na secao 001
0001432 pacote 103 rearmazenado em 004 na secao 001
0001432 pacote 112 rearmazenado em 004 na secao 001
0001432 pacote 248 rearmazenado em 004 na secao 001
0001432 pacote 251 rearmazenado em 004 na secao 001
0001432 pacote 258 rearmazenado em 004 na secao 001
0001432 pacote 262 rearmazenado em 004 na secao 001
0001432 pacote 048 rearmazenado em 004 na secao 001
0001432 pacote 140 rearmazenado em 004 na secao 001
0001432 pacote 281 rearmazenado em 004 na secao 001
0001432 pacote 283 rearmazenado em 004 na secao 001
0001432 pacote 081 rearmazenado em 004 na secao 001
0001432 pacote 295 rearmazenado em 004 na secao 001
0001432 pacote 296 rearmazenado em 004 na secao 001
0001432 pacote 153 rearmazenado em 004 na secao 001
0001432 pacote 156 rearmazenado em 004 na secao 001
0001432 pacote 318 rearmazenado em 004 na secao 001
0001432 pacote 319 rearmazenado em 004 na secao 001
0001432 pacote 321 rearmazenado em 004 na secao 001
0001407 pacote 324 armazenado em 003 na secao 001
0001411 pacote 325 armazenado em 002 na secao 000
0001417 pacote 326 armazenado em 001 na secao 004
0001419 pacote 327 armazenado em 004 na secao 001
0001425 pacote 328 armazenado em 004 na secao 000
0001426 pacote 130 entregue em 003
0001426 pacote 282 entregue em 003
0001426 pacote 329 armazenado em 001 na secao 003
0001427 pacote 330 armazenado em 003 na secao 001
0001430 pacote 147 entregue em 002
0001430 pacote 150 entregue em 002
0001432 pacote 331 armazenado em 000 na secao 004
0001434 pacote 332 armazenado em 001 na secao 004
0001436 pacote 333 armazenado em 004 na secao 001
0001441 pacote 334 armazenado em 000 na secao 004
0001448 pacote 335 armazenado em 004 na secao 000
0001452 pacote 017 armazenado em 000 na secao 002
0001452 pacote 066 armazenado em 001 na secao 003
0001452 pacote 067 armazenado em 001 na secao 003
0001452 pacote 162 armazenado em 000 na secao 002
0001453 pacote 336 armazenado em 004 na secao 001
0001453 pacote 337 armazenado em 003 na secao 001
0001454 pacote 161 armazenado em 004 na secao 001
0001454 pacote 165 armazenado em 004 na secao 001
0001458 pacote 142 armazenado em 000 na secao 004
0001458 pacote 143 armazenado em 000 na secao 004
0001461 pacote 135 armazenado em 004 na secao 000
0001461 pacote 137 entregue em 004
0001462 pacote 338 armazenado em 004 na secao 001
0001463 pacote 339 armazenado em 000 na secao 002
0001464 pacote 126 armazenado em 001 na secao 004
0001464 pacote 127 entregue em 001
0001470 pacote 340 armazenado em 001 na secao 004
0001478 pacote 341 armazenado em 000 na secao 002
0001482 pacote 342 armazenado em 003 na secao 001
0001490 pacote 343 armazenado em 004 na secao 001
0001491 pacote 344 armazenado em 001 na secao 004
0001500 pacote 345 armazenado em 004 na secao 001
0001503 pacote 341 removido de 000 na secao 002
0001504 pacote 339 removido de 000 na secao 002
0001505 pacote 162 removido de 000 na secao 002
0001506 pacote 017 removido de 000 na secao 002
0001507 pacote 312 removido de 000 na secao 002
0001508 pacote 155 removido de 000 na secao 002
0001509 pacote 151 removido de 000 na secao 002
0001510 pacote 307 removido de 000 na secao 002
0001511 pacote 301 removido de 000 na secao 002
0001512 pacote 285 removido de 000 na secao 002
0001512 pacote 285 em transito de 000 para 002
0001512 pacote 301 em transito de 000 para 002
0001512 pacote 307 rearmazenado em 000 na secao 002
0001512 pacote 151 rearmazenado em 000 na secao 002
0001512 pacote 155 rearmazenado em 000 na secao 002
0001512 pacote 312 rearmazenado em 000 na secao 002
0001512 pacote 017 rearmazenado em 000 na secao 002
0001512 pacote 162 rearmazenado em 000 na secao 002
0001512 pacote 339 rearmazenado em 000 na secao 002
0001512 pacote 341 rearmazenado em 000 na secao 002
0001503 pacote 143 removido de 000 na secao 004
0001504 pacote 142 removido de 000 na secao 004
0001505 pacote 334 removido de 000 na secao 004
0001506 pacote 331 removido de 000 na secao 004
0001507 pacote 313 removido de 000 na secao 004
0001508 pacote 136 removido de 000 na secao 004
0001509 pacote 304 removido de 000 na secao 004
0001510 pacote 298 removido de 000 na secao 004
0001511 pacote 120 removido de 000 na secao 004
0001512 pacote 280 removido de 000 na secao 004
0001513 pacote 278 removido de 000 na secao 004
0001514 pacote 275 removido de 000 na secao 004
0001515 pacote 268 removido de 000 na secao 004
0001516 pacote 116 removido de 000 na secao 004
0001517 pacote 113 removido de 000 na secao 004
0001518 pacote 263 removido de 000 na secao 004
0001519 pacote 111 removido de 000 na secao 004
0001520 pacote 239 removido de 000 na secao 004
0001521 pacote 233 removido de 000 na secao 004
0001522 pacote 099 removido de 000 na secao 004
0001523 pacote 097 removido de 000 na secao 004
0001524 pacote 220 removido de 000 na secao 004
0001525 pacote 217 removido de 000 na secao 004
0001526 pacote 202 removido de 000 na secao 004
0001527 pacote 094 removido de 000 na secao 004
0001528 pacote 091 removido de 000 na secao 004
0001529 pacote 193 removido de 000 na secao 004
0001530 pacote 187 removido de 000 na secao 004
0001531 pacote 176 removido de 000 na secao 004
0001532 pacote 086 removido de 000 na secao 004
0001533 pacote 083 removido de 000 na secao 004
0001534 pacote 171 removido de 000 na secao 004
0001535 pacote 170 removido de 000 na secao 004
0001536 pacote 169 removido de 000 na secao 004
0001536 pacote 169 em transito de 000 para 004
0001536 pacote 170 em transito de 000 para 004
0001536 pacote 171 rearmazenado em 000 na secao 004
0001536 pacote 083 rearmazenado em 000 na secao 004
0001536 pacote 086 rearmazenado em 000 na secao 004
0001536 pacote 176 rearmazenado em 000 na secao 004
0001536 pacote 187 rearmazenado em 000 na secao 004
0001536 pacote 193 rearmazenado em 000 na secao 004
0001536 pacote 091 rearmazenado em 000 na secao 004
0001536 pacote 094 rearmazenado em 000 na secao 004
0001536 pacote 202 rearmazenado em 000 na secao 004
0001536 pacote 217 rearmazenado em 000 na secao 004
0001536 pacote 220 rearmazenado em 000 na secao 004
0001536 pacote 097 rearmazenado em 000 na secao 004
0001536 pacote 099 rearmazenado em 000 na secao 004
0001536 pacote 233 rearmazenado em 000 na secao 004
0001536 pacote 239 rearmazenado em 000 na secao 004
0001536 pacote 111 rearmazenado em 000 na secao 004
0001536 pacote 263 rearmazenado em 000 na secao 004
0001536 pacote 113 rearmazenado em 000 na secao 004
0001536 pacote 116 rearmazenado em 000 na secao 004
0001536 pacote 268 rearmazenado em 000 na secao 004
0001536 pacote 275 rearmazenado em 000 na secao 004
0001536 pacote 278 rearmazenado em 000 na secao 004
0001536 pacote 280 rearmazenado em 000 na secao 004
0001536 pacote 120 rearmazenado em 000 na secao 004
0001536 pacote 298 rearmazenado em 000 na secao 004
0001536 pacote 304 rearmazenado em 000 na secao 004
0001536 pacote 136 rearmazenado em 000 na secao 004
0001536 pacote 313 rearmazenado em 000 na secao 004
0001536 pacote 331 rearmazenado em 000 na secao 004
0001536 pacote 334 rearmazenado em 000 na secao 004
0001536 pacote 142 rearmazenado em 000 na secao 004
0001536 pacote 143 rearmazenado em 000 na secao 004
0001503 pacote 067 removido de 001 na secao 003
0001504 pacote 066 removido de 001 na secao 003
0001505 pacote 329 removido de 001 na secao 003
0001506 pacote 310 removido de 001 na secao 003
0001507 pacote 133 removido de 001 na secao 003
0001507 pacote 133 em transito de 001 para 003
0001507 pacote 310 em transito de 001 para 003
0001507 pacote 329 rearmazenado em 001 na secao 003
0001507 pacote 066 rearmazenado em 001 na secao 003
0001507 pacote 067 rearmazenado em 001 na secao 003
0001503 pacote 344 removido de 001 na secao 004
0001504 pacote 340 removido de 001 na secao 004
0001505 pacote 126 removido de 001 na secao 004
0001506 pacote 332 removido de 001 na secao 004
0001507 pacote 326 removido de 001 na secao 004
0001508 pacote 317 removido de 001 na secao 004
0001509 pacote 316 removido de 001 na secao 004
0001510 pacote 314 removido de 001 na secao 004
0001511 pacote 123 removido de 001 na secao 004
0001512 pacote 121 removido de 001 na secao 004
0001513 pacote 309 removido de 001 na secao 004
0001514 pacote 306 removido de 001 na secao 004
0001515 pacote 294 removido de 001 na secao 004
0001516 pacote 293 removido de 001 na secao 004
0001517 pacote 287 removido de 001 na secao 004
0001518 pacote 117 removido de 001 na secao 004
0001519 pacote 277 removido de 001 na secao 004
0001520 pacote 273 removido de 001 na secao 004
0001521 pacote 270 removido de 001 na secao 004
0001522 pacote 269 removido de 001 na secao 004
0001523 pacote 115 removido de 001 na secao 004
0001524 pacote 260 removido de 001 na secao 004
0001525 pacote 243 removido de 001 na secao 004
0001526 pacote 105 removido de 001 na secao 004
0001527 pacote 237 removido de 001 na secao 004
0001528 pacote 236 removido de 001 na secao 004
0001529 pacote 226 removido de 001 na secao 004
0001530 pacote 098 removido de 001 na secao 004
0001531 pacote 095 removido de 001 na secao 004
0001532 pacote 222 removido de 001 na secao 004
0001533 pacote 218 removido de 001 na secao 004
0001534 pacote 211 removido de 001 na secao 004
0001535 pacote 204 removido de 001 na secao 004
0001536 pacote 082 removido de 001 na secao 004
0001537 pacote 194 removido de 001 na secao 004
0001538 pacote 080 removido de 001 na secao 004
0001539 pacote 167 removido de 001 na secao 004
0001540 pacote 163 removido de 001 na secao 004
0001541 pacote 073 removido de 001 na secao 004
0001542 pacote 141 removido de 001 na secao 004
0001543 pacote 139 removido de 001 na secao 004
0001544 pacote 138 removido de 001 na secao 004
0001544 pacote 138 em transito de 001 para 004
0001544 pacote 139 em transito de 001 para 004
0001544 pacote 141 rearmazenado em 001 na secao 004
0001544 pacote 073 rearmazenado em 001 na secao 004
0001544 pacote 163 rearmazenado em 001 na secao 004
0001544 pacote 167 rearmazenado em 001 na secao 004
0001544 pacote 080 rearmazenado em 001 na secao 004
0001544 pacote 194 rearmazenado em 001 na secao 004
0001544 pacote 082 rearmazenado em 001 na secao 004
0001544 pacote 204 rearmazenado em 001 na secao 004
0001544 pacote 211 rearmazenado em 001 na secao 004
0001544 pacote 218 rearmazenado em 001 na secao 004
0001544 pacote 222 rearmazenado em 001 na secao 004
0001544 pacote 095 rearmazenado em 001 na secao 004
0001544 pacote 098 rearmazenado em 001 na secao 004
0001544 pacote 226 rearmazenado em 001 na secao 004
0001544 pacote 236 rearmazenado em 001 na secao 004
0001544 pacote 237 rearmazenado em 001 na secao 004
0001544 pacote 105 rearmazenado em 001 na secao 004
0001544 pacote 243 rearmazenado em 001 na secao 004
0001544 pacote 260 rearmazenado em 001 na secao 004
0001544 pacote 115 rearmazenado em 001 na secao 004
0001544 pacote 269 rearmazenado em 001 na secao 004
0001544 pacote 270 rearmazenado em 001 na secao 004
0001544 pacote 273 rearmazenado em 001 na secao 004
0001544 pacote 277 rearmazenado em 001 na secao 004
0001544 pacote 117 rearmazenado em 001 na secao 004
0001544 pacote 287 rearmazenado em 001 na secao 004
0001544 pacote 293 rearmazenado em 001 na secao 004
0001544 pacote 294 rearmazenado em 001 na secao 004
0001544 pacote 306 rearmazenado em 001 na secao 004
0001544 pacote 309 rearmazenado em 001 na secao 004
0001544 pacote 121 rearmazenado em 001 na secao 004
0001544 pacote 123 rearmazenado em 001 na secao 004
0001544 pacote 314 rearmazenado em 001 na secao 004
0001544 pacote 316 rearmazenado em 001 na secao 004
0001544 pacote 317 rearmazenado em 001 na secao 004
0001544 pacote 326 rearmazenado em 001 na secao 004
0001544 pacote 332 rearmazenado em 001 na secao 004
0001544 pacote 126 rearmazenado em 001 na secao 004
0001544 pacote 340 rearmazenado em 001 na secao 004
0001544 pacote 344 rearmazenado em 001 na secao 004
0001503 pacote 325 removido de 002 na secao 000
0001504 pacote 320 removido de 002 na secao 000
0001505 pacote 315 removido de 002 na secao 000
0001506 pacote 311 removido de 002 na secao 000
0001507 pacote 308 removido de 002 na secao 000
0001508 pacote 300 removido de 002 na secao 000
0001509 pacote 299 removido de 002 na secao 000
0001510 pacote 297 removido de 002 na secao 000
0001511 pacote 292 removido de 002 na secao 000
0001512 pacote 288 removido de 002 na secao 000
0001513 pacote 266 removido de 002 na secao 000
0001514 pacote 264 removido de 002 na secao 000
0001515 pacote 261 removido de 002 na secao 000
0001516 pacote 257 removido de 002 na secao 000
0001517 pacote 250 removido de 002 na secao 000
0001518 pacote 246 removido de 002 na secao 000
0001519 pacote 238 removido de 002 na secao 000
0001520 pacote 230 removido de 002 na secao 000
0001521 pacote 228 removido de 002 na secao 000
0001522 pacote 227 removido de 002 na secao 000
0001523 pacote 221 removido de 002 na secao 000
0001524 pacote 207 removido de 002 na secao 000
0001525 pacote 205 removido de 002 na secao 000
0001526 pacote 198 removido de 002 na secao 000
0001527 pacote 196 removido de 002 na secao 000
0001528 pacote 184 removido de 002 na secao 000
0001529 pacote 179 removido de 002 na secao 000
0001530 pacote 177 removido de 002 na secao 000
0001531 pacote 174 removido de 002 na secao 000
0001532 pacote 172 removido de 002 na secao 000
0001533 pacote 154 removido de 002 na secao 000
0001534 pacote 149 removido de 002 na secao 000
0001535 pacote 148 removido de 002 na secao 000
0001536 pacote 146 removido de 002 na secao 000
0001537 pacote 145 removido de 002 na secao 000
0001537 pacote 145 em transito de 002 para 000
0001537 pacote 146 em transito de 002 para 000
0001537 pacote 148 rearmazenado em 002 na secao 000
0001537 pacote 149 rearmazenado em 002 na secao 000
0001537 pacote 154 rearmazenado em 002 na secao 000
0001537 pacote 172 rearmazenado em 002 na secao 000
0001537 pacote 174 rearmazenado em 002 na secao 000
0001537 pacote 177 rearmazenado em 002 na secao 000
0001537 pacote 179 rearmazenado em 002 na secao 000
0001537 pacote 184 rearmazenado em 002 na secao 000
0001537 pacote 196 rearmazenado em 002 na secao 000
0001537 pacote 198 rearmazenado em 002 na secao 000
0001537 pacote 205 rearmazenado em 002 na secao 000
0001537 pacote 207 rearmazenado em 002 na secao 000
0001537 pacote 221 rearmazenado em 002 na secao 000
0001537 pacote 227 rearmazenado em 002 na secao 000
0001537 pacote 228 rearmazenado em 002 na secao 000
0001537 pacote 230 rearmazenado em 002 na secao 000
0001537 pacote 238 rearmazenado em 002 na secao 000
0001537 pacote 246 rearmazenado em 002 na secao 000
0001537 pacote 250 rearmazenado em 002 na secao 000
0001537 pacote 257 rearmazenado em 002 na secao 000
0001537 pacote 261 rearmazenado em 002 na secao 000
0001537 pacote 264 rearmazenado em 002 na secao 000
0001537 pacote 266 rearmazenado em 002 na secao 000
0001537 pacote 288 rearmazenado em 002 na secao 000
0001537 pacote 292 rearmazenado em 002 na secao 000
0001537 pacote 297 rearmazenado em 002 na secao 000
0001537 pacote 299 rearmazenado em 002 na secao 000
0001537 pacote 300 rearmazenado em 002 na secao 000
0001537 pacote 308 rearmazenado em 002 na secao 000
0001537 pacote 311 rearmazenado em 002 na secao 000
0001537 pacote 315 rearmazenado em 002 na secao 000
0001537 pacote 320 rearmazenado em 002 na secao 000
0001537 pacote 325 rearmazenado em 002 na secao 000
0001503 pacote 342 removido de 003 na secao 001
0001504 pacote 337 removido de 003 na secao 001
0001505 pacote 330 removido de 003 na secao 001
0001506 pacote 324 removido de 003 na secao 001
0001507 pacote 322 removido de 003 na secao 001
0001508 pacote 305 removido de 003 na secao 001
0001509 pacote 302 removido de 003 na secao 001
0001510 pacote 291 removido de 003 na secao 001
0001511 pacote 290 removido de 003 na secao 001
0001512 pacote 289 removido de 003 na secao 001
0001513 pacote 284 removido de 003 na secao 001
0001514 pacote 279 removido de 003 na secao 001
0001515 pacote 276 removido de 003 na secao 001
0001516 pacote 274 removido de 003 na secao 001
0001517 pacote 271 removido de 003 na secao 001
0001518 pacote 259 removido de 003 na secao 001
0001519 pacote 256 removido de 003 na secao 001
0001520 pacote 255 removido de 003 na secao 001
0001521 pacote 254 removido de 003 na secao 001
0001522 pacote 253 removido de 003 na secao 001
0001523 pacote 252 removido de 003 na secao 001
0001524 pacote 242 removido de 003 na secao 001
0001525 pacote 241 removido de 003 na secao 001
0001526 pacote 235 removido de 003 na secao 001
0001527 pacote 231 removido de 003 na secao 001
0001528 pacote 229 removido de 003 na secao 001
0001529 pacote 223 removido de 003 na secao 001
0001530 pacote 219 removido de 003 na secao 001
0001531 pacote 216 removido de 003 na secao 001
0001532 pacote 212 removido de 003 na secao 001
0001533 pacote 210 removido de 003 na secao 001
0001534 pacote 201 removido de 003 na secao 001
0001535 pacote 199 removido de 003 na secao 001
0001536 pacote 195 removido de 003 na secao 001
0001537 pacote 192 removido de 003 na secao 001
0001538 pacote 188 removido de 003 na secao 001
0001539 pacote 182 removido de 003 na secao 001
0001540 pacote 181 removido de 003 na secao 001
0001541 pacote 178 removido de 003 na secao 001
0001542 pacote 164 removido de 003 na secao 001
0001543 pacote 159 removido de 003 na secao 001
0001544 pacote 152 removido de 003 na secao 001
0001545 pacote 144 removido de 003 na secao 001
0001546 pacote 129 removido de 003 na secao 001
0001546 pacote 129 em transito de 003 para 001
0001546 pacote 144 em transito de 003 para 001
0001546 pacote 152 rearmazenado em 003 na secao 001
0001546 pacote 159 rearmazenado em 003 na secao 001
0001546 pacote 164 rearmazenado em 003 na secao 001
0001546 pacote 178 rearmazenado em 003 na secao 001
0001546 pacote 181 rearmazenado em 003 na secao 001
0001546 pacote 182 rearmazenado em 003 na secao 001
0001546 pacote 188 rearmazenado em 003 na secao 001
0001546 pacote 192 rearmazenado em 003 na secao 001
0001546 pacote 195 rearmazenado em 003 na secao 001
0001546 pacote 199 rearmazenado em 003 na secao 001
0001546 pacote 201 rearmazenado em 003 na secao 001
0001546 pacote 210 rearmazenado em 003 na secao 001
0001546 pacote 212 rearmazenado em 003 na secao 001
0001546 pacote 216 rearmazenado em 003 na secao 001
0001546 pacote 219 rearmazenado em 003 na secao 001
0001546 pacote 223 rearmazenado em 003 na secao 001
0001546 pacote 229 rearmazenado em 003 na secao 001
0001546 pacote 231 rearmazenado em 003 na secao 001
0001546 pacote 235 rearmazenado em 003 na secao 001
0001546 pacote 241 rearmazenado em 003 na secao 001
0001546 pacote 242 rearmazenado em 003 na secao 001
0001546 pacote 252 rearmazenado em 003 na secao 001
0001546 pacote 253 rearmazenado em 003 na secao 001
0001546 pacote 254 rearmazenado em 003 na secao 001
0001546 pacote 255 rearmazenado em 003 na secao 001
0001546 pacote 256 rearmazenado em 003 na secao 001
0001546 pacote 259 rearmazenado em 003 na secao 001
0001546 pacote 271 rearmazenado em 003 na secao 001
0001546 pacote 274 rearmazenado em 003 na secao 001
0001546 pacote 276 rearmazenado em 003 na secao 001
0001546 pacote 279 rearmazenado em 003 na secao 001
0001546 pacote 284 rearmazenado em 003 na secao 001
0001546 pacote 289 rearmazenado em 003 na secao 001
0001546 pacote 290 rearmazenado em 003 na secao 001
0001546 pacote 291 rearmazenado em 003 na secao 001
0001546 pacote 302 rearmazenado em 003 na secao 001
0001546 pacote 305 rearmazenado em 003 na secao 001
0001546 pacote 322 rearmazenado em 003 na secao 001
0001546 pacote 324 rearmazenado em 003 na secao 001
0001546 pacote 330 rearmazenado em 003 na secao 001
0001546 pacote 337 rearmazenado em 003 na secao 001
0001546 pacote 342 rearmazenado em 003 na secao 001
0001503 pacote 135 removido de 004 na secao 000
0001504 pacote 335 removido de 004 na secao 000
0001505 pacote 328 removido de 004 na secao 000
0001506 pacote 323 removido de 004 na secao 000
0001507 pacote 128 removido de 004 na secao 000
0001508 pacote 124 removido de 004 na secao 000
0001509 pacote 303 removido de 004 na secao 000
0001510 pacote 286 removido de 004 na secao 000
0001511 pacote 062 removido de 004 na secao 000
0001512 pacote 267 removido de 004 na secao 000
0001513 pacote 109 removido de 004 na secao 000
0001514 pacote 096 removido de 004 na secao 000
0001515 pacote 249 removido de 004 na secao 000
0001516 pacote 247 removido de 004 na secao 000
0001517 pacote 245 removido de 004 na secao 000
0001518 pacote 244 removido de 004 na secao 000
0001519 pacote 059 removido de 004 na secao 000
0001520 pacote 058 removido de 004 na secao 000
0001521 pacote 224 removido de 004 na secao 000
0001522 pacote 078 removido de 004 na secao 000
0001523 pacote 064 removido de 004 na secao 000
0001524 pacote 214 removido de 004 na secao 000
0001525 pacote 208 removido de 004 na secao 000
0001526 pacote 203 removido de 004 na secao 000
0001527 pacote 053 removido de 004 na secao 000
0001528 pacote 186 removido de 004 na secao 000
0001529 pacote 183 removido de 004 na secao 000
0001530 pacote 180 removido de 004 na secao 000
0001531 pacote 175 removido de 004 na secao 000
0001532 pacote 173 removido de 004 na secao 000
0001533 pacote 042 removido de 004 na secao 000
0001533 pacote 042 em transito de 004 para 000
0001533 pacote 173 em transito de 004 para 000
0001533 pacote 175 rearmazenado em 004 na secao 000
0001533 pacote 180 rearmazenado em 004 na secao 000
0001533 pacote 183 rearmazenado em 004 na secao 000
0001533 pacote 186 rearmazenado em 004 na secao 000
0001533 pacote 053 rearmazenado em 004 na secao 000
0001533 pacote 203 rearmazenado em 004 na secao 000
0001533 pacote 208 rearmazenado em 004 na secao 000
0001533 pacote 214 rearmazenado em 004 na secao 000
0001533 pacote 064 rearmazenado em 004 na secao 000
0001533 pacote 078 rearmazenado em 004 na secao 000
0001533 pacote 224 rearmazenado em 004 na secao 000
0001533 pacote 058 rearmazenado em 004 na secao 000
0001533 pacote 059 rearmazenado em 004 na secao 000
0001533 pacote 244 rearmazenado em 004 na secao 000
0001533 pacote 245 rearmazenado em 004 na secao 000
0001533 pacote 247 rearmazenado em 004 na secao 000
0001533 pacote 249 rearmazenado em 004 na secao 000
0001533 pacote 096 rearmazenado em 004 na secao 000
0001533 pacote 109 rearmazenado em 004 na secao 000
0001533 pacote 267 rearmazenado em 004 na secao 000
0001533 pacote 062 rearmazenado em 004 na secao 000
0001533 pacote 286 rearmazenado em 004 na secao 000
0001533 pacote 303 rearmazenado em 004 na secao 000
0001533 pacote 124 rearmazenado em 004 na secao 000
0001533 pacote 128 rearmazenado em 004 na secao 000
0001533 pacote 323 rearmazenado em 004 na secao 000
0001533 pacote 328 rearmazenado em 004 na secao 000
0001533 pacote 335 rearmazenado em 004 na secao 000
0001533 pacote 135 rearmazenado em 004 na secao 000
0001503 pacote 345 removido de 004 na secao 001
0001504 pacote 343 removido de 004 na secao 001
0001505 pacote 338 removido de 004 na secao 001
0001506 pacote 165 removido de 004 na secao 001
0001507 pacote 161 removido de 004 na secao 001
0001508 pacote 336 removido de 004 na secao 001
0001509 pacote 333 removido de 004 na secao 001
0001510 pacote 327 removido de 004 na secao 001
0001511 pacote 321 removido de 004 na secao 001
0001512 pacote 319 removido de 004 na secao 001
0001513 pacote 318 removido de 004 na secao 001
0001514 pacote 156 removido de 004 na secao 001
0001515 pacote 153 removido de 004 na secao 001
0001516 pacote 296 removido de 004 na secao 001
0001517 pacote 295 removido de 004 na secao 001
0001518 pacote 081 removido de 004 na secao 001
0001519 pacote 283 removido de 004 na secao 001
0001520 pacote 281 removido de 004 na secao 001
0001521 pacote 140 removido de 004 na secao 001
0001522 pacote 048 removido de 004 na secao 001
0001523 pacote 262 removido de 004 na secao 001
0001524 pacote 258 removido de 004 na secao 001
0001525 pacote 251 removido de 004 na secao 001
0001526 pacote 248 removido de 004 na secao 001
0001527 pacote 112 removido de 004 na secao 001
0001528 pacote 103 removido de 004 na secao 001
0001529 pacote 234 removido de 004 na secao 001
0001530 pacote 232 removido de 004 na secao 001
0001531 pacote 090 removido de 004 na secao 001
0001532 pacote 215 removido de 004 na secao 001
0001533 pacote 213 removido de 004 na secao 001
0001534 pacote 200 removido de 004 na secao 001
0001535 pacote 088 removido de 004 na secao 001
0001536 pacote 191 removido de 004 na secao 001
0001537 pacote 036 removido de 004 na secao 001
0001538 pacote 158 removido de 004 na secao 001
0001538 pacote 158 em transito de 004 para 001
0001538 pacote 036 em transito de 004 para 001
0001538 pacote 191 rearmazenado em 004 na secao 001
0001538 pacote 088 rearmazenado em 004 na secao 001
0001538 pacote 200 rearmazenado em 004 na secao 001
0001538 pacote 213 rearmazenado em 004 na secao 001
0001538 pacote 215 rearmazenado em 004 na secao 001
0001538 pacote 090 rearmazenado em 004 na secao 001
0001538 pacote 232 rearmazenado em 004 na secao 001
0001538 pacote 234 rearmazenado em 004 na secao 001
0001538 pacote 103 rearmazenado em 004 na secao 001
0001538 pacote 112 rearmazenado em 004 na secao 001
0001538 pacote 248 rearmazenado em 004 na secao 001
0001538 pacote 251 rearmazenado em 004 na secao 001
0001538 pacote 258 rearmazenado em 004 na secao 001
0001538 pacote 262 rearmazenado em 004 na secao 001
0001538 pacote 048 rearmazenado em 004 na secao 001
0001538 pacote 140 rearmazenado em 004 na secao 001
0001538 pacote 281 rearmazenado em 004 na secao 001
0001538 pacote 283 rearmazenado em 004 na secao 001
0001538 pacote 081 rearmazenado em 004 na secao 001
0001538 pacote 295 rearmazenado em 004 na secao 001
0001538 pacote 296 rearmazenado em 004 na secao 001
0001538 pacote 153 rearmazenado em 004 na secao 001
0001538 pacote 156 rearmazenado em 004 na secao 001
0001538 pacote 318 rearmazenado em 004 na secao 001
0001538 pacote 319 rearmazenado em 004 na secao 001
0001538 pacote 321 rearmazenado em 004 na secao 001
0001538 pacote 327 rearmazenado em 004 na secao 001
0001538 pacote 333 rearmazenado em 004 na secao 001
0001538 pacote 336 rearmazenado em 004 na secao 001
0001538 pacote 161 rearmazenado em 004 na secao 001
0001538 pacote 165 rearmazenado em 004 na secao 001
0001538 pacote 338 rearmazenado em 004 na secao 001
0001538 pacote 343 rearmazenado em 004 na secao 001
0001538 pacote 345 rearmazenado em 004 na secao 001
0001506 pacote 346 armazenado em 004 na secao 000
0001507 pacote 347 armazenado em 002 na secao 000
0001510 pacote 348 armazenado em 003 na secao 001
0001518 pacote 349 armazenado em 000 na secao 004
0001526 pacote 350 armazenado em 003 na secao 001
0001527 pacote 133 entregue em 003
0001527 pacote 310 entregue em 003
0001530 pacote 351 armazenado em 000 na secao 004
0001532 pacote 285 entregue em 002
0001532 pacote 301 entregue em 002
0001536 pacote 352 armazenado em 002 na secao 000
0001538 pacote 353 armazenado em 003 na secao 001
0001543 pacote 354 armazenado em 000 na secao 002
0001548 pacote 355 armazenado em 002 na secao 000
0001553 pacote 042 entregue em 000
0001553 pacote 173 armazenado em 000 na secao 002
0001556 pacote 169 armazenado em 004 na secao 001
0001556 pacote 170 armazenado em 004 na secao 001
0001556 pacote 356 armazenado em 002 na secao 000
0001557 pacote 145 entregue em 000
0001557 pacote 146 entregue em 000
0001558 pacote 036 armazenado em 001 na secao 003
0001558 pacote 158 entregue em 001
0001560 pacote 357 armazenado em 002 na secao 000
0001564 pacote 138 entregue em 004
0001564 pacote 139 entregue em 004
0001566 pacote 129 armazenado em 001 na secao 004
0001566 pacote 144 armazenado em 001 na secao 004
0001569 pacote 358 armazenado em 004 na secao 001
0001569 pacote 359 armazenado em 004 na secao 001
0001577 pacote 360 armazenado em 004 na secao 000
0001582 pacote 361 armazenado em 004 na secao 000
0001586 pacote 362 armazenado em 001 na secao 003
0001591 pacote 363 armazenado em 004 na secao 001
0001596 pacote 364 armazenado em 001 na secao 004
0001603 pacote 173 removido de 000 na secao 002
0001604 pacote 354 removido de 000 na secao 002
0001605 pacote 341 removido de 000 na secao 002
0001606 pacote 339 removido de 000 na secao 002
0001607 pacote 162 removido de 000 na secao 002
0001608 pacote 017 removido de 000 na secao 002
0001609 pacote 312 removido de 000 na secao 002
0001610 pacote 155 removido de 000 na secao 002
0001611 pacote 151 removido de 000 na secao 002
0001612 pacote 307 removido de 000 na secao 002
0001612 pacote 307 em transito de 000 para 002
0001612 pacote 151 em transito de 000 para 002
0001612 pacote 155 rearmazenado em 000 na secao 002
0001612 pacote 312 rearmazenado em 000 na secao 002
0001612 pacote 017 rearmazenado em 000 na secao 002
0001612 pacote 162 rearmazenado em 000 na secao 002
0001612 pacote 339 rearmazenado em 000 na secao 002
0001612 pacote 341 rearmazenado em 000 na secao 002
0001612 pacote 354 rearmazenado em 000 na secao 002
0001612 pacote 173 rearmazenado em 000 na secao 002
0001603 pacote 351 removido de 000 na secao 004
0001604 pacote 349 removido de 000 na secao 004
0001605 pacote 143 removido de 000 na secao 004
0001606 pacote 142 removido de 000 na secao 004
0001607 pacote 334 removido de 000 na secao 004
0001608 pacote 331 removido de 000 na secao 004
0001609 pacote 313 removido de 000 na secao 004
0001610 pacote 136 removido de 000 na secao 004
0001611 pacote 304 removido de 000 na secao 004
0001612 pacote 298 removido de 000 na secao 004
0001613 pacote 120 removido de 000 na secao 004
0001614 pacote 280 removido de 000 na secao 004
0001615 pacote 278 removido de 000 na secao 004
0001616 pacote 275 removido de 000 na secao 004
0001617 pacote 268 removido de 000 na secao 004
0001618 pacote 116 removido de 000 na secao 004
0001619 pacote 113 removido de 000 na secao 004
0001620 pacote 263 removido de 000 na secao 004
0001621 pacote 111 removido de 000 na secao 004
0001622 pacote 239 removido de 000 na secao 004
0001623 pacote 233 removido de 000 na secao 004
0001624 pacote 099 removido de 000 na secao 004
0001625 pacote 097 removido de 000 na secao 004
0001626 pacote 220 removido de 000 na secao 004
0001627 pacote 217 removido de 000 na secao 004
0001628 pacote 202 removido de 000 na secao 004
0001629 pacote 094 removido de 000 na secao 004
0001630 pacote 091 removido de 000 na secao 004
0001631 pacote 193 removido de 000 na secao 004
0001632 pacote 187 removido de 000 na secao 004
0001633 pacote 176 removido de 000 na secao 004
0001634 pacote 086 removido de 000 na secao 004
0001635 pacote 083 removido de 000 na secao 004
0001636 pacote 171 removido de 000 na secao 004
0001636 pacote 171 em transito de 000 para 004
0001636 pacote 083 em transito de 000 para 004
0001636 pacote 086 rearmazenado em 000 na secao 004
0001636 pacote 176 rearmazenado em 000 na secao 004
0001636 pacote 187 rearmazenado em 000 na secao 004
0001636 pacote 193 rearmazenado em 000 na secao 004
0001636 pacote 091 rearmazenado em 000 na secao 004
0001636 pacote 094 rearmazenado em 000 na secao 004
0001636 pacote 202 rearmazenado em 000 na secao 004
0001636 pacote 217 rearmazenado em 000 na secao 004
0001636 pacote 220 rearmazenado em 000 na secao 004
0001636 pacote 097 rearmazenado em 000 na secao 004
0001636 pacote 099 rearmazenado em 000 na secao 004
0001636 pacote 233 rearmazenado em 000 na secao 004
0001636 pacote 239 rearmazenado em 000 na secao 004
0001636 pacote 111 rearmazenado em 000 na secao 004
0001636 pacote 263 rearmazenado em 000 na secao 004
0001636 pacote 113 rearmazenado em 000 na secao 004
0001636 pacote 116 rearmazenado em 000 na secao 004
0001636 pacote 268 rearmazenado em 000 na secao 004
0001636 pacote 275 rearmazenado em 000 na secao 004
0001636 pacote 278 rearmazenado em 000 na secao 004
0001636 pacote 280 rearmazenado em 000 na secao 004
0001636 pacote 120 rearmazenado em 000 na secao 004
0001636 pacote 298 rearmazenado em 000 na secao 004
0001636 pacote 304 rearmazenado em 000 na secao 004
0001636 pacote 136 rearmazenado em 000 na secao 004
0001636 pacote 313 rearmazenado em 000 na secao 004
0001636 pacote 331 rearmazenado em 000 na secao 004
0001636 pacote 334 rearmazenado em 000 na secao 004
0001636 pacote 142 rearmazenado em 000 na secao 004
0001636 pacote 143 rearmazenado em 000 na secao 004
0001636 pacote 349 rearmazenado em 000 na secao 004
0001636 pacote 351 rearmazenado em 000 na secao 004
0001603 pacote 362 removido de 001 na secao 003
0001604 pacote 036 removido de 001 na secao 003
0001605 pacote 067 removido de 001 na secao 003
0001606 pacote 066 removido de 001 na secao 003
0001607 pacote 329 removido de 001 na secao 003
0001607 pacote 329 em transito de 001 para 003
0001607 pacote 066 em transito de 001 para 003
0001607 pacote 067 rearmazenado em 001 na secao 003
0001607 pacote 036 rearmazenado em 001 na secao 003
0001607 pacote 362 rearmazenado em 001 na secao 003
0001603 pacote 364 removido de 001 na secao 004
0001604 pacote 144 removido de 001 na secao 004
0001605 pacote 129 removido de 001 na secao 004
0001606 pacote 344 removido de 001 na secao 004
0001607 pacote 340 removido de 001 na secao 004
0001608 pacote 126 removido de 001 na secao 004
0001609 pacote 332 removido de 001 na secao 004
0001610 pacote 326 removido de 001 na secao 004
0001611 pacote 317 removido de 001 na secao 004
0001612 pacote 316 removido de 001 na secao 004
0001613 pacote 314 removido de 001 na secao 004
0001614 pacote 123 removido de 001 na secao 004
0001615 pacote 121 removido de 001 na secao 004
0001616 pacote 309 removido de 001 na secao 004
0001617 pacote 306 removido de 001 na secao 004
0001618 pacote 294 removido de 001 na secao 004
0001619 pacote 293 removido de 001 na secao 004
0001620 pacote 287 removido de 001 na secao 004
0001621 pacote 117 removido de 001 na secao 004
0001622 pacote 277 removido de 001 na secao 004
0001623 pacote 273 removido de 001 na secao 004
0001624 pacote 270 removido de 001 na secao 004
0001625 pacote 269 removido de 001 na secao 004
0001626 pacote 115 removido de 001 na secao 004
0001627 pacote 260 removido de 001 na secao 004
0001628 pacote 243 removido de 001 na secao 004
0001629 pacote 105 removido de 001 na secao 004
0001630 pacote 237 removido de 001 na secao 004
0001631 pacote 236 removido de 001 na secao 004
0001632 pacote 226 removido de 001 na secao 004
0001633 pacote 098 removido de 001 na secao 004
0001634 pacote 095 removido de 001 na secao 004
0001635 pacote 222 removido de 001 na secao 004
0001636 pacote 218 removido de 001 na secao 004
0001637 pacote 211 removido de 001 na secao 004
0001638 pacote 204 removido de 001 na secao 004
0001639 pacote 082 removido de 001 na secao 004
0001640 pacote 194 removido de 001 na secao 004
0001641 pacote 080 removido de 001 na secao 004
0001642 pacote 167 removido de 001 na secao 004
0001643 pacote 163 removido de 001 na secao 004
0001644 pacote 073 removido de 001 na secao 004
0001645 pacote 141 removido de 001 na secao 004
0001645 pacote 141 em transito de 001 para 004
0001645 pacote 073 em transito de 001 para 004
0001645 pacote 163 rearmazenado em 001 na secao 004
0001645 pacote 167 rearmazenado em 001 na secao 004
0001645 pacote 080 rearmazenado em 001 na secao 004
0001645 pacote 194 rearmazenado em 001 na secao 004
0001645 pacote 082 rearmazenado em 001 na secao 004
0001645 pacote 204 rearmazenado em 001 na secao 004
0001645 pacote 211 rearmazenado em 001 na secao 004
0001645 pacote 218 rearmazenado em 001 na secao 004
0001645 pacote 222 rearmazenado em 001 na secao 004
0001645 pacote 095 rearmazenado em 001 na secao 004
0001645 pacote 098 rearmazenado em 001 na secao 004
0001645 pacote 226 rearmazenado em 001 na secao 004
0001645 pacote 236 rearmazenado em 001 na secao 004
0001645 pacote 237 rearmazenado em 001 na secao 004
0001645 pacote 105 rearmazenado em 001 na secao 004
0001645 pacote 243 rearmazenado em 001 na secao 004
0001645 pacote 260 rearmazenado em 001 na secao 004
0001645 pacote 115 rearmazenado em 001 na secao 004
0001645 pacote 269 rearmazenado em 001 na secao 004
0001645 pacote 270 rearmazenado em 001 na secao 004
0001645 pacote 273 rearmazenado em 001 na secao 004
0001645 pacote 277 rearmazenado em 001 na secao 004
0001645 pacote 117 rearmazenado em 001 na secao 004
0001645 pacote 287 rearmazenado em 001 na secao 004
0001645 pacote 293 rearmazenado em 001 na secao 004
0001645 pacote 294 rearmazenado em 001 na secao 004
0001645 pacote 306 rearmazenado em 001 na secao 004
0001645 pacote 309 rearmazenado em 001 na secao 004
0001645 pacote 121 rearmazenado em 001 na secao 004
0001645 pacote 123 rearmazenado em 001 na secao 004
0001645 pacote 314 rearmazenado em 001 na secao 004
0001645 pacote 316 rearmazenado em 001 na secao 004
0001645 pacote 317 rearmazenado em 001 na secao 004
0001645 pacote 326 rearmazenado em 001 na secao 004
0001645 pacote 332 rearmazenado em 001 na secao 004
0001645 pacote 126 rearmazenado em 001 na secao 004
0001645 pacote 340 rearmazenado em 001 na secao 004
0001645 pacote 344 rearmazenado em 001 na secao 004
0001645 pacote 129 rearmazenado em 001 na secao 004
0001645 pacote 144 rearmazenado em 001 na secao 004
0001645 pacote 364 rearmazenado em 001 na secao 004
0001603 pacote 357 removido de 002 na secao 000
0001604 pacote 356 removido de 002 na secao 000
0001605 pacote 355 removido de 002 na secao 000
0001606 pacote 352 removido de 002 na secao 000
0001607 pacote 347 removido de 002 na secao 000
0001608 pacote 325 removido de 002 na secao 000
0001609 pacote 320 removido de 002 na secao 000
0001610 pacote 315 removido de 002 na secao 000
0001611 pacote 311 removido de 002 na secao 000
0001612 pacote 308 removido de 002 na secao 000
0001613 pacote 300 removido de 002 na secao 000
0001614 pacote 299 removido de 002 na secao 000
0001615 pacote 297 removido de 002 na secao 000
0001616 pacote 292 removido de 002 na secao 000
0001617 pacote 288 removido de 002 na secao 000
0001618 pacote 266 removido de 002 na secao 000
0001619 pacote 264 removido de 002 na secao 000
0001620 pacote 261 removido de 002 na secao 000
0001621 pacote 257 removido de 002 na secao 000
0001622 pacote 250 removido de 002 na secao 000
0001623 pacote 246 removido de 002 na secao 000
0001624 pacote 238 removido de 002 na secao 000
0001625 pacote 230 removido de 002 na secao 000
0001626 pacote 228 removido de 002 na secao 000
0001627 pacote 227 removido de 002 na secao 000
0001628 pacote 221 removido de 002 na secao 000
0001629 pacote 207 removido de 002 na secao 000
0001630 pacote 205 removido de 002 na secao 000
0001631 pacote 198 removido de 002 na secao 000
0001632 pacote 196 removido de 002 na secao 000
0001633 pacote 184 removido de 002 na secao 000
0001634 pacote 179 removido de 002 na secao 000
0001635 pacote 177 removido de 002 na secao 000
0001636 pacote 174 removido de 002 na secao 000
0001637 pacote 172 removido de 002 na secao 000
0001638 pacote 154 removido de 002 na secao 000
0001639 pacote 149 removido de 002 na secao 000
0001640 pacote 148 removido de 002 na secao 000
0001640 pacote 148 em transito de 002 para 000
0001640 pacote 149 em transito de 002 para 000
0001640 pacote 154 rearmazenado em 002 na secao 000
0001640 pacote 172 rearmazenado em 002 na secao 000
0001640 pacote 174 rearmazenado em 002 na secao 000
0001640 pacote 177 rearmazenado em 002 na secao 000
0001640 pacote 179 rearmazenado em 002 na secao 000
0001640 pacote 184 rearmazenado em 002 na secao 000
0001640 pacote 196 rearmazenado em 002 na secao 000
0001640 pacote 198 rearmazenado em 002 na secao 000
0001640 pacote 205 rearmazenado em 002 na secao 000
0001640 pacote 207 rearmazenado em 002 na secao 000
0001640 pacote 221 rearmazenado em 002 na secao 000
0001640 pacote 227 rearmazenado em 002 na secao 000
0001640 pacote 228 rearmazenado em 002 na secao 000
0001640 pacote 230 rearmazenado em 002 na secao 000
0001640 pacote 238 rearmazenado em 002 na secao 000
0001640 pacote 246 rearmazenado em 002 na secao 000
0001640 pacote 250 rearmazenado em 002 na secao 000
0001640 pacote 257 rearmazenado em 002 na secao 000
0001640 pacote 261 rearmazenado em 002 na secao 000
0001640 pacote 264 rearmazenado em 002 na secao 000
0001640 pacote 266 rearmazenado em 002 na secao 000
0001640 pacote 288 rearmazenado em 002 na secao 000
0001640 pacote 292 rearmazenado em 002 na secao 000
0001640 pacote 297 rearmazenado em 002 na secao 000
0001640 pacote 299 rearmazenado em 002 na secao 000
0001640 pacote 300 rearmazenado em 002 na secao 000
0001640 pacote 308 rearmazenado em 002 na secao 000
0001640 pacote 311 rearmazenado em 002 na secao 000
0001640 pacote 315 rearmazenado em 002 na secao 000
0001640 pacote 320 rearmazenado em 002 na secao 000
0001640 pacote 325 rearmazenado em 002 na secao 000
0001640 pacote 347 rearmazenado em 002 na secao 000
0001640 pacote 352 rearmazenado em 002 na secao 000
0001640 pacote 355 rearmazenado em 002 na secao 000
0001640 pacote 356 rearmazenado em 002 na secao 000
0001640 pacote 357 rearmazenado em 002 na secao 000
0001603 pacote 353 removido de 003 na secao 001
0001604 pacote 350 removido de 003 na secao 001
0001605 pacote 348 removido de 003 na secao 001
0001606 pacote 342 removido de 003 na secao 001
0001607 pacote 337 removido de 003 na secao 001
0001608 pacote 330 removido de 003 na secao 001
0001609 pacote 324 removido de 003 na secao 001
0001610 pacote 322 removido de 003 na secao 001
0001611 pacote 305 removido de 003 na secao 001
0001612 pacote 302 removido de 003 na secao 001
0001613 pacote 291 removido de 003 na secao 001
0001614 pacote 290 removido de 003 na secao 001
0001615 pacote 289 removido de 003 na secao 001
0001616 pacote 284 removido de 003 na secao 001
0001617 pacote 279 removido de 003 na secao 001
0001618 pacote 276 removido de 003 na secao 001
0001619 pacote 274 removido de 003 na secao 001
0001620 pacote 271 removido de 003 na secao 001
0001621 pacote 259 removido de 003 na secao 001
0001622 pacote 256 removido de 003 na secao 001
0001623 pacote 255 removido de 003 na secao 001
0001624 pacote 254 removido de 003 na secao 001
0001625 pacote 253 removido de 003 na secao 001
0001626 pacote 252 removido de 003 na secao 001
0001627 pacote 242 removido de 003 na secao 001
0001628 pacote 241 removido de 003 na secao 001
0001629 pacote 235 removido de 003 na secao 001
0001630 pacote 231 removido de 003 na secao 001
0001631 pacote 229 removido de 003 na secao 001
0001632 pacote 223 removido de 003 na secao 001
0001633 pacote 219 removido de 003 na secao 001
0001634 pacote 216 removido de 003 na secao 001
0001635 pacote 212 removido de 003 na secao 001
0001636 pacote 210 removido de 003 na secao 001
0001637 pacote 201 removido de 003 na secao 001
0001638 pacote 199 removido de 003 na secao 001
0001639 pacote 195 removido de 003 na secao 001
0001640 pacote 192 removido de 003 na secao 001
0001641 pacote 188 removido de 003 na secao 001
0001642 pacote 182 removido de 003 na secao 001
0001643 pacote 181 removido de 003 na secao 001
0001644 pacote 178 removido de 003 na secao 001
0001645 pacote 164 removido de 003 na secao 001
0001646 pacote 159 removido de 003 na secao 001
0001647 pacote 152 removido de 003 na secao 001
0001647 pacote 152 em transito de 003 para 001
0001647 pacote 159 em transito de 003 para 001
0001647 pacote 164 rearmazenado em 003 na secao 001
0001647 pacote 178 rearmazenado em 003 na secao 001
0001647 pacote 181 rearmazenado em 003 na secao 001
0001647 pacote 182 rearmazenado em 003 na secao 001
0001647 pacote 188 rearmazenado em 003 na secao 001
0001647 pacote 192 rearmazenado em 003 na secao 001
0001647 pacote 195 rearmazenado em 003 na secao 001
0001647 pacote 199 rearmazenado em 003 na secao 001
0001647 pacote 201 rearmazenado em 003 na secao 001
0001647 pacote 210 rearmazenado em 003 na secao 001
0001647 pacote 212 rearmazenado em 003 na secao 001
0001647 pacote 216 rearmazenado em 003 na secao 001
0001647 pacote 219 rearmazenado em 003 na secao 001
0001647 pacote 223 rearmazenado em 003 na secao 001
0001647 pacote 229 rearmazenado em 003 na secao 001
0001647 pacote 231 rearmazenado em 003 na secao 001
0001647 pacote 235 rearmazenado em 003 na secao 001
0001647 pacote 241 rearmazenado em 003 na secao 001
0001647 pacote 242 rearmazenado em 003 na secao 001
0001647 pacote 252 rearmazenado em 003 na secao 001
0001647 pacote 253 rearmazenado em 003 na secao 001
0001647 pacote 254 rearmazenado em 003 na secao 001
0001647 pacote 255 rearmazenado em 003 na secao 001
0001647 pacote 256 rearmazenado em 003 na secao 001
0001647 pacote 259 rearmazenado em 003 na secao 001
0001647 pacote 271 rearmazenado em 003 na secao 001
0001647 pacote 274 rearmazenado em 003 na secao 001
0001647 pacote 276 rearmazenado em 003 na secao 001
0001647 pacote 279 rearmazenado em 003 na secao 001
0001647 pacote 284 rearmazenado em 003 na secao 001
0001647 pacote 289 rearmazenado em 003 na secao 001
0001647 pacote 290 rearmazenado em 003 na secao 001
0001647 pacote 291 rearmazenado em 003 na secao 001
0001647 pacote 302 rearmazenado em 003 na secao 001
0001647 pacote 305 rearmazenado em 003 na secao 001
0001647 pacote 322 rearmazenado em 003 na secao 001
0001647 pacote 324 rearmazenado em 003 na secao 001
0001647 pacote 330 rearmazenado em 003 na secao 001
0001647 pacote 337 rearmazenado em 003 na secao 001
0001647 pacote 342 rearmazenado em 003 na secao 001
0001647 pacote 348 rearmazenado em 003 na secao 001
0001647 pacote 350 rearmazenado em 003 na secao 001
0001647 pacote 353 rearmazenado em 003 na secao 001
0001603 pacote 361 removido de 004 na secao 000
0001604 pacote 360 removido de 004 na secao 000
0001605 pacote 346 removido de 004 na secao 000
0001606 pacote 135 removido de 004 na secao 000
0001607 pacote 335 removido de 004 na secao 000
0001608 pacote 328 removido de 004 na secao 000
0001609 pacote 323 removido de 004 na secao 000
0001610 pacote 128 removido de 004 na secao 000
0001611 pacote 124 removido de 004 na secao 000
0001612 pacote 303 removido de 004 na secao 000
0001613 pacote 286 removido de 004 na secao 000
0001614 pacote 062 removido de 004 na secao 000
0001615 pacote 267 removido de 004 na secao 000
0001616 pacote 109 removido de 004 na secao 000
0001617 pacote 096 removido de 004 na secao 000
0001618 pacote 249 removido de 004 na secao 000
0001619 pacote 247 removido de 004 na secao 000
0001620 pacote 245 removido de 004 na secao 000
0001621 pacote 244 removido de 004 na secao 000
0001622 pacote 059 removido de 004 na secao 000
0001623 pacote 058 removido de 004 na secao 000
0001624 pacote 224 removido de 004 na secao 000
0001625 pacote 078 removido de 004 na secao 000
0001626 pacote 064 removido de 004 na secao 000
0001627 pacote 214 removido de 004 na secao 000
0001628 pacote 208 removido de 004 na secao 000
0001629 pacote 203 removido de 004 na secao 000
0001630 pacote 053 removido de 004 na secao 000
0001631 pacote 186 removido de 004 na secao 000
0001632 pacote 183 removido de 004 na secao 000
0001633 pacote 180 removido de 004 na secao 000
0001634 pacote 175 removido de 004 na secao 000
0001634 pacote 175 em transito de 004 para 000
0001634 pacote 180 em transito de 004 para 000
0001634 pacote 183 rearmazenado em 004 na secao 000
0001634 pacote 186 rearmazenado em 004 na secao 000
0001634 pacote 053 rearmazenado em 004 na secao 000
0001634 pacote 203 rearmazenado em 004 na secao 000
0001634 pacote 208 rearmazenado em 004 na secao 000
0001634 pacote 214 rearmazenado em 004 na secao 000
0001634 pacote 064 rearmazenado em 004 na secao 000
0001634 pacote 078 rearmazenado em 004 na secao 000
0001634 pacote 224 rearmazenado em 004 na secao 000
0001634 pacote 058 rearmazenado em 004 na secao 000
0001634 pacote 059 rearmazenado em 004 na secao 000
0001634 pacote 244 rearmazenado em 004 na secao 000
0001634 pacote 245 rearmazenado em 004 na secao 000
0001634 pacote 247 rearmazenado em 004 na secao 000
0001634 pacote 249 rearmazenado em 004 na secao 000
0001634 pacote 096 rearmazenado em 004 na secao 000
0001634 pacote 109 rearmazenado em 004 na secao 000
0001634 pacote 267 rearmazenado em 004 na secao 000
0001634 pacote 062 rearmazenado em 004 na secao 000
0001634 pacote 286 rearmazenado em 004 na secao 000
0001634 pacote 303 rearmazenado em 004 na secao 000
0001634 pacote 124 rearmazenado em 004 na secao 000
0001634 pacote 128 rearmazenado em 004 na secao 000
0001634 pacote 323 rearmazenado em 004 na secao 000
0001634 pacote 328 rearmazenado em 004 na secao 000
0001634 pacote 335 rearmazenado em 004 na secao 000
0001634 pacote 135 rearmazenado em 004 na secao 000
0001634 pacote 346 rearmazenado em 004 na secao 000
0001634 pacote 360 rearmazenado em 004 na secao 000
0001634 pacote 361 rearmazenado em 004 na secao 000
0001603 pacote 363 removido de 004 na secao 001
0001604 pacote 359 removido de 004 na secao 001
0001605 pacote 358 removido de 004 na secao 001
0001606 pacote 170 removido de 004 na secao 001
0001607 pacote 169 removido de 004 na secao 001
0001608 pacote 345 removido de 004 na secao 001
0001609 pacote 343 removido de 004 na secao 001
0001610 pacote 338 removido de 004 na secao 001
0001611 pacote 165 removido de 004 na secao 001
0001612 pacote 161 removido de 004 na secao 001
0001613 pacote 336 removido de 004 na secao 001
0001614 pacote 333 removido de 004 na secao 001
0001615 pacote 327 removido de 004 na secao 001
0001616 pacote 321 removido de 004 na secao 001
0001617 pacote 319 removido de 004 na secao 001
0001618 pacote 318 removido de 004 na secao 001
0001619 pacote 156 removido de 004 na secao 001
0001620 pacote 153 removido de 004 na secao 001
0001621 pacote 296 removido de 004 na secao 001
0001622 pacote 295 removido de 004 na secao 001
0001623 pacote 081 removido de 004 na secao 001
0001624 pacote 283 removido de 004 na secao 001
0001625 pacote 281 removido de 004 na secao 001
0001626 pacote 140 removido de 004 na secao 001
0001627 pacote 048 removido de 004 na secao 001
0001628 pacote 262 removido de 004 na secao 001
0001629 pacote 258 removido de 004 na secao 001
0001630 pacote 251 removido de 004 na secao 001
0001631 pacote 248 removido de 004 na secao 001
0001632 pacote 112 removido de 004 na secao 001
0001633 pacote 103 removido de 004 na secao 001
0001634 pacote 234 removido de 004 na secao 001
0001635 pacote 232 removido de 004 na secao 001
0001636 pacote 090 removido de 004 na secao 001
0001637 pacote 215 removido de 004 na secao 001
0001638 pacote 213 removido de 004 na secao 001
0001639 pacote 200 removido de 004 na secao 001
0001640 pacote 088 removido de 004 na secao 001
0001641 pacote 191 removido de 004 na secao 001
0001641 pacote 191 em transito de 004 para 001
0001641 pacote 088 em transito de 004 para 001
0001641 pacote 200 rearmazenado em 004 na secao 001
0001641 pacote 213 rearmazenado em 004 na secao 001
0001641 pacote 215 rearmazenado em 004 na secao 001
0001641 pacote 090 rearmazenado em 004 na secao 001
0001641 pacote 232 rearmazenado em 004 na secao 001
0001641 pacote 234 rearmazenado em 004 na secao 001
0001641 pacote 103 rearmazenado em 004 na secao 001
0001641 pacote 112 rearmazenado em 004 na secao 001
0001641 pacote 248 rearmazenado em 004 na secao 001
0001641 pacote 251 rearmazenado em 004 na secao 001
0001641 pacote 258 rearmazenado em 004 na secao 001
0001641 pacote 262 rearmazenado em 004 na secao 001
0001641 pacote 048 rearmazenado em 004 na secao 001
0001641 pacote 140 rearmazenado em 004 na secao 001
0001641 pacote 281 rearmazenado em 004 na secao 001
0001641 pacote 283 rearmazenado em 004 na secao 001
0001641 pacote 081 rearmazenado em 004 na secao 001
0001641 pacote 295 rearmazenado em 004 na secao 001
0001641 pacote 296 rearmazenado em 004 na secao 001
0001641 pacote 153 rearmazenado em 004 na secao 001
0001641 pacote 156 rearmazenado em 004 na secao 001
0001641 pacote 318 rearmazenado em 004 na secao 001
0001641 pacote 319 rearmazenado em 004 na secao 001
0001641 pacote 321 rearmazenado em 004 na secao 001
0001641 pacote 327 rearmazenado em 004 na secao 001
0001641 pacote 333 rearmazenado em 004 na secao 001
0001641 pacote 336 rearmazenado em 004 na secao 001
0001641 pacote 161 rearmazenado em 004 na secao 001
0001641 pacote 165 rearmazenado em 004 na secao 001
0001641 pacote 338 rearmazenado em 004 na secao 001
0001641 pacote 343 rearmazenado em 004 na secao 001
0001641 pacote 345 rearmazenado em 004 na secao 001
0001641 pacote 169 rearmazenado em 004 na secao 001
0001641 pacote 170 rearmazenado em 004 na secao 001
0001641 pacote 358 rearmazenado em 004 na secao 001
0001641 pacote 359 rearmazenado em 004 na secao 001
0001641 pacote 363 rearmazenado em 004 na secao 001
0001603 pacote 365 armazenado em 000 na secao 004
0001611 pacote 366 armazenado em 002 na secao 000
0001615 pacote 367 armazenado em 004 na secao 000
0001624 pacote 368 armazenado em 000 na secao 002
0001627 pacote 066 entregue em 003
0001627 pacote 329 entregue em 003
0001630 pacote 369 armazenado em 003 na secao 001
0001632 pacote 151 entregue em 002
0001632 pacote 307 entregue em 002
0001633 pacote 370 armazenado em 004 na secao 000
0001634 pacote 371 armazenado em 003 na secao 001
0001638 pacote 372 armazenado em 004 na secao 000
0001642 pacote 373 armazenado em 004 na secao 000
0001650 pacote 374 armazenado em 003 na secao 001
0001654 pacote 175 armazenado em 000 na secao 002
0001654 pacote 180 entregue em 000
0001656 pacote 083 entregue em 004
0001656 pacote 171 entregue em 004
0001658 pacote 375 armazenado em 001 na secao 003
0001660 pacote 148 armazenado em 000 na secao 004
0001660 pacote 149 armazenado em 000 na secao 004
0001660 pacote 376 armazenado em 000 na secao 002
0001660 pacote 377 armazenado em 002 na secao 000
0001661 pacote 088 armazenado em 001 na secao 003
0001661 pacote 191 entregue em 001
0001661 pacote 378 armazenado em 001 na secao 003
0001665 pacote 073 armazenado em 004 na secao 000
0001665 pacote 141 armazenado em 004 na secao 000
0001667 pacote 152 armazenado em 001 na secao 004
0001667 pacote 159 armazenado em 001 na secao 004
0001670 pacote 379 armazenado em 001 na secao 004
0001676 pacote 380 armazenado em 000 na secao 004
0001679 pacote 381 armazenado em 000 na secao 004
0001679 pacote 382 armazenado em 003 na secao 001
0001688 pacote 383 armazenado em 001 na secao 003
0001697 pacote 384 armazenado em 002 na secao 000
0001697 pacote 385 armazenado em 003 na secao 001
0001703 pacote 376 removido de 000 na secao 002
0001704 pacote 175 removido de 000 na secao 002
0001705 pacote 368 removido de 000 na secao 002
0001706 pacote 173 removido de 000 na secao 002
0001707 pacote 354 removido de 000 na secao 002
0001708 pacote 341 removido de 000 na secao 002
0001709 pacote 339 removido de 000 na secao 002
0001710 pacote 162 removido de 000 na secao 002
0001711 pacote 017 removido de 000 na secao 002
0001712 pacote 312 removido de 000 na secao 002
0001713 pacote 155 removido de 000 na secao 002
0001713 pacote 155 em transito de 000 para 002
0001713 pacote 312 em transito de 000 para 002
0001713 pacote 017 rearmazenado em 000 na secao 002
0001713 pacote 162 rearmazenado em 000 na secao 002
0001713 pacote 339 rearmazenado em 000 na secao 002
0001713 pacote 341 rearmazenado em 000 na secao 002
0001713 pacote 354 rearmazenado em 000 na secao 002
0001713 pacote 173 rearmazenado em 000 na secao 002
0001713 pacote 368 rearmazenado em 000 na secao 002
0001713 pacote 175 rearmazenado em 000 na secao 002
0001713 pacote 376 rearmazenado em 000 na secao 002
0001703 pacote 381 removido de 000 na secao 004
0001704 pacote 380 removido de 000 na secao 004
0001705 pacote 149 removido de 000 na secao 004
0001706 pacote 148 removido de 000 na secao 004
0001707 pacote 365 removido de 000 na secao 004
0001708 pacote 351 removido de 000 na secao 004
0001709 pacote 349 removido de 000 na secao 004
0001710 pacote 143 removido de 000 na secao 004
0001711 pacote 142 removido de 000 na secao 004
0001712 pacote 334 removido de 000 na secao 004
0001713 pacote 331 removido de 000 na secao 004
0001714 pacote 313 removido de 000 na secao 004
0001715 pacote 136 removido de 000 na secao 004
0001716 pacote 304 removido de 000 na secao 004
0001717 pacote 298 removido de 000 na secao 004
0001718 pacote 120 removido de 000 na secao 004
0001719 pacote 280 removido de 000 na secao 004
0001720 pacote 278 removido de 000 na secao 004
0001721 pacote 275 removido de 000 na secao 004
0001722 pacote 268 removido de 000 na secao 004
0001723 pacote 116 removido de 000 na secao 004
0001724 pacote 113 removido de 000 na secao 004
0001725 pacote 263 removido de 000 na secao 004
0001726 pacote 111 removido de 000 na secao 004
0001727 pacote 239 removido de 000 na secao 004
0001728 pacote 233 removido de 000 na secao 004
0001729 pacote 099 removido de 000 na secao 004
0001730 pacote 097 removido de 000 na secao 004
0001731 pacote 220 removido de 000 na secao 004
0001732 pacote 217 removido de 000 na secao 004
0001733 pacote 202 removido de 000 na secao 004
0001734 pacote 094 removido de 000 na secao 004
0001735 pacote 091 removido de 000 na secao 004
0001736 pacote 193 removido de 000 na secao 004
0001737 pacote 187 removido de 000 na secao 004
0001738 pacote 176 removido de 000 na secao 004
0001739 pacote 086 removido de 000 na secao 004
0001739 pacote 086 em transito de 000 para 004
0001739 pacote 176 em transito de 000 para 004
0001739 pacote 187 rearmazenado em 000 na secao 004
0001739 pacote 193 rearmazenado em 000 na secao 004
0001739 pacote 091 rearmazenado em 000 na secao 004
0001739 pacote 094 rearmazenado em 000 na secao 004
0001739 pacote 202 rearmazenado em 000 na secao 004
0001739 pacote 217 rearmazenado em 000 na secao 004
0001739 pacote 220 rearmazenado em 000 na secao 004
0001739 pacote 097 rearmazenado em 000 na secao 004
0001739 pacote 099 rearmazenado em 000 na secao 004
0001739 pacote 233 rearmazenado em 000 na secao 004
0001739 pacote 239 rearmazenado em 000 na secao 004
0001739 pacote 111 rearmazenado em 000 na secao 004
0001739 pacote 263 rearmazenado em 000 na secao 004
0001739 pacote 113 rearmazenado em 000 na secao 004
0001739 pacote 116 rearmazenado em 000 na secao 004
0001739 pacote 268 rearmazenado em 000 na secao 004
0001739 pacote 275 rearmazenado em 000 na secao 004
0001739 pacote 278 rearmazenado em 000 na secao 004
0001739 pacote 280 rearmazenado em 000 na secao 004
0001739 pacote 120 rearmazenado em 000 na secao 004
0001739 pacote 298 rearmazenado em 000 na secao 004
0001739 pacote 304 rearmazenado em 000 na secao 004
0001739 pacote 136 rearmazenado em 000 na secao 004
0001739 pacote 313 rearmazenado em 000 na secao 004
0001739 pacote 331 rearmazenado em 000 na secao 004
0001739 pacote 334 rearmazenado em 000 na secao 004
0001739 pacote 142 rearmazenado em 000 na secao 004
0001739 pacote 143 rearmazenado em 000 na secao 004
0001739 pacote 349 rearmazenado em 000 na secao 004
0001739 pacote 351 rearmazenado em 000 na secao 004
0001739 pacote 365 rearmazenado em 000 na secao 004
0001739 pacote 148 rearmazenado em 000 na secao 004
0001739 pacote 149 rearmazenado em 000 na secao 004
0001739 pacote 380 rearmazenado em 000 na secao 004
0001739 pacote 381 rearmazenado em 000 na secao 004
0001703 pacote 383 removido de 001 na secao 003
0001704 pacote 378 removido de 001 na secao 003
0001705 pacote 088 removido de 001 na secao 003
0001706 pacote 375 removido de 001 na secao 003
0001707 pacote 362 removido de 001 na secao 003
0001708 pacote 036 removido de 001 na secao 003
0001709 pacote 067 removido de 001 na secao 003
0001709 pacote 067 em transito de 001 para 003
0001709 pacote 036 em transito de 001 para 003
0001709 pacote 362 rearmazenado em 001 na secao 003
0001709 pacote 375 rearmazenado em 001 na secao 003
0001709 pacote 088 rearmazenado em 001 na secao 003
0001709 pacote 378 rearmazenado em 001 na secao 003
0001709 pacote 383 rearmazenado em 001 na secao 003
0001703 pacote 379 removido de 001 na secao 004
0001704 pacote 159 removido de 001 na secao 004
0001705 pacote 152 removido de 001 na secao 004
0001706 pacote 364 removido de 001 na secao 004
0001707 pacote 144 removido de 001 na secao 004
0001708 pacote 129 removido de 001 na secao 004
0001709 pacote 344 removido de 001 na secao 004
0001710 pacote 340 removido de 001 na secao 004
0001711 pacote 126 removido de 001 na secao 004
0001712 pacote 332 removido de 001 na secao 004
0001713 pacote 326 removido de 001 na secao 004
0001714 pacote 317 removido de 001 na secao 004
0001715 pacote 316 removido de 001 na secao 004
0001716 pacote 314 removido de 001 na secao 004
0001717 pacote 123 removido de 001 na secao 004
0001718 pacote 121 removido de 001 na secao 004
0001719 pacote 309 removido de 001 na secao 004
0001720 pacote 306 removido de 001 na secao 004
0001721 pacote 294 removido de 001 na secao 004
0001722 pacote 293 removido de 001 na secao 004
0001723 pacote 287 removido de 001 na secao 004
0001724 pacote 117 removido de 001 na secao 004
0001725 pacote 277 removido de 001 na secao 004
0001726 pacote 273 removido de 001 na secao 004
0001727 pacote 270 removido de 001 na secao 004
0001728 pacote 269 removido de 001 na secao 004
0001729 pacote 115 removido de 001 na secao 004
0001730 pacote 260 removido de 001 na secao 004
0001731 pacote 243 removido de 001 na secao 004
0001732 pacote 105 removido de 001 na secao 004
0001733 pacote 237 removido de 001 na secao 004
0001734 pacote 236 removido de 001 na secao 004
0001735 pacote 226 removido de 001 na secao 004
0001736 pacote 098 removido de 001 na secao 004
0001737 pacote 095 removido de 001 na secao 004
0001738 pacote 222 removido de 001 na secao 004
0001739 pacote 218 removido de 001 na secao 004
0001740 pacote 211 removido de 001 na secao 004
0001741 pacote 204 removido de 001 na secao 004
0001742 pacote 082 removido de 001 na secao 004
0001743 pacote 194 removido de 001 na secao 004
0001744 pacote 080 removido de 001 na secao 004
0001745 pacote 167 removido de 001 na secao 004
0001746 pacote 163 removido de 001 na secao 004
0001746 pacote 163 em transito de 001 para 004
0001746 pacote 167 em transito de 001 para 004
0001746 pacote 080 rearmazenado em 001 na secao 004
0001746 pacote 194 rearmazenado em 001 na secao 004
0001746 pacote 082 rearmazenado em 001 na secao 004
0001746 pacote 204 rearmazenado em 001 na secao 004
0001746 pacote 211 rearmazenado em 001 na secao 004
0001746 pacote 218 rearmazenado em 001 na secao 004
0001746 pacote 222 rearmazenado em 001 na secao 004
0001746 pacote 095 rearmazenado em 001 na secao 004
0001746 pacote 098 rearmazenado em 001 na secao 004
0001746 pacote 226 rearmazenado em 001 na secao 004
0001746 pacote 236 rearmazenado em 001 na secao 004
0001746 pacote 237 rearmazenado em 001 na secao 004
0001746 pacote 105 rearmazenado em 001 na secao 004
0001746 pacote 243 rearmazenado em 001 na secao 004
0001746 pacote 260 rearmazenado em 001 na secao 004
0001746 pacote 115 rearmazenado em 001 na secao 004
0001746 pacote 269 rearmazenado em 001 na secao 004
0001746 pacote 270 rearmazenado em 001 na secao 004
0001746 pacote 273 rearmazenado em 001 na secao 004
0001746 pacote 277 rearmazenado em 001 na secao 004
0001746 pacote 117 rearmazenado em 001 na secao 004
0001746 pacote 287 rearmazenado em 001 na secao 004
0001746 pacote 293 rearmazenado em 001 na secao 004
0001746 pacote 294 rearmazenado em 001 na secao 004
0001746 pacote 306 rearmazenado em 001 na secao 004
0001746 pacote 309 rearmazenado em 001 na secao 004
0001746 pacote 121 rearmazenado em 001 na secao 004
0001746 pacote 123 rearmazenado em 001 na secao 004
0001746 pacote 314 rearmazenado em 001 na secao 004
0001746 pacote 316 rearmazenado em 001 na secao 004
0001746 pacote 317 rearmazenado em 001 na secao 004
0001746 pacote 326 rearmazenado em 001 na secao 004
0001746 pacote 332 rearmazenado em 001 na secao 004
0001746 pacote 126 rearmazenado em 001 na secao 004
0001746 pacote 340 rearmazenado em 001 na secao 004
0001746 pacote 344 rearmazenado em 001 na secao 004
0001746 pacote 129 rearmazenado em 001 na secao 004
0001746 pacote 144 rearmazenado em 001 na secao 004
0001746 pacote 364 rearmazenado em 001 na secao 004
0001746 pacote 152 rearmazenado em 001 na secao 004
0001746 pacote 159 rearmazenado em 001 na secao 004
0001746 pacote 379 rearmazenado em 001 na secao 004
0001703 pacote 384 removido de 002 na secao 000
0001704 pacote 377 removido de 002 na secao 000
0001705 pacote 366 removido de 002 na secao 000
0001706 pacote 357 removido de 002 na secao 000
0001707 pacote 356 removido de 002 na secao 000
0001708 pacote 355 removido de 002 na secao 000
0001709 pacote 352 removido de 002 na secao 000
0001710 pacote 347 removido de 002 na secao 000
0001711 pacote 325 removido de 002 na secao 000
0001712 pacote 320 removido de 002 na secao 000
0001713 pacote 315 removido de 002 na secao 000
0001714 pacote 311 removido de 002 na secao 000
0001715 pacote 308 removido de 002 na secao 000
0001716 pacote 300 removido de 002 na secao 000
0001717 pacote 299 removido de 002 na secao 000
0001718 pacote 297 removido de 002 na secao 000
0001719 pacote 292 removido de 002 na secao 000
0001720 pacote 288 removido de 002 na secao 000
0001721 pacote 266 removido de 002 na secao 000
0001722 pacote 264 removido de 002 na secao 000
0001723 pacote 261 removido de 002 na secao 000
0001724 pacote 257 removido de 002 na secao 000
0001725 pacote 250 removido de 002 na secao 000
0001726 pacote 246 removido de 002 na secao 000
0001727 pacote 238 removido de 002 na secao 000
0001728 pacote 230 removido de 002 na secao 000
0001729 pacote 228 removido de 002 na secao 000
0001730 pacote 227 removido de 002 na secao 000
0001731 pacote 221 removido de 002 na secao 000
0001732 pacote 207 removido de 002 na secao 000
0001733 pacote 205 removido de 002 na secao 000
0001734 pacote 198 removido de 002 na secao 000
0001735 pacote 196 removido de 002 na secao 000
0001736 pacote 184 removido de 002 na secao 000
0001737 pacote 179 removido de 002 na secao 000
0001738 pacote 177 removido de 002 na secao 000
0001739 pacote 174 removido de 002 na secao 000
0001740 pacote 172 removido de 002 na secao 000
0001741 pacote 154 removido de 002 na secao 000
0001741 pacote 154 em transito de 002 para 000
0001741 pacote 172 em transito de 002 para 000
0001741 pacote 174 rearmazenado em 002 na secao 000
0001741 pacote 177 rearmazenado em 002 na secao 000
0001741 pacote 179 rearmazenado em 002 na secao 000
0001741 pacote 184 rearmazenado em 002 na secao 000
0001741 pacote 196 rearmazenado em 002 na secao 000
0001741 pacote 198 rearmazenado em 002 na secao 000
0001741 pacote 205 rearmazenado em 002 na secao 000
0001741 pacote 207 rearmazenado em 002 na secao 000
0001741 pacote 221 rearmazenado em 002 na secao 000
0001741 pacote 227 rearmazenado em 002 na secao 000
0001741 pacote 228 rearmazenado em 002 na secao 000
0001741 pacote 230 rearmazenado em 002 na secao 000
0001741 pacote 238 rearmazenado em 002 na secao 000
0001741 pacote 246 rearmazenado em 002 na secao 000
0001741 pacote 250 rearmazenado em 002 na secao 000
0001741 pacote 257 rearmazenado em 002 na secao 000
0001741 pacote 261 rearmazenado em 002 na secao 000
0001741 pacote 264 rearmazenado em 002 na secao 000
0001741 pacote 266 rearmazenado em 002 na secao 000
0001741 pacote 288 rearmazenado em 002 na secao 000
0001741 pacote 292 rearmazenado em 002 na secao 000
0001741 pacote 297 rearmazenado em 002 na secao 000
0001741 pacote 299 rearmazenado em 002 na secao 000
0001741 pacote 300 rearmazenado em 002 na secao 000
0001741 pacote 308 rearmazenado em 002 na secao 000
0001741 pacote 311 rearmazenado em 002 na secao 000
0001741 pacote 315 rearmazenado em 002 na secao 000
0001741 pacote 320 rearmazenado em 002 na secao 000
0001741 pacote 325 rearmazenado em 002 na secao 000
0001741 pacote 347 rearmazenado em 002 na secao 000
0001741 pacote 352 rearmazenado em 002 na secao 000
0001741 pacote 355 rearmazenado em 002 na secao 000
0001741 pacote 356 rearmazenado em 002 na secao 000
0001741 pacote 357 rearmazenado em 002 na secao 000
0001741 pacote 366 rearmazenado em 002 na secao 000
0001741 pacote 377 rearmazenado em 002 na secao 000
0001741 pacote 384 rearmazenado em 002 na secao 000
0001703 pacote 385 removido de 003 na secao 001
0001704 pacote 382 removido de 003 na secao 001
0001705 pacote 374 removido de 003 na secao 001
0001706 pacote 371 removido de 003 na secao 001
0001707 pacote 369 removido de 003 na secao 001
0001708 pacote 353 removido de 003 na secao 001
0001709 pacote 350 removido de 003 na secao 001
0001710 pacote 348 removido de 003 na secao 001
0001711 pacote 342 removido de 003 na secao 001
0001712 pacote 337 removido de 003 na secao 001
0001713 pacote 330 removido de 003 na secao 001
0001714 pacote 324 removido de 003 na secao 001
0001715 pacote 322 removido de 003 na secao 001
0001716 pacote 305 removido de 003 na secao 001
0001717 pacote 302 removido de 003 na secao 001
0001718 pacote 291 removido de 003 na secao 001
0001719 pacote 290 removido de 003 na secao 001
0001720 pacote 289 removido de 003 na secao 001
0001721 pacote 284 removido de 003 na secao 001
0001722 pacote 279 removido de 003 na secao 001
0001723 pacote 276 removido de 003 na secao 001
0001724 pacote 274 removido de 003 na secao 001
0001725 pacote 271 removido de 003 na secao 001
0001726 pacote 259 removido de 003 na secao 001
0001727 pacote 256 removido de 003 na secao 001
0001728 pacote 255 removido de 003 na secao 001
0001729 pacote 254 removido de 003 na secao 001
0001730 pacote 253 removido de 003 na secao 001
0001731 pacote 252 removido de 003 na secao 001
0001732 pacote 242 removido de 003 na secao 001
0001733 pacote 241 removido de 003 na secao 001
0001734 pacote 235 removido de 003 na secao 001
0001735 pacote 231 removido de 003 na secao 001
0001736 pacote 229 removido de 003 na secao 001
0001737 pacote 223 removido de 003 na secao 001
0001738 pacote 219 removido de 003 na secao 001
0001739 pacote 216 removido de 003 na secao 001
0001740 pacote 212 removido de 003 na secao 001
0001741 pacote 210 removido de 003 na secao 001
0001742 pacote 201 removido de 003 na secao 001
0001743 pacote 199 removido de 003 na secao 001
0001744 pacote 195 removido de 003 na secao 001
0001745 pacote 192 removido de 003 na secao 001
0001746 pacote 188 removido de 003 na secao 001
0001747 pacote 182 removido de 003 na secao 001
0001748 pacote 181 removido de 003 na secao 001
0001749 pacote 178 removido de 003 na secao 001
0001750 pacote 164 removido de 003 na secao 001
0001750 pacote 164 em transito de 003 para 001
0001750 pacote 178 em transito de 003 para 001
0001750 pacote 181 rearmazenado em 003 na secao 001
0001750 pacote 182 rearmazenado em 003 na secao 001
0001750 pacote 188 rearmazenado em 003 na secao 001
0001750 pacote 192 rearmazenado em 003 na secao 001
0001750 pacote 195 rearmazenado em 003 na secao 001
0001750 pacote 199 rearmazenado em 003 na secao 001
0001750 pacote 201 rearmazenado em 003 na secao 001
0001750 pacote 210 rearmazenado em 003 na secao 001
0001750 pacote 212 rearmazenado em 003 na secao 001
0001750 pacote 216 rearmazenado em 003 na secao 001
0001750 pacote 219 rearmazenado em 003 na secao 001
0001750 pacote 223 rearmazenado em 003 na secao 001
0001750 pacote 229 rearmazenado em 003 na secao 001
0001750 pacote 231 rearmazenado em 003 na secao 001
0001750 pacote 235 rearmazenado em 003 na secao 001
0001750 pacote 241 rearmazenado em 003 na secao 001
0001750 pacote 242 rearmazenado em 003 na secao 001
0001750 pacote 252 rearmazenado em 003 na secao 001
0001750 pacote 253 rearmazenado em 003 na secao 001
0001750 pacote 254 rearmazenado em 003 na secao 001
0001750 pacote 255 rearmazenado em 003 na secao 001
0001750 pacote 256 rearmazenado em 003 na secao 001
0001750 pacote 259 rearmazenado em 003 na secao 001
0001750 pacote 271 rearmazenado em 003 na secao 001
0001750 pacote 274 rearmazenado em 003 na secao 001
0001750 pacote 276 rearmazenado em 003 na secao 001
0001750 pacote 279 rearmazenado em 003 na secao 001
0001750 pacote 284 rearmazenado em 003 na secao 001
0001750 pacote 289 rearmazenado em 003 na secao 001
0001750 pacote 290 rearmazenado em 003 na secao 001
0001750 pacote 291 rearmazenado em 003 na secao 001
0001750 pacote 302 rearmazenado em 003 na secao 001
0001750 pacote 305 rearmazenado em 003 na secao 001
0001750 pacote 322 rearmazenado em 003 na secao 001
0001750 pacote 324 rearmazenado em 003 na secao 001
0001750 pacote 330 rearmazenado em 003 na secao 001
0001750 pacote 337 rearmazenado em 003 na secao 001
0001750 pacote 342 rearmazenado em 003 na secao 001
0001750 pacote 348 rearmazenado em 003 na secao 001
0001750 pacote 350 rearmazenado em 003 na secao 001
0001750 pacote 353 rearmazenado em 003 na secao 001
0001750 pacote 369 rearmazenado em 003 na secao 001
0001750 pacote 371 rearmazenado em 003 na secao 001
0001750 pacote 374 rearmazenado em 003 na secao 001
0001750 pacote 382 rearmazenado em 003 na secao 001
0001750 pacote 385 rearmazenado em 003 na secao 001
0001703 pacote 141 removido de 004 na secao 000
0001704 pacote 073 removido de 004 na secao 000
0001705 pacote 373 removido de 004 na secao 000
0001706 pacote 372 removido de 004 na secao 000
0001707 pacote 370 removido de 004 na secao 000
0001708 pacote 367 removido de 004 na secao 000
0001709 pacote 361 removido de 004 na secao 000
0001710 pacote 360 removido de 004 na secao 000
0001711 pacote 346 removido de 004 na secao 000
0001712 pacote 135 removido de 004 na secao 000
0001713 pacote 335 removido de 004 na secao 000
0001714 pacote 328 removido de 004 na secao 000
0001715 pacote 323 removido de 004 na secao 000
0001716 pacote 128 removido de 004 na secao 000
0001717 pacote 124 removido de 004 na secao 000
0001718 pacote 303 removido de 004 na secao 000
0001719 pacote 286 removido de 004 na secao 000
0001720 pacote 062 removido de 004 na secao 000
0001721 pacote 267 removido de 004 na secao 000
0001722 pacote 109 removido de 004 na secao 000
0001723 pacote 096 removido de 004 na secao 000
0001724 pacote 249 removido de 004 na secao 000
0001725 pacote 247 removido de 004 na secao 000
0001726 pacote 245 removido de 004 na secao 000
0001727 pacote 244 removido de 004 na secao 000
0001728 pacote 059 removido de 004 na secao 000
0001729 pacote 058 removido de 004 na secao 000
0001730 pacote 224 removido de 004 na secao 000
0001731 pacote 078 removido de 004 na secao 000
0001732 pacote 064 removido de 004 na secao 000
0001733 pacote 214 removido de 004 na secao 000
0001734 pacote 208 removido de 004 na secao 000
0001735 pacote 203 removido de 004 na secao 000
0001736 pacote 053 removido de 004 na secao 000
0001737 pacote 186 removido de 004 na secao 000
0001738 pacote 183 removido de 004 na secao 000
0001738 pacote 183 em transito de 004 para 000
0001738 pacote 186 em transito de 004 para 000
0001738 pacote 053 rearmazenado em 004 na secao 000
0001738 pacote 203 rearmazenado em 004 na secao 000
0001738 pacote 208 rearmazenado em 004 na secao 000
0001738 pacote 214 rearmazenado em 004 na secao 000
0001738 pacote 064 rearmazenado em 004 na secao 000
0001738 pacote 078 rearmazenado em 004 na secao 000
0001738 pacote 224 rearmazenado em 004 na secao 000
0001738 pacote 058 rearmazenado em 004 na secao 000
0001738 pacote 059 rearmazenado em 004 na secao 000
0001738 pacote 244 rearmazenado em 004 na secao 000
0001738 pacote 245 rearmazenado em 004 na secao 000
0001738 pacote 247 rearmazenado em 004 na secao 000
0001738 pacote 249 rearmazenado em 004 na secao 000
0001738 pacote 096 rearmazenado em 004 na secao 000
0001738 pacote 109 rearmazenado em 004 na secao 000
0001738 pacote 267 rearmazenado em 004 na secao 000
0001738 pacote 062 rearmazenado em 004 na secao 000
0001738 pacote 286 rearmazenado em 004 na secao 000
0001738 pacote 303 rearmazenado em 004 na secao 000
0001738 pacote 124 rearmazenado em 004 na secao 000
0001738 pacote 128 rearmazenado em 004 na secao 000
0001738 pacote 323 rearmazenado em 004 na secao 000
0001738 pacote 328 rearmazenado em 004 na secao 000
0001738 pacote 335 rearmazenado em 004 na secao 000
0001738 pacote 135 rearmazenado em 004 na secao 000
0001738 pacote 346 rearmazenado em 004 na secao 000
0001738 pacote 360 rearmazenado em 004 na secao 000
0001738 pacote 361 rearmazenado em 004 na secao 000
0001738 pacote 367 rearmazenado em 004 na secao 000
0001738 pacote 370 rearmazenado em 004 na secao 000
0001738 pacote 372 rearmazenado em 004 na secao 000
0001738 pacote 373 rearmazenado em 004 na secao 000
0001738 pacote 073 rearmazenado em 004 na secao 000
0001738 pacote 141 rearmazenado em 004 na secao 000
0001703 pacote 363 removido de 004 na secao 001
0001704 pacote 359 removido de 004 na secao 001
0001705 pacote 358 removido de 004 na secao 001
0001706 pacote 170 removido de 004 na secao 001
0001707 pacote 169 removido de 004 na secao 001
0001708 pacote 345 removido de 004 na secao 001
0001709 pacote 343 removido de 004 na secao 001
0001710 pacote 338 removido de 004 na secao 001
0001711 pacote 165 removido de 004 na secao 001
0001712 pacote 161 removido de 004 na secao 001
0001713 pacote 336 removido de 004 na secao 001
0001714 pacote 333 removido de 004 na secao 001
0001715 pacote 327 removido de 004 na secao 001
0001716 pacote 321 removido de 004 na secao 001
0001717 pacote 319 removido de 004 na secao 001
0001718 pacote 318 removido de 004 na secao 001
0001719 pacote 156 removido de 004 na secao 001
0001720 pacote 153 removido de 004 na secao 001
0001721 pacote 296 removido de 004 na secao 001
0001722 pacote 295 removido de 004 na secao 001
0001723 pacote 081 removido de 004 na secao 001
0001724 pacote 283 removido de 004 na secao 001
0001725 pacote 281 removido de 004 na secao 001
0001726 pacote 140 removido de 004 na secao 001
0001727 pacote 048 removido de 004 na secao 001
0001728 pacote 262 removido de 004 na secao 001
0001729 pacote 258 removido de 004 na secao 001
0001730 pacote 251 removido de 004 na secao 001
0001731 pacote 248 removido de 004 na secao 001
0001732 pacote 112 removido de 004 na secao 001
0001733 pacote 103 removido de 004 na secao 001
0001734 pacote 234 removido de 004 na secao 001
0001735 pacote 232 removido de 004 na secao 001
0001736 pacote 090 removido de 004 na secao 001
0001737 pacote 215 removido de 004 na secao 001
0001738 pacote 213 removido de 004 na secao 001
0001739 pacote 200 removido de 004 na secao 001
0001739 pacote 200 em transito de 004 para 001
0001739 pacote 213 em transito de 004 para 001
0001739 pacote 215 rearmazenado em 004 na secao 001
0001739 pacote 090 rearmazenado em 004 na secao 001
0001739 pacote 232 rearmazenado em 004 na secao 001
0001739 pacote 234 rearmazenado em 004 na secao 001
0001739 pacote 103 rearmazenado em 004 na secao 001
0001739 pacote 112 rearmazenado em 004 na secao 001
0001739 pacote 248 rearmazenado em 004 na secao 001
0001739 pacote 251 rearmazenado em 004 na secao 001
0001739 pacote 258 rearmazenado em 004 na secao 001
0001739 pacote 262 rearmazenado em 004 na secao 001
0001739 pacote 048 rearmazenado em 004 na secao 001
0001739 pacote 140 rearmazenado em 004 na secao 001
0001739 pacote 281 rearmazenado em 004 na secao 001
0001739 pacote 283 rearmazenado em 004 na secao 001
0001739 pacote 081 rearmazenado em 004 na secao 001
0001739 pacote 295 rearmazenado em 004 na secao 001
0001739 pacote 296 rearmazenado em 004 na secao 001
0001739 pacote 153 rearmazenado em 004 na secao 001
0001739 pacote 156 rearmazenado em 004 na secao 001
0001739 pacote 318 rearmazenado em 004 na secao 001
0001739 pacote 319 rearmazenado em 004 na secao 001
0001739 pacote 321 rearmazenado em 004 na secao 001
0001739 pacote 327 rearmazenado em 004 na secao 001
0001739 pacote 333 rearmazenado em 004 na secao 001
0001739 pacote 336 rearmazenado em 004 na secao 001
0001739 pacote 161 rearmazenado em 004 na secao 001
0001739 pacote 165 rearmazenado em 004 na secao 001
0001739 pacote 338 rearmazenado em 004 na secao 001
0001739 pacote 343 rearmazenado em 004 na secao 001
0001739 pacote 345 rearmazenado em 004 na secao 001
0001739 pacote 169 rearmazenado em 004 na secao 001
0001739 pacote 170 rearmazenado em 004 na secao 001
0001739 pacote 358 rearmazenado em 004 na secao 001
0001739 pacote 359 rearmazenado em 004 na secao 001
0001739 pacote 363 rearmazenado em 004 na secao 001
0001704 pacote 386 armazenado em 001 na secao 004
0001709 pacote 387 armazenado em 001 na secao 004
0001714 pacote 388 armazenado em 003 na secao 001
0001719 pacote 389 armazenado em 001 na secao 004
0001724 pacote 390 armazenado em 000 na secao 004
0001729 pacote 036 entregue em 003
0001729 pacote 067 entregue em 003
0001730 pacote 391 armazenado em 000 na secao 004
0001731 pacote 392 armazenado em 003 na secao 001
0001733 pacote 155 entregue em 002
0001733 pacote 312 entregue em 002
0001739 pacote 393 armazenado em 001 na secao 004
0001742 pacote 394 armazenado em 002 na secao 000
0001742 pacote 395 armazenado em 004 na secao 000
0001751 pacote 396 armazenado em 004 na secao 001
0001758 pacote 183 armazenado em 000 na secao 002
0001758 pacote 186 armazenado em 000 na secao 002
0001759 pacote 086 entregue em 004
0001759 pacote 176 armazenado em 004 na secao 001
0001759 pacote 200 entregue em 001
0001759 pacote 213 entregue em 001
0001760 pacote 397 armazenado em 000 na secao 004
0001761 pacote 154 entregue em 000
0001761 pacote 172 armazenado em 000 na secao 004
0001766 pacote 163 entregue em 004
0001766 pacote 167 entregue em 004
0001769 pacote 398 armazenado em 004 na secao 001
0001770 pacote 164 armazenado em 001 na secao 004
0001770 pacote 178 entregue em 001
0001777 pacote 399 armazenado em 001 na secao 003
0001803 pacote 186 removido de 000 na secao 002
0001804 pacote 183 removido de 000 na secao 002
0001805 pacote 376 removido de 000 na secao 002
0001806 pacote 175 removido de 000 na secao 002
0001807 pacote 368 removido de 000 na secao 002
0001808 pacote 173 removido de 000 na secao 002
0001809 pacote 354 removido de 000 na secao 002
0001810 pacote 341 removido de 000 na secao 002
0001811 pacote 339 removido de 000 na secao 002
0001812 pacote 162 removido de 000 na secao 002
0001813 pacote 017 removido de 000 na secao 002
0001813 pacote 017 em transito de 000 para 002
0001813 pacote 162 em transito de 000 para 002
0001813 pacote 339 rearmazenado em 000 na secao 002
0001813 pacote 341 rearmazenado em 000 na secao 002
0001813 pacote 354 rearmazenado em 000 na secao 002
0001813 pacote 173 rearmazenado em 000 na secao 002
0001813 pacote 368 rearmazenado em 000 na secao 002
0001813 pacote 175 rearmazenado em 000 na secao 002
0001813 pacote 376 rearmazenado em 000 na secao 002
0001813 pacote 183 rearmazenado em 000 na secao 002
0001813 pacote 186 rearmazenado em 000 na secao 002
0001803 pacote 172 removido de 000 na secao 004
0001804 pacote 397 removido de 000 na secao 004
0001805 pacote 391 removido de 000 na secao 004
0001806 pacote 390 removido de 000 na secao 004
0001807 pacote 381 removido de 000 na secao 004
0001808 pacote 380 removido de 000 na secao 004
0001809 pacote 149 removido de 000 na secao 004
0001810 pacote 148 removido de 000 na secao 004
0001811 pacote 365 removido de 000 na secao 004
0001812 pacote 351 removido de 000 na secao 004
0001813 pacote 349 removido de 000 na secao 004
0001814 pacote 143 removido de 000 na secao 004
0001815 pacote 142 removido de 000 na secao 004
0001816 pacote 334 removido de 000 na secao 004
0001817 pacote 331 removido de 000 na secao 004
0001818 pacote 313 removido de 000 na secao 004
0001819 pacote 136 removido de 000 na secao 004
0001820 pacote 304 removido de 000 na secao 004
0001821 pacote 298 removido de 000 na secao 004
0001822 pacote 120 removido de 000 na secao 004
0001823 pacote 280 removido de 000 na secao 004
0001824 pacote 278 removido de 000 na secao 004
0001825 pacote 275 removido de 000 na secao 004
0001826 pacote 268 removido de 000 na secao 004
0001827 pacote 116 removido de 000 na secao 004
0001828 pacote 113 removido de 000 na secao 004
0001829 pacote 263 removido de 000 na secao 004
0001830 pacote 111 removido de 000 na secao 004
0001831 pacote 239 removido de 000 na secao 004
0001832 pacote 233 removido de 000 na secao 004
0001833 pacote 099 removido de 000 na secao 004
0001834 pacote 097 removido de 000 na secao 004
0001835 pacote 220 removido de 000 na secao 004
0001836 pacote 217 removido de 000 na secao 004
0001837 pacote 202 removido de 000 na secao 004
0001838 pacote 094 removido de 000 na secao 004
0001839 pacote 091 removido de 000 na secao 004
0001840 pacote 193 removido de 000 na secao 004
0001841 pacote 187 removido de 000 na secao 004
0001841 pacote 187 em transito de 000 para 004
0001841 pacote 193 em transito de 000 para 004
0001841 pacote 091 rearmazenado em 000 na secao 004
0001841 pacote 094 rearmazenado em 000 na secao 004
0001841 pacote 202 rearmazenado em 000 na secao 004
0001841 pacote 217 rearmazenado em 000 na secao 004
0001841 pacote 220 rearmazenado em 000 na secao 004
0001841 pacote 097 rearmazenado em 000 na secao 004
0001841 pacote 099 rearmazenado em 000 na secao 004
0001841 pacote 233 rearmazenado em 000 na secao 004
0001841 pacote 239 rearmazenado em 000 na secao 004
0001841 pacote 111 rearmazenado em 000 na secao 004
0001841 pacote 263 rearmazenado em 000 na secao 004
0001841 pacote 113 rearmazenado em 000 na secao 004
0001841 pacote 116 rearmazenado em 000 na secao 004
0001841 pacote 268 rearmazenado em 000 na secao 004
0001841 pacote 275 rearmazenado em 000 na secao 004
0001841 pacote 278 rearmazenado em 000 na secao 004
0001841 pacote 280 rearmazenado em 000 na secao 004
0001841 pacote 120 rearmazenado em 000 na secao 004
0001841 pacote 298 rearmazenado em 000 na secao 004
0001841 pacote 304 rearmazenado em 000 na secao 004
0001841 pacote 136 rearmazenado em 000 na secao 004
0001841 pacote 313 rearmazenado em 000 na secao 004
0001841 pacote 331 rearmazenado em 000 na secao 004
0001841 pacote 334 rearmazenado em 000 na secao 004
0001841 pacote 142 rearmazenado em 000 na secao 004
0001841 pacote 143 rearmazenado em 000 na secao 004
0001841 pacote 349 rearmazenado em 000 na secao 004
0001841 pacote 351 rearmazenado em 000 na secao 004
0001841 pacote 365 rearmazenado em 000 na secao 004
0001841 pacote 148 rearmazenado em 000 na secao 004
0001841 pacote 149 rearmazenado em 000 na secao 004
0001841 pacote 380 rearmazenado em 000 na secao 004
0001841 pacote 381 rearmazenado em 000 na secao 004
0001841 pacote 390 rearmazenado em 000 na secao 004
0001841 pacote 391 rearmazenado em 000 na secao 004
0001841 pacote 397 rearmazenado em 000 na secao 004
0001841 pacote 172 rearmazenado em 000 na secao 004
0001803 pacote 399 removido de 001 na secao 003
0001804 pacote 383 removido de 001 na secao 003
0001805 pacote 378 removido de 001 na secao 003
0001806 pacote 088 removido de 001 na secao 003
0001807 pacote 375 removido de 001 na secao 003
0001808 pacote 362 removido de 001 na secao 003
0001808 pacote 362 em transito de 001 para 003
0001808 pacote 375 em transito de 001 para 003
0001808 pacote 088 rearmazenado em 001 na secao 003
0001808 pacote 378 rearmazenado em 001 na secao 003
0001808 pacote 383 rearmazenado em 001 na secao 003
0001808 pacote 399 rearmazenado em 001 na secao 003
0001803 pacote 164 removido de 001 na secao 004
0001804 pacote 393 removido de 001 na secao 004
0001805 pacote 389 removido de 001 na secao 004
0001806 pacote 387 removido de 001 na secao 004
0001807 pacote 386 removido de 001 na secao 004
0001808 pacote 379 removido de 001 na secao 004
0001809 pacote 159 removido de 001 na secao 004
0001810 pacote 152 removido de 001 na secao 004
0001811 pacote 364 removido de 001 na secao 004
0001812 pacote 144 removido de 001 na secao 004
0001813 pacote 129 removido de 001 na secao 004
0001814 pacote 344 removido de 001 na secao 004
0001815 pacote 340 removido de 001 na secao 004
0001816 pacote 126 removido de 001 na secao 004
0001817 pacote 332 removido de 001 na secao 004
0001818 pacote 326 removido de 001 na secao 004
0001819 pacote 317 removido de 001 na secao 004
0001820 pacote 316 removido de 001 na secao 004
0001821 pacote 314 removido de 001 na secao 004
0001822 pacote 123 removido de 001 na secao 004
0001823 pacote 121 removido de 001 na secao 004
0001824 pacote 309 removido de 001 na secao 004
0001825 pacote 306 removido de 001 na secao 004
0001826 pacote 294 removido de 001 na secao 004
0001827 pacote 293 removido de 001 na secao 004
0001828 pacote 287 removido de 001 na secao 004
0001829 pacote 117 removido de 001 na secao 004
0001830 pacote 277 removido de 001 na secao 004
0001831 pacote 273 removido de 001 na secao 004
0001832 pacote 270 removido de 001 na secao 004
0001833 pacote 269 removido de 001 na secao 004
0001834 pacote 115 removido de 001 na secao 004
0001835 pacote 260 removido de 001 na secao 004
0001836 pacote 243 removido de 001 na secao 004
0001837 pacote 105 removido de 001 na secao 004
0001838 pacote 237 removido de 001 na secao 004
0001839 pacote 236 removido de 001 na secao 004
0001840 pacote 226 removido de 001 na secao 004
0001841 pacote 098 removido de 001 na secao 004
0001842 pacote 095 removido de 001 na secao 004
0001843 pacote 222 removido de 001 na secao 004
0001844 pacote 218 removido de 001 na secao 004
0001845 pacote 211 removido de 001 na secao 004
0001846 pacote 204 removido de 001 na secao 004
0001847 pacote 082 removido de 001 na secao 004
0001848 pacote 194 removido de 001 na secao 004
0001849 pacote 080 removido de 001 na secao 004
0001849 pacote 080 em transito de 001 para 004
0001849 pacote 194 em transito de 001 para 004
0001849 pacote 082 rearmazenado em 001 na secao 004
0001849 pacote 204 rearmazenado em 001 na secao 004
0001849 pacote 211 rearmazenado em 001 na secao 004
0001849 pacote 218 rearmazenado em 001 na secao 004
0001849 pacote 222 rearmazenado em 001 na secao 004
0001849 pacote 095 rearmazenado em 001 na secao 004
0001849 pacote 098 rearmazenado em 001 na secao 004
0001849 pacote 226 rearmazenado em 001 na secao 004
0001849 pacote 236 rearmazenado em 001 na secao 004
0001849 pacote 237 rearmazenado em 001 na secao 004
0001849 pacote 105 rearmazenado em 001 na secao 004
0001849 pacote 243 rearmazenado em 001 na secao 004
0001849 pacote 260 rearmazenado em 001 na secao 004
0001849 pacote 115 rearmazenado em 001 na secao 004
0001849 pacote 269 rearmazenado em 001 na secao 004
0001849 pacote 270 rearmazenado em 001 na secao 004
0001849 pacote 273 rearmazenado em 001 na secao 004
0001849 pacote 277 rearmazenado em 001 na secao 004
0001849 pacote 117 rearmazenado em 001 na secao 004
0001849 pacote 287 rearmazenado em 001 na secao 004
0001849 pacote 293 rearmazenado em 001 na secao 004
0001849 pacote 294 rearmazenado em 001 na secao 004
0001849 pacote 306 rearmazenado em 001 na secao 004
0001849 pacote 309 rearmazenado em 001 na secao 004
0001849 pacote 121 rearmazenado em 001 na secao 004
0001849 pacote 123 rearmazenado em 001 na secao 004
0001849 pacote 314 rearmazenado em 001 na secao 004
0001849 pacote 316 rearmazenado em 001 na secao 004
0001849 pacote 317 rearmazenado em 001 na secao 004
0001849 pacote 326 rearmazenado em 001 na secao 004
0001849 pacote 332 rearmazenado em 001 na secao 004
0001849 pacote 126 rearmazenado em 001 na secao 004
0001849 pacote 340 rearmazenado em 001 na secao 004
0001849 pacote 344 rearmazenado em 001 na secao 004
0001849 pacote 129 rearmazenado em 001 na secao 004
0001849 pacote 144 rearmazenado em 001 na secao 004
0001849 pacote 364 rearmazenado em 001 na secao 004
0001849 pacote 152 rearmazenado em 001 na secao 004
0001849 pacote 159 rearmazenado em 001 na secao 004
0001849 pacote 379 rearmazenado em 001 na secao 004
0001849 pacote 386 rearmazenado em 001 na secao 004
0001849 pacote 387 rearmazenado em 001 na secao 004
0001849 pacote 389 rearmazenado em 001 na secao 004
0001849 pacote 393 rearmazenado em 001 na secao 004
0001849 pacote 164 rearmazenado em 001 na secao 004
0001803 pacote 394 removido de 002 na secao 000
0001804 pacote 384 removido de 002 na secao 000
0001805 pacote 377 removido de 002 na secao 000
0001806 pacote 366 removido de 002 na secao 000
0001807 pacote 357 removido de 002 na secao 000
0001808 pacote 356 removido de 002 na secao 000
0001809 pacote 355 removido de 002 na secao 000
0001810 pacote 352 removido de 002 na secao 000
0001811 pacote 347 removido de 002 na secao 000
0001812 pacote 325 removido de 002 na secao 000
0001813 pacote 320 removido de 002 na secao 000
0001814 pacote 315 removido de 002 na secao 000
0001815 pacote 311 removido de 002 na secao 000
0001816 pacote 308 removido de 002 na secao 000
0001817 pacote 300 removido de 002 na secao 000
0001818 pacote 299 removido de 002 na secao 000
0001819 pacote 297 removido de 002 na secao 000
0001820 pacote 292 removido de 002 na secao 000
0001821 pacote 288 removido de 002 na secao 000
0001822 pacote 266 removido de 002 na secao 000
0001823 pacote 264 removido de 002 na secao 000
0001824 pacote 261 removido de 002 na secao 000
0001825 pacote 257 removido de 002 na secao 000
0001826 pacote 250 removido de 002 na secao 000
0001827 pacote 246 removido de 002 na secao 000
0001828 pacote 238 removido de 002 na secao 000
0001829 pacote 230 removido de 002 na secao 000
0001830 pacote 228 removido de 002 na secao 000
0001831 pacote 227 removido de 002 na secao 000
0001832 pacote 221 removido de 002 na secao 000
0001833 pacote 207 removido de 002 na secao 000
0001834 pacote 205 removido de 002 na secao 000
0001835 pacote 198 removido de 002 na secao 000
0001836 pacote 196 removido de 002 na secao 000
0001837 pacote 184 removido de 002 na secao 000
0001838 pacote 179 removido de 002 na secao 000
0001839 pacote 177 removido de 002 na secao 000
0001840 pacote 174 removido de 002 na secao 000
0001840 pacote 174 em transito de 002 para 000
0001840 pacote 177 em transito de 002 para 000
0001840 pacote 179 rearmazenado em 002 na secao 000
0001840 pacote 184 rearmazenado em 002 na secao 000
0001840 pacote 196 rearmazenado em 002 na secao 000
0001840 pacote 198 rearmazenado em 002 na secao 000
0001840 pacote 205 rearmazenado em 002 na secao 000
0001840 pacote 207 rearmazenado em 002 na secao 000
0001840 pacote 221 rearmazenado em 002 na secao 000
0001840 pacote 227 rearmazenado em 002 na secao 000
0001840 pacote 228 rearmazenado em 002 na secao 000
0001840 pacote 230 rearmazenado em 002 na secao 000
0001840 pacote 238 rearmazenado em 002 na secao 000
0001840 pacote 246 rearmazenado em 002 na secao 000
0001840 pacote 250 rearmazenado em 002 na secao 000
0001840 pacote 257 rearmazenado em 002 na secao 000
0001840 pacote 261 rearmazenado em 002 na secao 000
0001840 pacote 264 rearmazenado em 002 na secao 000
0001840 pacote 266 rearmazenado em 002 na secao 000
0001840 pacote 288 rearmazenado em 002 na secao 000
0001840 pacote 292 rearmazenado em 002 na secao 000
0001840 pacote 297 rearmazenado em 002 na secao 000
0001840 pacote 299 rearmazenado em 002 na secao 000
0001840 pacote 300 rearmazenado em 002 na secao 000
0001840 pacote 308 rearmazenado em 002 na secao 000
0001840 pacote 311 rearmazenado em 002 na secao 000
0001840 pacote 315 rearmazenado em 002 na secao 000
0001840 pacote 320 rearmazenado em 002 na secao 000
0001840 pacote 325 rearmazenado em 002 na secao 000
0001840 pacote 347 rearmazenado em 002 na secao 000
0001840 pacote 352 rearmazenado em 002 na secao 000
0001840 pacote 355 rearmazenado em 002 na secao 000
0001840 pacote 356 rearmazenado em 002 na secao 000
0001840 pacote 357 rearmazenado em 002 na secao 000
0001840 pacote 366 rearmazenado em 002 na secao 000
0001840 pacote 377 rearmazenado em 002 na secao 000
0001840 pacote 384 rearmazenado em 002 na secao 000
0001840 pacote 394 rearmazenado em 002 na secao 000
0001803 pacote 392 removido de 003 na secao 001
0001804 pacote 388 removido de 003 na secao 001
0001805 pacote 385 removido de 003 na secao 001
0001806 pacote 382 removido de 003 na secao 001
0001807 pacote 374 removido de 003 na secao 001
0001808 pacote 371 removido de 003 na secao 001
0001809 pacote 369 removido de 003 na secao 001
0001810 pacote 353 removido de 003 na secao 001
0001811 pacote 350 removido de 003 na secao 001
0001812 pacote 348 removido de 003 na secao 001
0001813 pacote 342 removido de 003 na secao 001
0001814 pacote 337 removido de 003 na secao 001
0001815 pacote 330 removido de 003 na secao 001
0001816 pacote 324 removido de 003 na secao 001
0001817 pacote 322 removido de 003 na secao 001
0001818 pacote 305 removido de 003 na secao 001
0001819 pacote 302 removido de 003 na secao 001
0001820 pacote 291 removido de 003 na secao 001
0001821 pacote 290 removido de 003 na secao 001
0001822 pacote 289 removido de 003 na secao 001
0001823 pacote 284 removido de 003 na secao 001
0001824 pacote 279 removido de 003 na secao 001
0001825 pacote 276 removido de 003 na secao 001
0001826 pacote 274 removido de 003 na secao 001
0001827 pacote 271 removido de 003 na secao 001
0001828 pacote 259 removido de 003 na secao 001
0001829 pacote 256 removido de 003 na secao 001
0001830 pacote 255 removido de 003 na secao 001
0001831 pacote 254 removido de 003 na secao 001
0001832 pacote 253 removido de 003 na secao 001
0001833 pacote 252 removido de 003 na secao 001
0001834 pacote 242 removido de 003 na secao 001
0001835 pacote 241 removido de 003 na secao 001
0001836 pacote 235 removido de 003 na secao 001
0001837 pacote 231 removido de 003 na secao 001
0001838 pacote 229 removido de 003 na secao 001
0001839 pacote 223 removido de 003 na secao 001
0001840 pacote 219 removido de 003 na secao 001
0001841 pacote 216 removido de 003 na secao 001
0001842 pacote 212 removido de 003 na secao 001
0001843 pacote 210 removido de 003 na secao 001
0001844 pacote 201 removido de 003 na secao 001
0001845 pacote 199 removido de 003 na secao 001
0001846 pacote 195 removido de 003 na secao 001
0001847 pacote 192 removido de 003 na secao 001
0001848 pacote 188 removido de 003 na secao 001
0001849 pacote 182 removido de 003 na secao 001
0001850 pacote 181 removido de 003 na secao 001
0001850 pacote 181 em transito de 003 para 001
0001850 pacote 182 em transito de 003 para 001
0001850 pacote 188 rearmazenado em 003 na secao 001
0001850 pacote 192 rearmazenado em 003 na secao 001
0001850 pacote 195 rearmazenado em 003 na secao 001
0001850 pacote 199 rearmazenado em 003 na secao 001
0001850 pacote 201 rearmazenado em 003 na secao 001
0001850 pacote 210 rearmazenado em 003 na secao 001
0001850 pacote 212 rearmazenado em 003 na secao 001
0001850 pacote 216 rearmazenado em 003 na secao 001
0001850 pacote 219 rearmazenado em 003 na secao 001
0001850 pacote 223 rearmazenado em 003 na secao 001
0001850 pacote 229 rearmazenado em 003 na secao 001
0001850 pacote 231 rearmazenado em 003 na secao 001
0001850 pacote 235 rearmazenado em 003 na secao 001
0001850 pacote 241 rearmazenado em 003 na secao 001
0001850 pacote 242 rearmazenado em 003 na secao 001
0001850 pacote 252 rearmazenado em 003 na secao 001
0001850 pacote 253 rearmazenado em 003 na secao 001
0001850 pacote 254 rearmazenado em 003 na secao 001
0001850 pacote 255 rearmazenado em 003 na secao 001
0001850 pacote 256 rearmazenado em 003 na secao 001
0001850 pacote 259 rearmazenado em 003 na secao 001
0001850 pacote 271 rearmazenado em 003 na secao 001
0001850 pacote 274 rearmazenado em 003 na secao 001
0001850 pacote 276 rearmazenado em 003 na secao 001
0001850 pacote 279 rearmazenado em 003 na secao 001
0001850 pacote 284 rearmazenado em 003 na secao 001
0001850 pacote 289 rearmazenado em 003 na secao 001
0001850 pacote 290 rearmazenado em 003 na secao 001
0001850 pacote 291 rearmazenado em 003 na secao 001
0001850 pacote 302 rearmazenado em 003 na secao 001
0001850 pacote 305 rearmazenado em 003 na secao 001
0001850 pacote 322 rearmazenado em 003 na secao 001
0001850 pacote 324 rearmazenado em 003 na secao 001
0001850 pacote 330 rearmazenado em 003 na secao 001
0001850 pacote 337 rearmazenado em 003 na secao 001
0001850 pacote 342 rearmazenado em 003 na secao 001
0001850 pacote 348 rearmazenado em 003 na secao 001
0001850 pacote 350 rearmazenado em 003 na secao 001
0001850 pacote 353 rearmazenado em 003 na secao 001
0001850 pacote 369 rearmazenado em 003 na secao 001
0001850 pacote 371 rearmazenado em 003 na secao 001
0001850 pacote 374 rearmazenado em 003 na secao 001
0001850 pacote 382 rearmazenado em 003 na secao 001
0001850 pacote 385 rearmazenado em 003 na secao 001
0001850 pacote 388 rearmazenado em 003 na secao 001
0001850 pacote 392 rearmazenado em 003 na secao 001
0001803 pacote 395 removido de 004 na secao 000
0001804 pacote 141 removido de 004 na secao 000
0001805 pacote 073 removido de 004 na secao 000
0001806 pacote 373 removido de 004 na secao 000
0001807 pacote 372 removido de 004 na secao 000
0001808 pacote 370 removido de 004 na secao 000
0001809 pacote 367 removido de 004 na secao 000
0001810 pacote 361 removido de 004 na secao 000
0001811 pacote 360 removido de 004 na secao 000
0001812 pacote 346 removido de 004 na secao 000
0001813 pacote 135 removido de 004 na secao 000
0001814 pacote 335 removido de 004 na secao 000
0001815 pacote 328 removido de 004 na secao 000
0001816 pacote 323 removido de 004 na secao 000
0001817 pacote 128 removido de 004 na secao 000
0001818 pacote 124 removido de 004 na secao 000
0001819 pacote 303 removido de 004 na secao 000
0001820 pacote 286 removido de 004 na secao 000
0001821 pacote 062 removido de 004 na secao 000
0001822 pacote 267 removido de 004 na secao 000
0001823 pacote 109 removido de 004 na secao 000
0001824 pacote 096 removido de 004 na secao 000
0001825 pacote 249 removido de 004 na secao 000
0001826 pacote 247 removido de 004 na secao 000
0001827 pacote 245 removido de 004 na secao 000
0001828 pacote 244 removido de 004 na secao 000
0001829 pacote 059 removido de 004 na secao 000
0001830 pacote 058 removido de 004 na secao 000
0001831 pacote 224 removido de 004 na secao 000
0001832 pacote 078 removido de 004 na secao 000
0001833 pacote 064 removido de 004 na secao 000
0001834 pacote 214 removido de 004 na secao 000
0001835 pacote 208 removido de 004 na secao 000
0001836 pacote 203 removido de 004 na secao 000
0001837 pacote 053 removido de 004 na secao 000
0001837 pacote 053 em transito de 004 para 000
0001837 pacote 203 em transito de 004 para 000
0001837 pacote 208 rearmazenado em 004 na secao 000
0001837 pacote 214 rearmazenado em 004 na secao 000
0001837 pacote 064 rearmazenado em 004 na secao 000
0001837 pacote 078 rearmazenado em 004 na secao 000
0001837 pacote 224 rearmazenado em 004 na secao 000
0001837 pacote 058 rearmazenado em 004 na secao 000
0001837 pacote 059 rearmazenado em 004 na secao 000
0001837 pacote 244 rearmazenado em 004 na secao 000
0001837 pacote 245 rearmazenado em 004 na secao 000
0001837 pacote 247 rearmazenado em 004 na secao 000
0001837 pacote 249 rearmazenado em 004 na secao 000
0001837 pacote 096 rearmazenado em 004 na secao 000
0001837 pacote 109 rearmazenado em 004 na secao 000
0001837 pacote 267 rearmazenado em 004 na secao 000
0001837 pacote 062 rearmazenado em 004 na secao 000
0001837 pacote 286 rearmazenado em 004 na secao 000
0001837 pacote 303 rearmazenado em 004 na secao 000
0001837 pacote 124 rearmazenado em 004 na secao 000
0001837 pacote 128 rearmazenado em 004 na secao 000
0001837 pacote 323 rearmazenado em 004 na secao 000
0001837 pacote 328 rearmazenado em 004 na secao 000
0001837 pacote 335 rearmazenado em 004 na secao 000
0001837 pacote 135 rearmazenado em 004 na secao 000
0001837 pacote 346 rearmazenado em 004 na secao 000
0001837 pacote 360 rearmazenado em 004 na secao 000
0001837 pacote 361 rearmazenado em 004 na secao 000
0001837 pacote 367 rearmazenado em 004 na secao 000
0001837 pacote 370 rearmazenado em 004 na secao 000
0001837 pacote 372 rearmazenado em 004 na secao 000
0001837 pacote 373 rearmazenado em 004 na secao 000
0001837 pacote 073 rearmazenado em 004 na secao 000
0001837 pacote 141 rearmazenado em 004 na secao 000
0001837 pacote 395 rearmazenado em 004 na secao 000
0001803 pacote 398 removido de 004 na secao 001
0001804 pacote 176 removido de 004 na secao 001
0001805 pacote 396 removido de 004 na secao 001
0001806 pacote 363 removido de 004 na secao 001
0001807 pacote 359 removido de 004 na secao 001
0001808 pacote 358 removido de 004 na secao 001
0001809 pacote 170 removido de 004 na secao 001
0001810 pacote 169 removido de 004 na secao 001
0001811 pacote 345 removido de 004 na secao 001
0001812 pacote 343 removido de 004 na secao 001
0001813 pacote 338 removido de 004 na secao 001
0001814 pacote 165 removido de 004 na secao 001
0001815 pacote 161 removido de 004 na secao 001
0001816 pacote 336 removido de 004 na secao 001
0001817 pacote 333 removido de 004 na secao 001
0001818 pacote 327 removido de 004 na secao 001
0001819 pacote 321 removido de 004 na secao 001
0001820 pacote 319 removido de 004 na secao 001
0001821 pacote 318 removido de 004 na secao 001
0001822 pacote 156 removido de 004 na secao 001
0001823 pacote 153 removido de 004 na secao 001
0001824 pacote 296 removido de 004 na secao 001
0001825 pacote 295 removido de 004 na secao 001
0001826 pacote 081 removido de 004 na secao 001
0001827 pacote 283 removido de 004 na secao 001
0001828 pacote 281 removido de 004 na secao 001
0001829 pacote 140 removido de 004 na secao 001
0001830 pacote 048 removido de 004 na secao 001
0001831 pacote 262 removido de 004 na secao 001
0001832 pacote 258 removido de 004 na secao 001
0001833 pacote 251 removido de 004 na secao 001
0001834 pacote 248 removido de 004 na secao 001
0001835 pacote 112 removido de 004 na secao 001
0001836 pacote 103 removido de 004 na secao 001
0001837 pacote 234 removido de 004 na secao 001
0001838 pacote 232 removido de 004 na secao 001
0001839 pacote 090 removido de 004 na secao 001
0001840 pacote 215 removido de 004 na secao 001
0001840 pacote 215 em transito de 004 para 001
0001840 pacote 090 em transito de 004 para 001
0001840 pacote 232 rearmazenado em 004 na secao 001
0001840 pacote 234 rearmazenado em 004 na secao 001
0001840 pacote 103 rearmazenado em 004 na secao 001
0001840 pacote 112 rearmazenado em 004 na secao 001
0001840 pacote 248 rearmazenado em 004 na secao 001
0001840 pacote 251 rearmazenado em 004 na secao 001
0001840 pacote 258 rearmazenado em 004 na secao 001
0001840 pacote 262 rearmazenado em 004 na secao 001
0001840 pacote 048 rearmazenado em 004 na secao 001
0001840 pacote 140 rearmazenado em 004 na secao 001
0001840 pacote 281 rearmazenado em 004 na secao 001
0001840 pacote 283 rearmazenado em 004 na secao 001
0001840 pacote 081 rearmazenado em 004 na secao 001
0001840 pacote 295 rearmazenado em 004 na secao 001
0001840 pacote 296 rearmazenado em 004 na secao 001
0001840 pacote 153 rearmazenado em 004 na secao 001
0001840 pacote 156 rearmazenado em 004 na secao 001
0001840 pacote 318 rearmazenado em 004 na secao 001
0001840 pacote 319 rearmazenado em 004 na secao 001
0001840 pacote 321 rearmazenado em 004 na secao 001
0001840 pacote 327 rearmazenado em 004 na secao 001
0001840 pacote 333 rearmazenado em 004 na secao 001
0001840 pacote 336 rearmazenado em 004 na secao 001
0001840 pacote 161 rearmazenado em 004 na secao 001
0001840 pacote 165 rearmazenado em 004 na secao 001
0001840 pacote 338 rearmazenado em 004 na secao 001
0001840 pacote 343 rearmazenado em 004 na secao 001
0001840 pacote 345 rearmazenado em 004 na secao 001
0001840 pacote 169 rearmazenado em 004 na secao 001
0001840 pacote 170 rearmazenado em 004 na secao 001
0001840 pacote 358 rearmazenado em 004 na secao 001
0001840 pacote 359 rearmazenado em 004 na secao 001
0001840 pacote 363 rearmazenado em 004 na secao 001
0001840 pacote 396 rearmazenado em 004 na secao 001
0001840 pacote 176 rearmazenado em 004 na secao 001
0001840 pacote 398 rearmazenado em 004 na secao 001
0001828 pacote 362 entregue em 003
0001828 pacote 375 entregue em 003
0001833 pacote 017 entregue em 002
0001833 pacote 162 entregue em 002
0001857 pacote 053 armazenado em 000 na secao 002
0001857 pacote 203 armazenado em 000 na secao 002
0001860 pacote 090 entregue em 001
0001860 pacote 174 armazenado em 000 na secao 004
0001860 pacote 177 armazenado em 000 na secao 004
0001860 pacote 215 armazenado em 001 na secao 003
0001861 pacote 187 armazenado em 004 na secao 001
0001861 pacote 193 armazenado em 004 na secao 001
0001869 pacote 080 armazenado em 004 na secao 000
0001869 pacote 194 armazenado em 004 na secao 000
0001870 pacote 181 armazenado em 001 na secao 004
0001870 pacote 182 armazenado em 001 na secao 004
0001903 pacote 203 removido de 000 na secao 002
0001904 pacote 053 removido de 000 na secao 002
0001905 pacote 186 removido de 000 na secao 002
0001906 pacote 183 removido de 000 na secao 002
0001907 pacote 376 removido de 000 na secao 002
0001908 pacote 175 removido de 000 na secao 002
0001909 pacote 368 removido de 000 na secao 002
0001910 pacote 173 removido de 000 na secao 002
0001911 pacote 354 removido de 000 na secao 002
0001912 pacote 341 removido de 000 na secao 002
0001913 pacote 339 removido de 000 na secao 002
0001913 pacote 339 em transito de 000 para 002
0001913 pacote 341 em transito de 000 para 002
0001913 pacote 354 rearmazenado em 000 na secao 002
0001913 pacote 173 rearmazenado em 000 na secao 002
0001913 pacote 368 rearmazenado em 000 na secao 002
0001913 pacote 175 rearmazenado em 000 na secao 002
0001913 pacote 376 rearmazenado em 000 na secao 002
0001913 pacote 183 rearmazenado em 000 na secao 002
0001913 pacote 186 rearmazenado em 000 na secao 002
0001913 pacote 053 rearmazenado em 000 na secao 002
0001913 pacote 203 rearmazenado em 000 na secao 002
0001903 pacote 177 removido de 000 na secao 004
0001904 pacote 174 removido de 000 na secao 004
0001905 pacote 172 removido de 000 na secao 004
0001906 pacote 397 removido de 000 na secao 004
0001907 pacote 391 removido de 000 na secao 004
0001908 pacote 390 removido de 000 na secao 004
0001909 pacote 381 removido de 000 na secao 004
0001910 pacote 380 removido de 000 na secao 004
0001911 pacote 149 removido de 000 na secao 004
0001912 pacote 148 removido de 000 na secao 004
0001913 pacote 365 removido de 000 na secao 004
0001914 pacote 351 removido de 000 na secao 004
0001915 pacote 349 removido de 000 na secao 004
0001916 pacote 143 removido de 000 na secao 004
0001917 pacote 142 removido de 000 na secao 004
0001918 pacote 334 removido de 000 na secao 004
0001919 pacote 331 removido de 000 na secao 004
0001920 pacote 313 removido de 000 na secao 004
0001921 pacote 136 removido de 000 na secao 004
0001922 pacote 304 removido de 000 na secao 004
0001923 pacote 298 removido de 000 na secao 004
0001924 pacote 120 removido de 000 na secao 004
0001925 pacote 280 removido de 000 na secao 004
0001926 pacote 278 removido de 000 na secao 004
0001927 pacote 275 removido de 000 na secao 004
0001928 pacote 268 removido de 000 na secao 004
0001929 pacote 116 removido de 000 na secao 004
0001930 pacote 113 removido de 000 na secao 004
0001931 pacote 263 removido de 000 na secao 004
0001932 pacote 111 removido de 000 na secao 004
0001933 pacote 239 removido de 000 na secao 004
0001934 pacote 233 removido de 000 na secao 004
0001935 pacote 099 removido de 000 na secao 004
0001936 pacote 097 removido de 000 na secao 004
0001937 pacote 220 removido de 000 na secao 004
0001938 pacote 217 removido de 000 na secao 004
0001939 pacote 202 removido de 000 na secao 004
0001940 pacote 094 removido de 000 na secao 004
0001941 pacote 091 removido de 000 na secao 004
0001941 pacote 091 em transito de 000 para 004
0001941 pacote 094 em transito de 000 para 004
0001941 pacote 202 rearmazenado em 000 na secao 004
0001941 pacote 217 rearmazenado em 000 na secao 004
0001941 pacote 220 rearmazenado em 000 na secao 004
0001941 pacote 097 rearmazenado em 000 na secao 004
0001941 pacote 099 rearmazenado em 000 na secao 004
0001941 pacote 233 rearmazenado em 000 na secao 004
0001941 pacote 239 rearmazenado em 000 na secao 004
0001941 pacote 111 rearmazenado em 000 na secao 004
0001941 pacote 263 rearmazenado em 000 na secao 004
0001941 pacote 113 rearmazenado em 000 na secao 004
0001941 pacote 116 rearmazenado em 000 na secao 004
0001941 pacote 268 rearmazenado em 000 na secao 004
0001941 pacote 275 rearmazenado em 000 na secao 004
0001941 pacote 278 rearmazenado em 000 na secao 004
0001941 pacote 280 rearmazenado em 000 na secao 004
0001941 pacote 120 rearmazenado em 000 na secao 004
0001941 pacote 298 rearmazenado em 000 na secao 004
0001941 pacote 304 rearmazenado em 000 na secao 004
0001941 pacote 136 rearmazenado em 000 na secao 004
0001941 pacote 313 rearmazenado em 000 na secao 004
0001941 pacote 331 rearmazenado em 000 na secao 004
0001941 pacote 334 rearmazenado em 000 na secao 004
0001941 pacote 142 rearmazenado em 000 na secao 004
0001941 pacote 143 rearmazenado em 000 na secao 004
0001941 pacote 349 rearmazenado em 000 na secao 004
0001941 pacote 351 rearmazenado em 000 na secao 004
0001941 pacote 365 rearmazenado em 000 na secao 004
0001941 pacote 148 rearmazenado em 000 na secao 004
0001941 pacote 149 rearmazenado em 000 na secao 004
0001941 pacote 380 rearmazenado em 000 na secao 004
0001941 pacote 381 rearmazenado em 000 na secao 004
0001941 pacote 390 rearmazenado em 000 na secao 004
0001941 pacote 391 rearmazenado em 000 na secao 004
0001941 pacote 397 rearmazenado em 000 na secao 004
0001941 pacote 172 rearmazenado em 000 na secao 004
0001941 pacote 174 rearmazenado em 000 na secao 004
0001941 pacote 177 rearmazenado em 000 na secao 004
0001903 pacote 215 removido de 001 na secao 003
0001904 pacote 399 removido de 001 na secao 003
0001905 pacote 383 removido de 001 na secao 003
0001906 pacote 378 removido de 001 na secao 003
0001907 pacote 088 removido de 001 na secao 003
0001907 pacote 088 em transito de 001 para 003
0001907 pacote 378 em transito de 001 para 003
0001907 pacote 383 rearmazenado em 001 na secao 003
0001907 pacote 399 rearmazenado em 001 na secao 003
0001907 pacote 215 rearmazenado em 001 na secao 003
0001903 pacote 182 removido de 001 na secao 004
0001904 pacote 181 removido de 001 na secao 004
0001905 pacote 164 removido de 001 na secao 004
0001906 pacote 393 removido de 001 na secao 004
0001907 pacote 389 removido de 001 na secao 004
0001908 pacote 387 removido de 001 na secao 004
0001909 pacote 386 removido de 001 na secao 004
0001910 pacote 379 removido de 001 na secao 004
0001911 pacote 159 removido de 001 na secao 004
0001912 pacote 152 removido de 001 na secao 004
0001913 pacote 364 removido de 001 na secao 004
0001914 pacote 144 removido de 001 na secao 004
0001915 pacote 129 removido de 001 na secao 004
0001916 pacote 344 removido de 001 na secao 004
0001917 pacote 340 removido de 001 na secao 004
0001918 pacote 126 removido de 001 na secao 004
0001919 pacote 332 removido de 001 na secao 004
0001920 pacote 326 removido de 001 na secao 004
0001921 pacote 317 removido de 001 na secao 004
0001922 pacote 316 removido de 001 na secao 004
0001923 pacote 314 removido de 001 na secao 004
0001924 pacote 123 removido de 001 na secao 004
0001925 pacote 121 removido de 001 na secao 004
0001926 pacote 309 removido de 001 na secao 004
0001927 pacote 306 removido de 001 na secao 004
0001928 pacote 294 removido de 001 na secao 004
0001929 pacote 293 removido de 001 na secao 004
0001930 pacote 287 removido de 001 na secao 004
0001931 pacote 117 removido de 001 na secao 004
0001932 pacote 277 removido de 001 na secao 004
0001933 pacote 273 removido de 001 na secao 004
0001934 pacote 270 removido de 001 na secao 004
0001935 pacote 269 removido de 001 na secao 004
0001936 pacote 115 removido de 001 na secao 004
0001937 pacote 260 removido de 001 na secao 004
0001938 pacote 243 removido de 001 na secao 004
0001939 pacote 105 removido de 001 na secao 004
0001940 pacote 237 removido de 001 na secao 004
0001941 pacote 236 removido de 001 na secao 004
0001942 pacote 226 removido de 001 na secao 004
0001943 pacote 098 removido de 001 na secao 004
0001944 pacote 095 removido de 001 na secao 004
0001945 pacote 222 removido de 001 na secao 004
0001946 pacote 218 removido de 001 na secao 004
0001947 pacote 211 removido de 001 na secao 004
0001948 pacote 204 removido de 001 na secao 004
0001949 pacote 082 removido de 001 na secao 004
0001949 pacote 082 em transito de 001 para 004
0001949 pacote 204 em transito de 001 para 004
0001949 pacote 211 rearmazenado em 001 na secao 004
0001949 pacote 218 rearmazenado em 001 na secao 004
0001949 pacote 222 rearmazenado em 001 na secao 004
0001949 pacote 095 rearmazenado em 001 na secao 004
0001949 pacote 098 rearmazenado em 001 na secao 004
0001949 pacote 226 rearmazenado em 001 na secao 004
0001949 pacote 236 rearmazenado em 001 na secao 004
0001949 pacote 237 rearmazenado em 001 na secao 004
0001949 pacote 105 rearmazenado em 001 na secao 004
0001949 pacote 243 rearmazenado em 001 na secao 004
0001949 pacote 260 rearmazenado em 001 na secao 004
0001949 pacote 115 rearmazenado em 001 na secao 004
0001949 pacote 269 rearmazenado em 001 na secao 004
0001949 pacote 270 rearmazenado em 001 na secao 004
0001949 pacote 273 rearmazenado em 001 na secao 004
0001949 pacote 277 rearmazenado em 001 na secao 004
0001949 pacote 117 rearmazenado em 001 na secao 004
0001949 pacote 287 rearmazenado em 001 na secao 004
0001949 pacote 293 rearmazenado em 001 na secao 004
0001949 pacote 294 rearmazenado em 001 na secao 004
0001949 pacote 306 rearmazenado em 001 na secao 004
0001949 pacote 309 rearmazenado em 001 na secao 004
0001949 pacote 121 rearmazenado em 001 na secao 004
0001949 pacote 123 rearmazenado em 001 na secao 004
0001949 pacote 314 rearmazenado em 001 na secao 004
0001949 pacote 316 rearmazenado em 001 na secao 004
0001949 pacote 317 rearmazenado em 001 na secao 004
0001949 pacote 326 rearmazenado em 001 na secao 004
0001949 pacote 332 rearmazenado em 001 na secao 004
0001949 pacote 126 rearmazenado em 001 na secao 004
0001949 pacote 340 rearmazenado em 001 na secao 004
0001949 pacote 344 rearmazenado em 001 na secao 004
0001949 pacote 129 rearmazenado em 001 na secao 004
0001949 pacote 144 rearmazenado em 001 na secao 004
0001949 pacote 364 rearmazenado em 001 na secao 004
0001949 pacote 152 rearmazenado em 001 na secao 004
0001949 pacote 159 rearmazenado em 001 na secao 004
0001949 pacote 379 rearmazenado em 001 na secao 004
0001949 pacote 386 rearmazenado em 001 na secao 004
0001949 pacote 387 rearmazenado em 001 na secao 004
0001949 pacote 389 rearmazenado em 001 na secao 004
0001949 pacote 393 rearmazenado em 001 na secao 004
0001949 pacote 164 rearmazenado em 001 na secao 004
0001949 pacote 181 rearmazenado em 001 na secao 004
0001949 pacote 182 rearmazenado em 001 na secao 004
0001903 pacote 394 removido de 002 na secao 000
0001904 pacote 384 removido de 002 na secao 000
0001905 pacote 377 removido de 002 na secao 000
0001906 pacote 366 removido de 002 na secao 000
0001907 pacote 357 removido de 002 na secao 000
0001908 pacote 356 removido de 002 na secao 000
0001909 pacote 355 removido de 002 na secao 000
0001910 pacote 352 removido de 002 na secao 000
0001911 pacote 347 removido de 002 na secao 000
0001912 pacote 325 removido de 002 na secao 000
0001913 pacote 320 removido de 002 na secao 000
0001914 pacote 315 removido de 002 na secao 000
0001915 pacote 311 removido de 002 na secao 000
0001916 pacote 308 removido de 002 na secao 000
0001917 pacote 300 removido de 002 na secao 000
0001918 pacote 299 removido de 002 na secao 000
0001919 pacote 297 removido de 002 na secao 000
0001920 pacote 292 removido de 002 na secao 000
0001921 pacote 288 removido de 002 na secao 000
0001922 pacote 266 removido de 002 na secao 000
0001923 pacote 264 removido de 002 na secao 000
0001924 pacote 261 removido de 002 na secao 000
0001925 pacote 257 removido de 002 na secao 000
0001926 pacote 250 removido de 002 na secao 000
0001927 pacote 246 removido de 002 na secao 000
0001928 pacote 238 removido de 002 na secao 000
0001929 pacote 230 removido de 002 na secao 000
0001930 pacote 228 removido de 002 na secao 000
0001931 pacote 227 removido de 002 na secao 000
0001932 pacote 221 removido de 002 na secao 000
0001933 pacote 207 removido de 002 na secao 000
0001934 pacote 205 removido de 002 na secao 000
0001935 pacote 198 removido de 002 na secao 000
0001936 pacote 196 removido de 002 na secao 000
0001937 pacote 184 removido de 002 na secao 000
0001938 pacote 179 removido de 002 na secao 000
0001938 pacote 179 em transito de 002 para 000
0001938 pacote 184 em transito de 002 para 000
0001938 pacote 196 rearmazenado em 002 na secao 000
0001938 pacote 198 rearmazenado em 002 na secao 000
0001938 pacote 205 rearmazenado em 002 na secao 000
0001938 pacote 207 rearmazenado em 002 na secao 000
0001938 pacote 221 rearmazenado em 002 na secao 000
0001938 pacote 227 rearmazenado em 002 na secao 000
0001938 pacote 228 rearmazenado em 002 na secao 000
0001938 pacote 230 rearmazenado em 002 na secao 000
0001938 pacote 238 rearmazenado em 002 na secao 000
0001938 pacote 246 rearmazenado em 002 na secao 000
0001938 pacote 250 rearmazenado em 002 na secao 000
0001938 pacote 257 rearmazenado em 002 na secao 000
0001938 pacote 261 rearmazenado em 002 na secao 000
0001938 pacote 264 rearmazenado em 002 na secao 000
0001938 pacote 266 rearmazenado em 002 na secao 000
0001938 pacote 288 rearmazenado em 002 na secao 000
0001938 pacote 292 rearmazenado em 002 na secao 000
0001938 pacote 297 rearmazenado em 002 na secao 000
0001938 pacote 299 rearmazenado em 002 na secao 000
0001938 pacote 300 rearmazenado em 002 na secao 000
0001938 pacote 308 rearmazenado em 002 na secao 000
0001938 pacote 311 rearmazenado em 002 na secao 000
0001938 pacote 315 rearmazenado em 002 na secao 000
0001938 pacote 320 rearmazenado em 002 na secao 000
0001938 pacote 325 rearmazenado em 002 na secao 000
0001938 pacote 347 rearmazenado em 002 na secao 000
0001938 pacote 352 rearmazenado em 002 na secao 000
0001938 pacote 355 rearmazenado em 002 na secao 000
0001938 pacote 356 rearmazenado em 002 na secao 000
0001938 pacote 357 rearmazenado em 002 na secao 000
0001938 pacote 366 rearmazenado em 002 na secao 000
0001938 pacote 377 rearmazenado em 002 na secao 000
0001938 pacote 384 rearmazenado em 002 na secao 000
0001938 pacote 394 rearmazenado em 002 na secao 000
0001903 pacote 392 removido de 003 na secao 001
0001904 pacote 388 removido de 003 na secao 001
0001905 pacote 385 removido de 003 na secao 001
0001906 pacote 382 removido de 003 na secao 001
0001907 pacote 374 removido de 003 na secao 001
0001908 pacote 371 removido de 003 na secao 001
0001909 pacote 369 removido de 003 na secao 001
0001910 pacote 353 removido de 003 na secao 001
0001911 pacote 350 removido de 003 na secao 001
0001912 pacote 348 removido de 003 na secao 001
0001913 pacote 342 removido de 003 na secao 001
0001914 pacote 337 removido de 003 na secao 001
0001915 pacote 330 removido de 003 na secao 001
0001916 pacote 324 removido de 003 na secao 001
0001917 pacote 322 removido de 003 na secao 001
0001918 pacote 305 removido de 003 na secao 001
0001919 pacote 302 removido de 003 na secao 001
0001920 pacote 291 removido de 003 na secao 001
0001921 pacote 290 removido de 003 na secao 001
0001922 pacote 289 removido de 003 na secao 001
0001923 pacote 284 removido de 003 na secao 001
0001924 pacote 279 removido de 003 na secao 001
0001925 pacote 276 removido de 003 na secao 001
0001926 pacote 274 removido de 003 na secao 001
0001927 pacote 271 removido de 003 na secao 001
0001928 pacote 259 removido de 003 na secao 001
0001929 pacote 256 removido de 003 na secao 001
0001930 pacote 255 removido de 003 na secao 001
0001931 pacote 254 removido de 003 na secao 001
0001932 pacote 253 removido de 003 na secao 001
0001933 pacote 252 removido de 003 na secao 001
0001934 pacote 242 removido de 003 na secao 001
0001935 pacote 241 removido de 003 na secao 001
0001936 pacote 235 removido de 003 na secao 001
0001937 pacote 231 removido de 003 na secao 001
0001938 pacote 229 removido de 003 na secao 001
0001939 pacote 223 removido de 003 na secao 001
0001940 pacote 219 removido de 003 na secao 001
0001941 pacote 216 removido de 003 na secao 001
0001942 pacote 212 removido de 003 na secao 001
0001943 pacote 210 removido de 003 na secao 001
0001944 pacote 201 removido de 003 na secao 001
0001945 pacote 199 removido de 003 na secao 001
0001946 pacote 195 removido de 003 na secao 001
0001947 pacote 192 removido de 003 na secao 001
0001948 pacote 188 removido de 003 na secao 001
0001948 pacote 188 em transito de 003 para 001
0001948 pacote 192 em transito de 003 para 001
0001948 pacote 195 rearmazenado em 003 na secao 001
0001948 pacote 199 rearmazenado em 003 na secao 001
0001948 pacote 201 rearmazenado em 003 na secao 001
0001948 pacote 210 rearmazenado em 003 na secao 001
0001948 pacote 212 rearmazenado em 003 na secao 001
0001948 pacote 216 rearmazenado em 003 na secao 001
0001948 pacote 219 rearmazenado em 003 na secao 001
0001948 pacote 223 rearmazenado em 003 na secao 001
0001948 pacote 229 rearmazenado em 003 na secao 001
0001948 pacote 231 rearmazenado em 003 na secao 001
0001948 pacote 235 rearmazenado em 003 na secao 001
0001948 pacote 241 rearmazenado em 003 na secao 001
0001948 pacote 242 rearmazenado em 003 na secao 001
0001948 pacote 252 rearmazenado em 003 na secao 001
0001948 pacote 253 rearmazenado em 003 na secao 001
0001948 pacote 254 rearmazenado em 003 na secao 001
0001948 pacote 255 rearmazenado em 003 na secao 001
0001948 pacote 256 rearmazenado em 003 na secao 001
0001948 pacote 259 rearmazenado em 003 na secao 001
0001948 pacote 271 rearmazenado em 003 na secao 001
0001948 pacote 274 rearmazenado em 003 na secao 001
0001948 pacote 276 rearmazenado em 003 na secao 001
0001948 pacote 279 rearmazenado em 003 na secao 001
0001948 pacote 284 rearmazenado em 003 na secao 001
0001948 pacote 289 rearmazenado em 003 na secao 001
0001948 pacote 290 rearmazenado em 003 na secao 001
0001948 pacote 291 rearmazenado em 003 na secao 001
0001948 pacote 302 rearmazenado em 003 na secao 001
0001948 pacote 305 rearmazenado em 003 na secao 001
0001948 pacote 322 rearmazenado em 003 na secao 001
0001948 pacote 324 rearmazenado em 003 na secao 001
0001948 pacote 330 rearmazenado em 003 na secao 001
0001948 pacote 337 rearmazenado em 003 na secao 001
0001948 pacote 342 rearmazenado em 003 na secao 001
0001948 pacote 348 rearmazenado em 003 na secao 001
0001948 pacote 350 rearmazenado em 003 na secao 001
0001948 pacote 353 rearmazenado em 003 na secao 001
0001948 pacote 369 rearmazenado em 003 na secao 001
0001948 pacote 371 rearmazenado em 003 na secao 001
0001948 pacote 374 rearmazenado em 003 na secao 001
0001948 pacote 382 rearmazenado em 003 na secao 001
0001948 pacote 385 rearmazenado em 003 na secao 001
0001948 pacote 388 rearmazenado em 003 na secao 001
0001948 pacote 392 rearmazenado em 003 na secao 001
0001903 pacote 194 removido de 004 na secao 000
0001904 pacote 080 removido de 004 na secao 000
0001905 pacote 395 removido de 004 na secao 000
0001906 pacote 141 removido de 004 na secao 000
0001907 pacote 073 removido de 004 na secao 000
0001908 pacote 373 removido de 004 na secao 000
0001909 pacote 372 removido de 004 na secao 000
0001910 pacote 370 removido de 004 na secao 000
0001911 pacote 367 removido de 004 na secao 000
0001912 pacote 361 removido de 004 na secao 000
0001913 pacote 360 removido de 004 na secao 000
0001914 pacote 346 removido de 004 na secao 000
0001915 pacote 135 removido de 004 na secao 000
0001916 pacote 335 removido de 004 na secao 000
0001917 pacote 328 removido de 004 na secao 000
0001918 pacote 323 removido de 004 na secao 000
0001919 pacote 128 removido de 004 na secao 000
0001920 pacote 124 removido de 004 na secao 000
0001921 pacote 303 removido de 004 na secao 000
0001922 pacote 286 removido de 004 na secao 000
0001923 pacote 062 removido de 004 na secao 000
0001924 pacote 267 removido de 004 na secao 000
0001925 pacote 109 removido de 004 na secao 000
0001926 pacote 096 removido de 004 na secao 000
0001927 pacote 249 removido de 004 na secao 000
0001928 pacote 247 removido de 004 na secao 000
0001929 pacote 245 removido de 004 na secao 000
0001930 pacote 244 removido de 004 na secao 000
0001931 pacote 059 removido de 004 na secao 000
0001932 pacote 058 removido de 004 na secao 000
0001933 pacote 224 removido de 004 na secao 000
0001934 pacote 078 removido de 004 na secao 000
0001935 pacote 064 removido de 004 na secao 000
0001936 pacote 214 removido de 004 na secao 000
0001937 pacote 208 removido de 004 na secao 000
0001937 pacote 208 em transito de 004 para 000
0001937 pacote 214 em transito de 004 para 000
0001937 pacote 064 rearmazenado em 004 na secao 000
0001937 pacote 078 rearmazenado em 004 na secao 000
0001937 pacote 224 rearmazenado em 004 na secao 000
0001937 pacote 058 rearmazenado em 004 na secao 000
0001937 pacote 059 rearmazenado em 004 na secao 000
0001937 pacote 244 rearmazenado em 004 na secao 000
0001937 pacote 245 rearmazenado em 004 na secao 000
0001937 pacote 247 rearmazenado em 004 na secao 000
0001937 pacote 249 rearmazenado em 004 na secao 000
0001937 pacote 096 rearmazenado em 004 na secao 000
0001937 pacote 109 rearmazenado em 004 na secao 000
0001937 pacote 267 rearmazenado em 004 na secao 000
0001937 pacote 062 rearmazenado em 004 na secao 000
0001937 pacote 286 rearmazenado em 004 na secao 000
0001937 pacote 303 rearmazenado em 004 na secao 000
0001937 pacote 124 rearmazenado em 004 na secao 000
0001937 pacote 128 rearmazenado em 004 na secao 000
0001937 pacote 323 rearmazenado em 004 na secao 000
0001937 pacote 328 rearmazenado em 004 na secao 000
0001937 pacote 335 rearmazenado em 004 na secao 000
0001937 pacote 135 rearmazenado em 004 na secao 000
0001937 pacote 346 rearmazenado em 004 na secao 000
0001937 pacote 360 rearmazenado em 004 na secao 000
0001937 pacote 361 rearmazenado em 004 na secao 000
0001937 pacote 367 rearmazenado em 004 na secao 000
0001937 pacote 370 rearmazenado em 004 na secao 000
0001937 pacote 372 rearmazenado em 004 na secao 000
0001937 pacote 373 rearmazenado em 004 na secao 000
0001937 pacote 073 rearmazenado em 004 na secao 000
0001937 pacote 141 rearmazenado em 004 na secao 000
0001937 pacote 395 rearmazenado em 004 na secao 000
0001937 pacote 080 rearmazenado em 004 na secao 000
0001937 pacote 194 rearmazenado em 004 na secao 000
0001903 pacote 193 removido de 004 na secao 001
0001904 pacote 187 removido de 004 na secao 001
0001905 pacote 398 removido de 004 na secao 001
0001906 pacote 176 removido de 004 na secao 001
0001907 pacote 396 removido de 004 na secao 001
0001908 pacote 363 removido de 004 na secao 001
0001909 pacote 359 removido de 004 na secao 001
0001910 pacote 358 removido de 004 na secao 001
0001911 pacote 170 removido de 004 na secao 001
0001912 pacote 169 removido de 004 na secao 001
0001913 pacote 345 removido de 004 na secao 001
0001914 pacote 343 removido de 004 na secao 001
0001915 pacote 338 removido de 004 na secao 001
0001916 pacote 165 removido de 004 na secao 001
0001917 pacote 161 removido de 004 na secao 001
0001918 pacote 336 removido de 004 na secao 001
0001919 pacote 333 removido de 004 na secao 001
0001920 pacote 327 removido de 004 na secao 001
0001921 pacote 321 removido de 004 na secao 001
0001922 pacote 319 removido de 004 na secao 001
0001923 pacote 318 removido de 004 na secao 001
0001924 pacote 156 removido de 004 na secao 001
0001925 pacote 153 removido de 004 na secao 001
0001926 pacote 296 removido de 004 na secao 001
0001927 pacote 295 removido de 004 na secao 001
0001928 pacote 081 removido de 004 na secao 001
0001929 pacote 283 removido de 004 na secao 001
0001930 pacote 281 removido de 004 na secao 001
0001931 pacote 140 removido de 004 na secao 001
0001932 pacote 048 removido de 004 na secao 001
0001933 pacote 262 removido de 004 na secao 001
0001934 pacote 258 removido de 004 na secao 001
0001935 pacote 251 removido de 004 na secao 001
0001936 pacote 248 removido de 004 na secao 001
0001937 pacote 112 removido de 004 na secao 001
0001938 pacote 103 removido de 004 na secao 001
0001939 pacote 234 removido de 004 na secao 001
0001940 pacote 232 removido de 004 na secao 001
0001940 pacote 232 em transito de 004 para 001
0001940 pacote 234 em transito de 004 para 001
0001940 pacote 103 rearmazenado em 004 na secao 001
0001940 pacote 112 rearmazenado em 004 na secao 001
0001940 pacote 248 rearmazenado em 004 na secao 001
0001940 pacote 251 rearmazenado em 004 na secao 001
0001940 pacote 258 rearmazenado em 004 na secao 001
0001940 pacote 262 rearmazenado em 004 na secao 001
0001940 pacote 048 rearmazenado em 004 na secao 001
0001940 pacote 140 rearmazenado em 004 na secao 001
0001940 pacote 281 rearmazenado em 004 na secao 001
0001940 pacote 283 rearmazenado em 004 na secao 001
0001940 pacote 081 rearmazenado em 004 na secao 001
0001940 pacote 295 rearmazenado em 004 na secao 001
0001940 pacote 296 rearmazenado em 004 na secao 001
0001940 pacote 153 rearmazenado em 004 na secao 001
0001940 pacote 156 rearmazenado em 004 na secao 001
0001940 pacote 318 rearmazenado em 004 na secao 001
0001940 pacote 319 rearmazenado em 004 na secao 001
0001940 pacote 321 rearmazenado em 004 na secao 001
0001940 pacote 327 rearmazenado em 004 na secao 001
0001940 pacote 333 rearmazenado em 004 na secao 001
0001940 pacote 336 rearmazenado em 004 na secao 001
0001940 pacote 161 rearmazenado em 004 na secao 001
0001940 pacote 165 rearmazenado em 004 na secao 001
0001940 pacote 338 rearmazenado em 004 na secao 001
0001940 pacote 343 rearmazenado em 004 na secao 001
0001940 pacote 345 rearmazenado em 004 na secao 001
0001940 pacote 169 rearmazenado em 004 na secao 001
0001940 pacote 170 rearmazenado em 004 na secao 001
0001940 pacote 358 rearmazenado em 004 na secao 001
0001940 pacote 359 rearmazenado em 004 na secao 001
0001940 pacote 363 rearmazenado em 004 na secao 001
0001940 pacote 396 rearmazenado em 004 na secao 001
0001940 pacote 176 rearmazenado em 004 na secao 001
0001940 pacote 398 rearmazenado em 004 na secao 001
0001940 pacote 187 rearmazenado em 004 na secao 001
0001940 pacote 193 rearmazenado em 004 na secao 001
0001927 pacote 088 entregue em 003
0001927 pacote 378 entregue em 003
0001933 pacote 339 entregue em 002
0001933 pacote 341 entregue em 002
0001957 pacote 208 armazenado em 000 na secao 002
0001957 pacote 214 armazenado em 000 na secao 002
0001958 pacote 179 armazenado em 000 na secao 004
0001958 pacote 184 armazenado em 000 na secao 004
0001960 pacote 232 armazenado em 001 na secao 003
0001960 pacote 234 armazenado em 001 na secao 003
0001961 pacote 091 armazenado em 004 na secao 001
0001961 pacote 094 armazenado em 004 na secao 001
0001968 pacote 188 armazenado em 001 na secao 004
0001968 pacote 192 armazenado em 001 na secao 004
0001969 pacote 082 armazenado em 004 na secao 000
0001969 pacote 204 armazenado em 004 na secao 000
0002003 pacote 214 removido de 000 na secao 002
0002004 pacote 208 removido de 000 na secao 002
0002005 pacote 203 removido de 000 na secao 002
0002006 pacote 053 removido de 000 na secao 002
0002007 pacote 186 removido de 000 na secao 002
0002008 pacote 183 removido de 000 na secao 002
0002009 pacote 376 removido de 000 na secao 002
0002010 pacote 175 removido de 000 na secao 002
0002011 pacote 368 removido de 000 na secao 002
0002012 pacote 173 removido de 000 na secao 002
0002013 pacote 354 removido de 000 na secao 002
0002013 pacote 354 em transito de 000 para 002
0002013 pacote 173 em transito de 000 para 002
0002013 pacote 368 rearmazenado em 000 na secao 002
0002013 pacote 175 rearmazenado em 000 na secao 002
0002013 pacote 376 rearmazenado em 000 na secao 002
0002013 pacote 183 rearmazenado em 000 na secao 002
0002013 pacote 186 rearmazenado em 000 na secao 002
0002013 pacote 053 rearmazenado em 000 na secao 002
0002013 pacote 203 rearmazenado em 000 na secao 002
0002013 pacote 208 rearmazenado em 000 na secao 002
0002013 pacote 214 rearmazenado em 000 na secao 002
0002003 pacote 184 removido de 000 na secao 004
0002004 pacote 179 removido de 000 na secao 004
0002005 pacote 177 removido de 000 na secao 004
0002006 pacote 174 removido de 000 na secao 004
0002007 pacote 172 removido de 000 na secao 004
0002008 pacote 397 removido de 000 na secao 004
0002009 pacote 391 removido de 000 na secao 004
0002010 pacote 390 removido de 000 na secao 004
0002011 pacote 381 removido de 000 na secao 004
0002012 pacote 380 removido de 000 na secao 004
0002013 pacote 149 removido de 000 na secao 004
0002014 pacote 148 removido de 000 na secao 004
0002015 pacote 365 removido de 000 na secao 004
0002016 pacote 351 removido de 000 na secao 004
0002017 pacote 349 removido de 000 na secao 004
0002018 pacote 143 removido de 000 na secao 004
0002019 pacote 142 removido de 000 na secao 004
0002020 pacote 334 removido de 000 na secao 004
0002021 pacote 331 removido de 000 na secao 004
0002022 pacote 313 removido de 000 na secao 004
0002023 pacote 136 removido de 000 na secao 004
0002024 pacote 304 removido de 000 na secao 004
0002025 pacote 298 removido de 000 na secao 004
0002026 pacote 120 removido de 000 na secao 004
0002027 pacote 280 removido de 000 na secao 004
0002028 pacote 278 removido de 000 na secao 004
0002029 pacote 275 removido de 000 na secao 004
0002030 pacote 268 removido de 000 na secao 004
0002031 pacote 116 removido de 000 na secao 004
0002032 pacote 113 removido de 000 na secao 004
0002033 pacote 263 removido de 000 na secao 004
0002034 pacote 111 removido de 000 na secao 004
0002035 pacote 239 removido de 000 na secao 004
0002036 pacote 233 removido de 000 na secao 004
0002037 pacote 099 removido de 000 na secao 004
0002038 pacote 097 removido de 000 na secao 004
0002039 pacote 220 removido de 000 na secao 004
0002040 pacote 217 removido de 000 na secao 004
0002041 pacote 202 removido de 000 na secao 004
0002041 pacote 202 em transito de 000 para 004
0002041 pacote 217 em transito de 000 para 004
0002041 pacote 220 rearmazenado em 000 na secao 004
0002041 pacote 097 rearmazenado em 000 na secao 004
0002041 pacote 099 rearmazenado em 000 na secao 004
0002041 pacote 233 rearmazenado em 000 na secao 004
0002041 pacote 239 rearmazenado em 000 na secao 004
0002041 pacote 111 rearmazenado em 000 na secao 004
0002041 pacote 263 rearmazenado em 000 na secao 004
0002041 pacote 113 rearmazenado em 000 na secao 004
0002041 pacote 116 rearmazenado em 000 na secao 004
0002041 pacote 268 rearmazenado em 000 na secao 004
0002041 pacote 275 rearmazenado em 000 na secao 004
0002041 pacote 278 rearmazenado em 000 na secao 004
0002041 pacote 280 rearmazenado em 000 na secao 004
0002041 pacote 120 rearmazenado em 000 na secao 004
0002041 pacote 298 rearmazenado em 000 na secao 004
0002041 pacote 304 rearmazenado em 000 na secao 004
0002041 pacote 136 rearmazenado em 000 na secao 004
0002041 pacote 313 rearmazenado em 000 na secao 004
0002041 pacote 331 rearmazenado em 000 na secao 004
0002041 pacote 334 rearmazenado em 000 na secao 004
0002041 pacote 142 rearmazenado em 000 na secao 004
0002041 pacote 143 rearmazenado em 000 na secao 004
0002041 pacote 349 rearmazenado em 000 na secao 004
0002041 pacote 351 rearmazenado em 000 na secao 004
0002041 pacote 365 rearmazenado em 000 na secao 004
0002041 pacote 148 rearmazenado em 000 na secao 004
0002041 pacote 149 rearmazenado em 000 na secao 004
0002041 pacote 380 rearmazenado em 000 na secao 004
0002041 pacote 381 rearmazenado em 000 na secao 004
0002041 pacote 390 rearmazenado em 000 na secao 004
0002041 pacote 391 rearmazenado em 000 na secao 004
0002041 pacote 397 rearmazenado em 000 na secao 004
0002041 pacote 172 rearmazenado em 000 na secao 004
0002041 pacote 174 rearmazenado em 000 na secao 004
0002041 pacote 177 rearmazenado em 000 na secao 004
0002041 pacote 179 rearmazenado em 000 na secao 004
0002041 pacote 184 rearmazenado em 000 na secao 004
0002003 pacote 234 removido de 001 na secao 003
0002004 pacote 232 removido de 001 na secao 003
0002005 pacote 215 removido de 001 na secao 003
0002006 pacote 399 removido de 001 na secao 003
0002007 pacote 383 removido de 001 na secao 003
0002007 pacote 383 em transito de 001 para 003
0002007 pacote 399 em transito de 001 para 003
0002007 pacote 215 rearmazenado em 001 na secao 003
0002007 pacote 232 rearmazenado em 001 na secao 003
0002007 pacote 234 rearmazenado em 001 na secao 003
0002003 pacote 192 removido de 001 na secao 004
0002004 pacote 188 removido de 001 na secao 004
0002005 pacote 182 removido de 001 na secao 004
0002006 pacote 181 removido de 001 na secao 004
0002007 pacote 164 removido de 001 na secao 004
0002008 pacote 393 removido de 001 na secao 004
0002009 pacote 389 removido de 001 na secao 004
0002010 pacote 387 removido de 001 na secao 004
0002011 pacote 386 removido de 001 na secao 004
0002012 pacote 379 removido de 001 na secao 004
0002013 pacote 159 removido de 001 na secao 004
0002014 pacote 152 removido de 001 na secao 004
0002015 pacote 364 removido de 001 na secao 004
0002016 pacote 144 removido de 001 na secao 004
0002017 pacote 129 removido de 001 na secao 004
0002018 pacote 344 removido de 001 na secao 004
0002019 pacote 340 removido de 001 na secao 004
0002020 pacote 126 removido de 001 na secao 004
0002021 pacote 332 removido de 001 na secao 004
0002022 pacote 326 removido de 001 na secao 004
0002023 pacote 317 removido de 001 na secao 004
0002024 pacote 316 removido de 001 na secao 004
0002025 pacote 314 removido de 001 na secao 004
0002026 pacote 123 removido de 001 na secao 004
0002027 pacote 121 removido de 001 na secao 004
0002028 pacote 309 removido de 001 na secao 004
0002029 pacote 306 removido de 001 na secao 004
0002030 pacote 294 removido de 001 na secao 004
0002031 pacote 293 removido de 001 na secao 004
0002032 pacote 287 removido de 001 na secao 004
0002033 pacote 117 removido de 001 na secao 004
0002034 pacote 277 removido de 001 na secao 004
0002035 pacote 273 removido de 001 na secao 004
0002036 pacote 270 removido de 001 na secao 004
0002037 pacote 269 removido de 001 na secao 004
0002038 pacote 115 removido de 001 na secao 004
0002039 pacote 260 removido de 001 na secao 004
0002040 pacote 243 removido de 001 na secao 004
0002041 pacote 105 removido de 001 na secao 004
0002042 pacote 237 removido de 001 na secao 004
0002043 pacote 236 removido de 001 na secao 004
0002044 pacote 226 removido de 001 na secao 004
0002045 pacote 098 removido de 001 na secao 004
0002046 pacote 095 removido de 001 na secao 004
0002047 pacote 222 removido de 001 na secao 004
0002048 pacote 218 removido de 001 na secao 004
0002049 pacote 211 removido de 001 na secao 004
0002049 pacote 211 em transito de 001 para 004
0002049 pacote 218 em transito de 001 para 004
0002049 pacote 222 rearmazenado em 001 na secao 004
0002049 pacote 095 rearmazenado em 001 na secao 004
0002049 pacote 098 rearmazenado em 001 na secao 004
0002049 pacote 226 rearmazenado em 001 na secao 004
0002049 pacote 236 rearmazenado em 001 na secao 004
0002049 pacote 237 rearmazenado em 001 na secao 004
0002049 pacote 105 rearmazenado em 001 na secao 004
0002049 pacote 243 rearmazenado em 001 na secao 004
0002049 pacote 260 rearmazenado em 001 na secao 004
0002049 pacote 115 rearmazenado em 001 na secao 004
0002049 pacote 269 rearmazenado em 001 na secao 004
0002049 pacote 270 rearmazenado em 001 na secao 004
0002049 pacote 273 rearmazenado em 001 na secao 004
0002049 pacote 277 rearmazenado em 001 na secao 004
0002049 pacote 117 rearmazenado em 001 na secao 004
0002049 pacote 287 rearmazenado em 001 na secao 004
0002049 pacote 293 rearmazenado em 001 na secao 004
0002049 pacote 294 rearmazenado em 001 na secao 004
0002049 pacote 306 rearmazenado em 001 na secao 004
0002049 pacote 309 rearmazenado em 001 na secao 004
0002049 pacote 121 rearmazenado em 001 na secao 004
0002049 pacote 123 rearmazenado em 001 na secao 004
0002049 pacote 314 rearmazenado em 001 na secao 004
0002049 pacote 316 rearmazenado em 001 na secao 004
0002049 pacote 317 rearmazenado em 001 na secao 004
0002049 pacote 326 rearmazenado em 001 na secao 004
0002049 pacote 332 rearmazenado em 001 na secao 004
0002049 pacote 126 rearmazenado em 001 na secao 004
0002049 pacote 340 rearmazenado em 001 na secao 004
0002049 pacote 344 rearmazenado em 001 na secao 004
0002049 pacote 129 rearmazenado em 001 na secao 004
0002049 pacote 144 rearmazenado em 001 na secao 004
0002049 pacote 364 rearmazenado em 001 na secao 004
0002049 pacote 152 rearmazenado em 001 na secao 004
0002049 pacote 159 rearmazenado em 001 na secao 004
0002049 pacote 379 rearmazenado em 001 na secao 004
0002049 pacote 386 rearmazenado em 001 na secao 004
0002049 pacote 387 rearmazenado em 001 na secao 004
0002049 pacote 389 rearmazenado em 001 na secao 004
0002049 pacote 393 rearmazenado em 001 na secao 004
0002049 pacote 164 rearmazenado em 001 na secao 004
0002049 pacote 181 rearmazenado em 001 na secao 004
0002049 pacote 182 rearmazenado em 001 na secao 004
0002049 pacote 188 rearmazenado em 001 na secao 004
0002049 pacote 192 rearmazenado em 001 na secao 004
0002003 pacote 394 removido de 002 na secao 000
0002004 pacote 384 removido de 002 na secao 000
0002005 pacote 377 removido de 002 na secao 000
0002006 pacote 366 removido de 002 na secao 000
0002007 pacote 357 removido de 002 na secao 000
0002008 pacote 356 removido de 002 na secao 000
0002009 pacote 355 removido de 002 na secao 000
0002010 pacote 352 removido de 002 na secao 000
0002011 pacote 347 removido de 002 na secao 000
0002012 pacote 325 removido de 002 na secao 000
0002013 pacote 320 removido de 002 na secao 000
0002014 pacote 315 removido de 002 na secao 000
0002015 pacote 311 removido de 002 na secao 000
0002016 pacote 308 removido de 002 na secao 000
0002017 pacote 300 removido de 002 na secao 000
0002018 pacote 299 removido de 002 na secao 000
0002019 pacote 297 removido de 002 na secao 000
0002020 pacote 292 removido de 002 na secao 000
0002021 pacote 288 removido de 002 na secao 000
0002022 pacote 266 removido de 002 na secao 000
0002023 pacote 264 removido de 002 na secao 000
0002024 pacote 261 removido de 002 na secao 000
0002025 pacote 257 removido de 002 na secao 000
0002026 pacote 250 removido de 002 na secao 000
0002027 pacote 246 removido de 002 na secao 000
0002028 pacote 238 removido de 002 na secao 000
0002029 pacote 230 removido de 002 na secao 000
0002030 pacote 228 removido de 002 na secao 000
0002031 pacote 227 removido de 002 na secao 000
0002032 pacote 221 removido de 002 na secao 000
0002033 pacote 207 removido de 002 na secao 000
0002034 pacote 205 removido de 002 na secao 000
0002035 pacote 198 removido de 002 na secao 000
0002036 pacote 196 removido de 002 na secao 000
0002036 pacote 196 em transito de 002 para 000
0002036 pacote 198 em transito de 002 para 000
0002036 pacote 205 rearmazenado em 002 na secao 000
0002036 pacote 207 rearmazenado em 002 na secao 000
0002036 pacote 221 rearmazenado em 002 na secao 000
0002036 pacote 227 rearmazenado em 002 na secao 000
0002036 pacote 228 rearmazenado em 002 na secao 000
0002036 pacote 230 rearmazenado em 002 na secao 000
0002036 pacote 238 rearmazenado em 002 na secao 000
0002036 pacote 246 rearmazenado em 002 na secao 000
0002036 pacote 250 rearmazenado em 002 na secao 000
0002036 pacote 257 rearmazenado em 002 na secao 000
0002036 pacote 261 rearmazenado em 002 na secao 000
0002036 pacote 264 rearmazenado em 002 na secao 000
0002036 pacote 266 rearmazenado em 002 na secao 000
0002036 pacote 288 rearmazenado em 002 na secao 000
0002036 pacote 292 rearmazenado em 002 na secao 000
0002036 pacote 297 rearmazenado em 002 na secao 000
0002036 pacote 299 rearmazenado em 002 na secao 000
0002036 pacote 300 rearmazenado em 002 na secao 000
0002036 pacote 308 rearmazenado em 002 na secao 000
0002036 pacote 311 rearmazenado em 002 na secao 000
0002036 pacote 315 rearmazenado em 002 na secao 000
0002036 pacote 320 rearmazenado em 002 na secao 000
0002036 pacote 325 rearmazenado em 002 na secao 000
0002036 pacote 347 rearmazenado em 002 na secao 000
0002036 pacote 352 rearmazenado em 002 na secao 000
0002036 pacote 355 rearmazenado em 002 na secao 000
0002036 pacote 356 rearmazenado em 002 na secao 000
0002036 pacote 357 rearmazenado em 002 na secao 000
0002036 pacote 366 rearmazenado em 002 na secao 000
0002036 pacote 377 rearmazenado em 002 na secao 000
0002036 pacote 384 rearmazenado em 002 na secao 000
0002036 pacote 394 rearmazenado em 002 na secao 000
0002003 pacote 392 removido de 003 na secao 001
0002004 pacote 388 removido de 003 na secao 001
0002005 pacote 385 removido de 003 na secao 001
0002006 pacote 382 removido de 003 na secao 001
0002007 pacote 374 removido de 003 na secao 001
0002008 pacote 371 removido de 003 na secao 001
0002009 pacote 369 removido de 003 na secao 001
0002010 pacote 353 removido de 003 na secao 001
0002011 pacote 350 removido de 003 na secao 001
0002012 pacote 348 removido de 003 na secao 001
0002013 pacote 342 removido de 003 na secao 001
0002014 pacote 337 removido de 003 na secao 001
0002015 pacote 330 removido de 003 na secao 001
0002016 pacote 324 removido de 003 na secao 001
0002017 pacote 322 removido de 003 na secao 001
0002018 pacote 305 removido de 003 na secao 001
0002019 pacote 302 removido de 003 na secao 001
0002020 pacote 291 removido de 003 na secao 001
0002021 pacote 290 removido de 003 na secao 001
0002022 pacote 289 removido de 003 na secao 001
0002023 pacote 284 removido de 003 na secao 001
0002024 pacote 279 removido de 003 na secao 001
0002025 pacote 276 removido de 003 na secao 001
0002026 pacote 274 removido de 003 na secao 001
0002027 pacote 271 removido de 003 na secao 001
0002028 pacote 259 removido de 003 na secao 001
0002029 pacote 256 removido de 003 na secao 001
0002030 pacote 255 removido de 003 na secao 001
0002031 pacote 254 removido de 003 na secao 001
0002032 pacote 253 removido de 003 na secao 001
0002033 pacote 252 removido de 003 na secao 001
0002034 pacote 242 removido de 003 na secao 001
0002035 pacote 241 removido de 003 na secao 001
0002036 pacote 235 removido de 003 na secao 001
0002037 pacote 231 removido de 003 na secao 001
0002038 pacote 229 removido de 003 na secao 001
0002039 pacote 223 removido de 003 na secao 001
0002040 pacote 219 removido de 003 na secao 001
0002041 pacote 216 removido de 003 na secao 001
0002042 pacote 212 removido de 003 na secao 001
0002043 pacote 210 removido de 003 na secao 001
0002044 pacote 201 removido de 003 na secao 001
0002045 pacote 199 removido de 003 na secao 001
0002046 pacote 195 removido de 003 na secao 001
0002046 pacote 195 em transito de 003 para 001
0002046 pacote 199 em transito de 003 para 001
0002046 pacote 201 rearmazenado em 003 na secao 001
0002046 pacote 210 rearmazenado em 003 na secao 001
0002046 pacote 212 rearmazenado em 003 na secao 001
0002046 pacote 216 rearmazenado em 003 na secao 001
0002046 pacote 219 rearmazenado em 003 na secao 001
0002046 pacote 223 rearmazenado em 003 na secao 001
0002046 pacote 229 rearmazenado em 003 na secao 001
0002046 pacote 231 rearmazenado em 003 na secao 001
0002046 pacote 235 rearmazenado em 003 na secao 001
0002046 pacote 241 rearmazenado em 003 na secao 001
0002046 pacote 242 rearmazenado em 003 na secao 001
0002046 pacote 252 rearmazenado em 003 na secao 001
0002046 pacote 253 rearmazenado em 003 na secao 001
0002046 pacote 254 rearmazenado em 003 na secao 001
0002046 pacote 255 rearmazenado em 003 na secao 001
0002046 pacote 256 rearmazenado em 003 na secao 001
0002046 pacote 259 rearmazenado em 003 na secao 001
0002046 pacote 271 rearmazenado em 003 na secao 001
0002046 pacote 274 rearmazenado em 003 na secao 001
0002046 pacote 276 rearmazenado em 003 na secao 001
0002046 pacote 279 rearmazenado em 003 na secao 001
0002046 pacote 284 rearmazenado em 003 na secao 001
0002046 pacote 289 rearmazenado em 003 na secao 001
0002046 pacote 290 rearmazenado em 003 na secao 001
0002046 pacote 291 rearmazenado em 003 na secao 001
0002046 pacote 302 rearmazenado em 003 na secao 001
0002046 pacote 305 rearmazenado em 003 na secao 001
0002046 pacote 322 rearmazenado em 003 na secao 001
0002046 pacote 324 rearmazenado em 003 na secao 001
0002046 pacote 330 rearmazenado em 003 na secao 001
0002046 pacote 337 rearmazenado em 003 na secao 001
0002046 pacote 342 rearmazenado em 003 na secao 001
0002046 pacote 348 rearmazenado em 003 na secao 001
0002046 pacote 350 rearmazenado em 003 na secao 001
0002046 pacote 353 rearmazenado em 003 na secao 001
0002046 pacote 369 rearmazenado em 003 na secao 001
0002046 pacote 371 rearmazenado em 003 na secao 001
0002046 pacote 374 rearmazenado em 003 na secao 001
0002046 pacote 382 rearmazenado em 003 na secao 001
0002046 pacote 385 rearmazenado em 003 na secao 001
0002046 pacote 388 rearmazenado em 003 na secao 001
0002046 pacote 392 rearmazenado em 003 na secao 001
0002003 pacote 204 removido de 004 na secao 000
0002004 pacote 082 removido de 004 na secao 000
0002005 pacote 194 removido de 004 na secao 000
0002006 pacote 080 removido de 004 na secao 000
0002007 pacote 395 removido de 004 na secao 000
0002008 pacote 141 removido de 004 na secao 000
0002009 pacote 073 removido de 004 na secao 000
0002010 pacote 373 removido de 004 na secao 000
0002011 pacote 372 removido de 004 na secao 000
0002012 pacote 370 removido de 004 na secao 000
0002013 pacote 367 removido de 004 na secao 000
0002014 pacote 361 removido de 004 na secao 000
0002015 pacote 360 removido de 004 na secao 000
0002016 pacote 346 removido de 004 na secao 000
0002017 pacote 135 removido de 004 na secao 000
0002018 pacote 335 removido de 004 na secao 000
0002019 pacote 328 removido de 004 na secao 000
0002020 pacote 323 removido de 004 na secao 000
0002021 pacote 128 removido de 004 na secao 000
0002022 pacote 124 removido de 004 na secao 000
0002023 pacote 303 removido de 004 na secao 000
0002024 pacote 286 removido de 004 na secao 000
0002025 pacote 062 removido de 004 na secao 000
0002026 pacote 267 removido de 004 na secao 000
0002027 pacote 109 removido de 004 na secao 000
0002028 pacote 096 removido de 004 na secao 000
0002029 pacote 249 removido de 004 na secao 000
0002030 pacote 247 removido de 004 na secao 000
0002031 pacote 245 removido de 004 na secao 000
0002032 pacote 244 removido de 004 na secao 000
0002033 pacote 059 removido de 004 na secao 000
0002034 pacote 058 removido de 004 na secao 000
0002035 pacote 224 removido de 004 na secao 000
0002036 pacote 078 removido de 004 na secao 000
0002037 pacote 064 removido de 004 na secao 000
0002037 pacote 064 em transito de 004 para 000
0002037 pacote 078 em transito de 004 para 000
0002037 pacote 224 rearmazenado em 004 na secao 000
0002037 pacote 058 rearmazenado em 004 na secao 000
0002037 pacote 059 rearmazenado em 004 na secao 000
0002037 pacote 244 rearmazenado em 004 na secao 000
0002037 pacote 245 rearmazenado em 004 na secao 000
0002037 pacote 247 rearmazenado em 004 na secao 000
0002037 pacote 249 rearmazenado em 004 na secao 000
0002037 pacote 096 rearmazenado em 004 na secao 000
0002037 pacote 109 rearmazenado em 004 na secao 000
0002037 pacote 267 rearmazenado em 004 na secao 000
0002037 pacote 062 rearmazenado em 004 na secao 000
0002037 pacote 286 rearmazenado em 004 na secao 000
0002037 pacote 303 rearmazenado em 004 na secao 000
0002037 pacote 124 rearmazenado em 004 na secao 000
0002037 pacote 128 rearmazenado em 004 na secao 000
0002037 pacote 323 rearmazenado em 004 na secao 000
0002037 pacote 328 rearmazenado em 004 na secao 000
0002037 pacote 335 rearmazenado em 004 na secao 000
0002037 pacote 135 rearmazenado em 004 na secao 000
0002037 pacote 346 rearmazenado em 004 na secao 000
0002037 pacote 360 rearmazenado em 004 na secao 000
0002037 pacote 361 rearmazenado em 004 na secao 000
0002037 pacote 367 rearmazenado em 004 na secao 000
0002037 pacote 370 rearmazenado em 004 na secao 000
0002037 pacote 372 rearmazenado em 004 na secao 000
0002037 pacote 373 rearmazenado em 004 na secao 000
0002037 pacote 073 rearmazenado em 004 na secao 000
0002037 pacote 141 rearmazenado em 004 na secao 000
0002037 pacote 395 rearmazenado em 004 na secao 000
0002037 pacote 080 rearmazenado em 004 na secao 000
0002037 pacote 194 rearmazenado em 004 na secao 000
0002037 pacote 082 rearmazenado em 004 na secao 000
0002037 pacote 204 rearmazenado em 004 na secao 000
0002003 pacote 094 removido de 004 na secao 001
0002004 pacote 091 removido de 004 na secao 001
0002005 pacote 193 removido de 004 na secao 001
0002006 pacote 187 removido de 004 na secao 001
0002007 pacote 398 removido de 004 na secao 001
0002008 pacote 176 removido de 004 na secao 001
0002009 pacote 396 removido de 004 na secao 001
0002010 pacote 363 removido de 004 na secao 001
0002011 pacote 359 removido de 004 na secao 001
0002012 pacote 358 removido de 004 na secao 001
0002013 pacote 170 removido de 004 na secao 001
0002014 pacote 169 removido de 004 na secao 001
0002015 pacote 345 removido de 004 na secao 001
0002016 pacote 343 removido de 004 na secao 001
0002017 pacote 338 removido de 004 na secao 001
0002018 pacote 165 removido de 004 na secao 001
0002019 pacote 161 removido de 004 na secao 001
0002020 pacote 336 removido de 004 na secao 001
0002021 pacote 333 removido de 004 na secao 001
0002022 pacote 327 removido de 004 na secao 001
0002023 pacote 321 removido de 004 na secao 001
0002024 pacote 319 removido de 004 na secao 001
0002025 pacote 318 removido de 004 na secao 001
0002026 pacote 156 removido de 004 na secao 001
0002027 pacote 153 removido de 004 na secao 001
0002028 pacote 296 removido de 004 na secao 001
0002029 pacote 295 removido de 004 na secao 001
0002030 pacote 081 removido de 004 na secao 001
0002031 pacote 283 removido de 004 na secao 001
0002032 pacote 281 removido de 004 na secao 001
0002033 pacote 140 removido de 004 na secao 001
0002034 pacote 048 removido de 004 na secao 001
0002035 pacote 262 removido de 004 na secao 001
0002036 pacote 258 removido de 004 na secao 001
0002037 pacote 251 removido de 004 na secao 001
0002038 pacote 248 removido de 004 na secao 001
0002039 pacote 112 removido de 004 na secao 001
0002040 pacote 103 removido de 004 na secao 001
0002040 pacote 103 em transito de 004 para 001
0002040 pacote 112 em transito de 004 para 001
0002040 pacote 248 rearmazenado em 004 na secao 001
0002040 pacote 251 rearmazenado em 004 na secao 001
0002040 pacote 258 rearmazenado em 004 na secao 001
0002040 pacote 262 rearmazenado em 004 na secao 001
0002040 pacote 048 rearmazenado em 004 na secao 001
0002040 pacote 140 rearmazenado em 004 na secao 001
0002040 pacote 281 rearmazenado em 004 na secao 001
0002040 pacote 283 rearmazenado em 004 na secao 001
0002040 pacote 081 rearmazenado em 004 na secao 001
0002040 pacote 295 rearmazenado em 004 na secao 001
0002040 pacote 296 rearmazenado em 004 na secao 001
0002040 pacote 153 rearmazenado em 004 na secao 001
0002040 pacote 156 rearmazenado em 004 na secao 001
0002040 pacote 318 rearmazenado em 004 na secao 001
0002040 pacote 319 rearmazenado em 004 na secao 001
0002040 pacote 321 rearmazenado em 004 na secao 001
0002040 pacote 327 rearmazenado em 004 na secao 001
0002040 pacote 333 rearmazenado em 004 na secao 001
0002040 pacote 336 rearmazenado em 004 na secao 001
0002040 pacote 161 rearmazenado em 004 na secao 001
0002040 pacote 165 rearmazenado em 004 na secao 001
0002040 pacote 338 rearmazenado em 004 na secao 001
0002040 pacote 343 rearmazenado em 004 na secao 001
0002040 pacote 345 rearmazenado em 004 na secao 001
0002040 pacote 169 rearmazenado em 004 na secao 001
0002040 pacote 170 rearmazenado em 004 na secao 001
0002040 pacote 358 rearmazenado em 004 na secao 001
0002040 pacote 359 rearmazenado em 004 na secao 001
0002040 pacote 363 rearmazenado em 004 na secao 001
0002040 pacote 396 rearmazenado em 004 na secao 001
0002040 pacote 176 rearmazenado em 004 na secao 001
0002040 pacote 398 rearmazenado em 004 na secao 001
0002040 pacote 187 rearmazenado em 004 na secao 001
0002040 pacote 193 rearmazenado em 004 na secao 001
0002040 pacote 091 rearmazenado em 004 na secao 001
0002040 pacote 094 rearmazenado em 004 na secao 001
0002027 pacote 383 entregue em 003
0002027 pacote 399 entregue em 003
0002033 pacote 173 entregue em 002
0002033 pacote 354 entregue em 002
0002056 pacote 196 armazenado em 000 na secao 004
0002056 pacote 198 armazenado em 000 na secao 004
0002057 pacote 064 armazenado em 000 na secao 002
0002057 pacote 078 armazenado em 000 na secao 002
0002060 pacote 103 entregue em 001
0002060 pacote 112 armazenado em 001 na secao 003
0002061 pacote 202 entregue em 004
0002061 pacote 217 armazenado em 004 na secao 001
0002066 pacote 195 armazenado em 001 na secao 004
0002066 pacote 199 armazenado em 001 na secao 004
0002069 pacote 211 armazenado em 004 na secao 000
0002069 pacote 218 armazenado em 004 na secao 000
0002103 pacote 078 removido de 000 na secao 002
0002104 pacote 064 removido de 000 na secao 002
0002105 pacote 214 removido de 000 na secao 002
0002106 pacote 208 removido de 000 na secao 002
0002107 pacote 203 removido de 000 na secao 002
0002108 pacote 053 removido de 000 na secao 002
0002109 pacote 186 removido de 000 na secao 002
0002110 pacote 183 removido de 000 na secao 002
0002111 pacote 376 removido de 000 na secao 002
0002112 pacote 175 removido de 000 na secao 002
0002113 pacote 368 removido de 000 na secao 002
0002113 pacote 368 em transito de 000 para 002
0002113 pacote 175 em transito de 000 para 002
0002113 pacote 376 rearmazenado em 000 na secao 002
0002113 pacote 183 rearmazenado em 000 na secao 002
0002113 pacote 186 rearmazenado em 000 na secao 002
0002113 pacote 053 rearmazenado em 000 na secao 002
0002113 pacote 203 rearmazenado em 000 na secao 002
0002113 pacote 208 rearmazenado em 000 na secao 002
0002113 pacote 214 rearmazenado em 000 na secao 002
0002113 pacote 064 rearmazenado em 000 na secao 002
0002113 pacote 078 rearmazenado em 000 na secao 002
0002103 pacote 198 removido de 000 na secao 004
0002104 pacote 196 removido de 000 na secao 004
0002105 pacote 184 removido de 000 na secao 004
0002106 pacote 179 removido de 000 na secao 004
0002107 pacote 177 removido de 000 na secao 004
0002108 pacote 174 removido de 000 na secao 004
0002109 pacote 172 removido de 000 na secao 004
0002110 pacote 397 removido de 000 na secao 004
0002111 pacote 391 removido de 000 na secao 004
0002112 pacote 390 removido de 000 na secao 004
0002113 pacote 381 removido de 000 na secao 004
0002114 pacote 380 removido de 000 na secao 004
0002115 pacote 149 removido de 000 na secao 004
0002116 pacote 148 removido de 000 na secao 004
0002117 pacote 365 removido de 000 na secao 004
0002118 pacote 351 removido de 000 na secao 004
0002119 pacote 349 removido de 000 na secao 004
0002120 pacote 143 removido de 000 na secao 004
0002121 pacote 142 removido de 000 na secao 004
0002122 pacote 334 removido de 000 na secao 004
0002123 pacote 331 removido de 000 na secao 004
0002124 pacote 313 removido de 000 na secao 004
0002125 pacote 136 removido de 000 na secao 004
0002126 pacote 304 removido de 000 na secao 004
0002127 pacote 298 removido de 000 na secao 004
0002128 pacote 120 removido de 000 na secao 004
0002129 pacote 280 removido de 000 na secao 004
0002130 pacote 278 removido de 000 na secao 004
0002131 pacote 275 removido de 000 na secao 004
0002132 pacote 268 removido de 000 na secao 004
0002133 pacote 116 removido de 000 na secao 004
0002134 pacote 113 removido de 000 na secao 004
0002135 pacote 263 removido de 000 na secao 004
0002136 pacote 111 removido de 000 na secao 004
0002137 pacote 239 removido de 000 na secao 004
0002138 pacote 233 removido de 000 na secao 004
0002139 pacote 099 removido de 000 na secao 004
0002140 pacote 097 removido de 000 na secao 004
0002141 pacote 220 removido de 000 na secao 004
0002141 pacote 220 em transito de 000 para 004
0002141 pacote 097 em transito de 000 para 004
0002141 pacote 099 rearmazenado em 000 na secao 004
0002141 pacote 233 rearmazenado em 000 na secao 004
0002141 pacote 239 rearmazenado em 000 na secao 004
0002141 pacote 111 rearmazenado em 000 na secao 004
0002141 pacote 263 rearmazenado em 000 na secao 004
0002141 pacote 113 rearmazenado em 000 na secao 004
0002141 pacote 116 rearmazenado em 000 na secao 004
0002141 pacote 268 rearmazenado em 000 na secao 004
0002141 pacote 275 rearmazenado em 000 na secao 004
0002141 pacote 278 rearmazenado em 000 na secao 004
0002141 pacote 280 rearmazenado em 000 na secao 004
0002141 pacote 120 rearmazenado em 000 na secao 004
0002141 pacote 298 rearmazenado em 000 na secao 004
0002141 pacote 304 rearmazenado em 000 na secao 004
0002141 pacote 136 rearmazenado em 000 na secao 004
0002141 pacote 313 rearmazenado em 000 na secao 004
0002141 pacote 331 rearmazenado em 000 na secao 004
0002141 pacote 334 rearmazenado em 000 na secao 004
0002141 pacote 142 rearmazenado em 000 na secao 004
0002141 pacote 143 rearmazenado em 000 na secao 004
0002141 pacote 349 rearmazenado em 000 na secao 004
0002141 pacote 351 rearmazenado em 000 na secao 004
0002141 pacote 365 rearmazenado em 000 na secao 004
0002141 pacote 148 rearmazenado em 000 na secao 004
0002141 pacote 149 rearmazenado em 000 na secao 004
0002141 pacote 380 rearmazenado em 000 na secao 004
0002141 pacote 381 rearmazenado em 000 na secao 004
0002141 pacote 390 rearmazenado em 000 na secao 004
0002141 pacote 391 rearmazenado em 000 na secao 004
0002141 pacote 397 rearmazenado em 000 na secao 004
0002141 pacote 172 rearmazenado em 000 na secao 004
0002141 pacote 174 rearmazenado em 000 na secao 004
0002141 pacote 177 rearmazenado em 000 na secao 004
0002141 pacote 179 rearmazenado em 000 na secao 004
0002141 pacote 184 rearmazenado em 000 na secao 004
0002141 pacote 196 rearmazenado em 000 na secao 004
0002141 pacote 198 rearmazenado em 000 na secao 004
0002103 pacote 112 removido de 001 na secao 003
0002104 pacote 234 removido de 001 na secao 003
0002105 pacote 232 removido de 001 na secao 003
0002106 pacote 215 removido de 001 na secao 003
0002106 pacote 215 em transito de 001 para 003
0002106 pacote 232 em transito de 001 para 003
0002106 pacote 234 rearmazenado em 001 na secao 003
0002106 pacote 112 rearmazenado em 001 na secao 003
0002103 pacote 199 removido de 001 na secao 004
0002104 pacote 195 removido de 001 na secao 004
0002105 pacote 192 removido de 001 na secao 004
0002106 pacote 188 removido de 001 na secao 004
0002107 pacote 182 removido de 001 na secao 004
0002108 pacote 181 removido de 001 na secao 004
0002109 pacote 164 removido de 001 na secao 004
0002110 pacote 393 removido de 001 na secao 004
0002111 pacote 389 removido de 001 na secao 004
0002112 pacote 387 removido de 001 na secao 004
0002113 pacote 386 removido de 001 na secao 004
0002114 pacote 379 removido de 001 na secao 004
0002115 pacote 159 removido de 001 na secao 004
0002116 pacote 152 removido de 001 na secao 004
0002117 pacote 364 removido de 001 na secao 004
0002118 pacote 144 removido de 001 na secao 004
0002119 pacote 129 removido de 001 na secao 004
0002120 pacote 344 removido de 001 na secao 004
0002121 pacote 340 removido de 001 na secao 004
0002122 pacote 126 removido de 001 na secao 004
0002123 pacote 332 removido de 001 na secao 004
0002124 pacote 326 removido de 001 na secao 004
0002125 pacote 317 removido de 001 na secao 004
0002126 pacote 316 removido de 001 na secao 004
0002127 pacote 314 removido de 001 na secao 004
0002128 pacote 123 removido de 001 na secao 004
0002129 pacote 121 removido de 001 na secao 004
0002130 pacote 309 removido de 001 na secao 004
0002131 pacote 306 removido de 001 na secao 004
0002132 pacote 294 removido de 001 na secao 004
0002133 pacote 293 removido de 001 na secao 004
0002134 pacote 287 removido de 001 na secao 004
0002135 pacote 117 removido de 001 na secao 004
0002136 pacote 277 removido de 001 na secao 004
0002137 pacote 273 removido de 001 na secao 004
0002138 pacote 270 removido de 001 na secao 004
0002139 pacote 269 removido de 001 na secao 004
0002140 pacote 115 removido de 001 na secao 004
0002141 pacote 260 removido de 001 na secao 004
0002142 pacote 243 removido de 001 na secao 004
0002143 pacote 105 removido de 001 na secao 004
0002144 pacote 237 removido de 001 na secao 004
0002145 pacote 236 removido de 001 na secao 004
0002146 pacote 226 removido de 001 na secao 004
0002147 pacote 098 removido de 001 na secao 004
0002148 pacote 095 removido de 001 na secao 004
0002149 pacote 222 removido de 001 na secao 004
0002149 pacote 222 em transito de 001 para 004
0002149 pacote 095 em transito de 001 para 004
0002149 pacote 098 rearmazenado em 001 na secao 004
0002149 pacote 226 rearmazenado em 001 na secao 004
0002149 pacote 236 rearmazenado em 001 na secao 004
0002149 pacote 237 rearmazenado em 001 na secao 004
0002149 pacote 105 rearmazenado em 001 na secao 004
0002149 pacote 243 rearmazenado em 001 na secao 004
0002149 pacote 260 rearmazenado em 001 na secao 004
0002149 pacote 115 rearmazenado em 001 na secao 004
0002149 pacote 269 rearmazenado em 001 na secao 004
0002149 pacote 270 rearmazenado em 001 na secao 004
0002149 pacote 273 rearmazenado em 001 na secao 004
0002149 pacote 277 rearmazenado em 001 na secao 004
0002149 pacote 117 rearmazenado em 001 na secao 004
0002149 pacote 287 rearmazenado em 001 na secao 004
0002149 pacote 293 rearmazenado em 001 na secao 004
0002149 pacote 294 rearmazenado em 001 na secao 004
0002149 pacote 306 rearmazenado em 001 na secao 004
0002149 pacote 309 rearmazenado em 001 na secao 004
0002149 pacote 121 rearmazenado em 001 na secao 004
0002149 pacote 123 rearmazenado em 001 na secao 004
0002149 pacote 314 rearmazenado em 001 na secao 004
0002149 pacote 316 rearmazenado em 001 na secao 004
0002149 pacote 317 rearmazenado em 001 na secao 004
0002149 pacote 326 rearmazenado em 001 na secao 004
0002149 pacote 332 rearmazenado em 001 na secao 004
0002149 pacote 126 rearmazenado em 001 na secao 004
0002149 pacote 340 rearmazenado em 001 na secao 004
0002149 pacote 344 rearmazenado em 001 na secao 004
0002149 pacote 129 rearmazenado em 001 na secao 004
0002149 pacote 144 rearmazenado em 001 na secao 004
0002149 pacote 364 rearmazenado em 001 na secao 004
0002149 pacote 152 rearmazenado em 001 na secao 004
0002149 pacote 159 rearmazenado em 001 na secao 004
0002149 pacote 379 rearmazenado em 001 na secao 004
0002149 pacote 386 rearmazenado em 001 na secao 004
0002149 pacote 387 rearmazenado em 001 na secao 004
0002149 pacote 389 rearmazenado em 001 na secao 004
0002149 pacote 393 rearmazenado em 001 na secao 004
0002149 pacote 164 rearmazenado em 001 na secao 004
0002149 pacote 181 rearmazenado em 001 na secao 004
0002149 pacote 182 rearmazenado em 001 na secao 004
0002149 pacote 188 rearmazenado em 001 na secao 004
0002149 pacote 192 rearmazenado em 001 na secao 004
0002149 pacote 195 rearmazenado em 001 na secao 004
0002149 pacote 199 rearmazenado em 001 na secao 004
0002103 pacote 394 removido de 002 na secao 000
0002104 pacote 384 removido de 002 na secao 000
0002105 pacote 377 removido de 002 na secao 000
0002106 pacote 366 removido de 002 na secao 000
0002107 pacote 357 removido de 002 na secao 000
0002108 pacote 356 removido de 002 na secao 000
0002109 pacote 355 removido de 002 na secao 000
0002110 pacote 352 removido de 002 na secao 000
0002111 pacote 347 removido de 002 na secao 000
0002112 pacote 325 removido de 002 na secao 000
0002113 pacote 320 removido de 002 na secao 000
0002114 pacote 315 removido de 002 na secao 000
0002115 pacote 311 removido de 002 na secao 000
0002116 pacote 308 removido de 002 na secao 000
0002117 pacote 300 removido de 002 na secao 000
0002118 pacote 299 removido de 002 na secao 000
0002119 pacote 297 removido de 002 na secao 000
0002120 pacote 292 removido de 002 na secao 000
0002121 pacote 288 removido de 002 na secao 000
0002122 pacote 266 removido de 002 na secao 000
0002123 pacote 264 removido de 002 na secao 000
0002124 pacote 261 removido de 002 na secao 000
0002125 pacote 257 removido de 002 na secao 000
0002126 pacote 250 removido de 002 na secao 000
0002127 pacote 246 removido de 002 na secao 000
0002128 pacote 238 removido de 002 na secao 000
0002129 pacote 230 removido de 002 na secao 000
0002130 pacote 228 removido de 002 na secao 000
0002131 pacote 227 removido de 002 na secao 000
0002132 pacote 221 removido de 002 na secao 000
0002133 pacote 207 removido de 002 na secao 000
0002134 pacote 205 removido de 002 na secao 000
0002134 pacote 205 em transito de 002 para 000
0002134 pacote 207 em transito de 002 para 000
0002134 pacote 221 rearmazenado em 002 na secao 000
0002134 pacote 227 rearmazenado em 002 na secao 000
0002134 pacote 228 rearmazenado em 002 na secao 000
0002134 pacote 230 rearmazenado em 002 na secao 000
0002134 pacote 238 rearmazenado em 002 na secao 000
0002134 pacote 246 rearmazenado em 002 na secao 000
0002134 pacote 250 rearmazenado em 002 na secao 000
0002134 pacote 257 rearmazenado em 002 na secao 000
0002134 pacote 261 rearmazenado em 002 na secao 000
0002134 pacote 264 rearmazenado em 002 na secao 000
0002134 pacote 266 rearmazenado em 002 na secao 000
0002134 pacote 288 rearmazenado em 002 na secao 000
0002134 pacote 292 rearmazenado em 002 na secao 000
0002134 pacote 297 rearmazenado em 002 na secao 000
0002134 pacote 299 rearmazenado em 002 na secao 000
0002134 pacote 300 rearmazenado em 002 na secao 000
0002134 pacote 308 rearmazenado em 002 na secao 000
0002134 pacote 311 rearmazenado em 002 na secao 000
0002134 pacote 315 rearmazenado em 002 na secao 000
0002134 pacote 320 rearmazenado em 002 na secao 000
0002134 pacote 325 rearmazenado em 002 na secao 000
0002134 pacote 347 rearmazenado em 002 na secao 000
0002134 pacote 352 rearmazenado em 002 na secao 000
0002134 pacote 355 rearmazenado em 002 na secao 000
0002134 pacote 356 rearmazenado em 002 na secao 000
0002134 pacote 357 rearmazenado em 002 na secao 000
0002134 pacote 366 rearmazenado em 002 na secao 000
0002134 pacote 377 rearmazenado em 002 na secao 000
0002134 pacote 384 rearmazenado em 002 na secao 000
0002134 pacote 394 rearmazenado em 002 na secao 000
0002103 pacote 392 removido de 003 na secao 001
0002104 pacote 388 removido de 003 na secao 001
0002105 pacote 385 removido de 003 na secao 001
0002106 pacote 382 removido de 003 na secao 001
0002107 pacote 374 removido de 003 na secao 001
0002108 pacote 371 removido de 003 na secao 001
0002109 pacote 369 removido de 003 na secao 001
0002110 pacote 353 removido de 003 na secao 001
0002111 pacote 350 removido de 003 na secao 001
0002112 pacote 348 removido de 003 na secao 001
0002113 pacote 342 removido de 003 na secao 001
0002114 pacote 337 removido de 003 na secao 001
0002115 pacote 330 removido de 003 na secao 001
0002116 pacote 324 removido de 003 na secao 001
0002117 pacote 322 removido de 003 na secao 001
0002118 pacote 305 removido de 003 na secao 001
0002119 pacote 302 removido de 003 na secao 001
0002120 pacote 291 removido de 003 na secao 001
0002121 pacote 290 removido de 003 na secao 001
0002122 pacote 289 removido de 003 na secao 001
0002123 pacote 284 removido de 003 na secao 001
0002124 pacote 279 removido de 003 na secao 001
0002125 pacote 276 removido de 003 na secao 001
0002126 pacote 274 removido de 003 na secao 001
0002127 pacote 271 removido de 003 na secao 001
0002128 pacote 259 removido de 003 na secao 001
0002129 pacote 256 removido de 003 na secao 001
0002130 pacote 255 removido de 003 na secao 001
0002131 pacote 254 removido de 003 na secao 001
0002132 pacote 253 removido de 003 na secao 001
0002133 pacote 252 removido de 003 na secao 001
0002134 pacote 242 removido de 003 na secao 001
0002135 pacote 241 removido de 003 na secao 001
0002136 pacote 235 removido de 003 na secao 001
0002137 pacote 231 removido de 003 na secao 001
0002138 pacote 229 removido de 003 na secao 001
0002139 pacote 223 removido de 003 na secao 001
0002140 pacote 219 removido de 003 na secao 001
0002141 pacote 216 removido de 003 na secao 001
0002142 pacote 212 removido de 003 na secao 001
0002143 pacote 210 removido de 003 na secao 001
0002144 pacote 201 removido de 003 na secao 001
0002144 pacote 201 em transito de 003 para 001
0002144 pacote 210 em transito de 003 para 001
0002144 pacote 212 rearmazenado em 003 na secao 001
0002144 pacote 216 rearmazenado em 003 na secao 001
0002144 pacote 219 rearmazenado em 003 na secao 001
0002144 pacote 223 rearmazenado em 003 na secao 001
0002144 pacote 229 rearmazenado em 003 na secao 001
0002144 pacote 231 rearmazenado em 003 na secao 001
0002144 pacote 235 rearmazenado em 003 na secao 001
0002144 pacote 241 rearmazenado em 003 na secao 001
0002144 pacote 242 rearmazenado em 003 na secao 001
0002144 pacote 252 rearmazenado em 003 na secao 001
0002144 pacote 253 rearmazenado em 003 na secao 001
0002144 pacote 254 rearmazenado em 003 na secao 001
0002144 pacote 255 rearmazenado em 003 na secao 001
0002144 pacote 256 rearmazenado em 003 na secao 001
0002144 pacote 259 rearmazenado em 003 na secao 001
0002144 pacote 271 rearmazenado em 003 na secao 001
0002144 pacote 274 rearmazenado em 003 na secao 001
0002144 pacote 276 rearmazenado em 003 na secao 001
0002144 pacote 279 rearmazenado em 003 na secao 001
0002144 pacote 284 rearmazenado em 003 na secao 001
0002144 pacote 289 rearmazenado em 003 na secao 001
0002144 pacote 290 rearmazenado em 003 na secao 001
0002144 pacote 291 rearmazenado em 003 na secao 001
0002144 pacote 302 rearmazenado em 003 na secao 001
0002144 pacote 305 rearmazenado em 003 na secao 001
0002144 pacote 322 rearmazenado em 003 na secao 001
0002144 pacote 324 rearmazenado em 003 na secao 001
0002144 pacote 330 rearmazenado em 003 na secao 001
0002144 pacote 337 rearmazenado em 003 na secao 001
0002144 pacote 342 rearmazenado em 003 na secao 001
0002144 pacote 348 rearmazenado em 003 na secao 001
0002144 pacote 350 rearmazenado em 003 na secao 001
0002144 pacote 353 rearmazenado em 003 na secao 001
0002144 pacote 369 rearmazenado em 003 na secao 001
0002144 pacote 371 rearmazenado em 003 na secao 001
0002144 pacote 374 rearmazenado em 003 na secao 001
0002144 pacote 382 rearmazenado em 003 na secao 001
0002144 pacote 385 rearmazenado em 003 na secao 001
0002144 pacote 388 rearmazenado em 003 na secao 001
0002144 pacote 392 rearmazenado em 003 na secao 001
0002103 pacote 218 removido de 004 na secao 000
0002104 pacote 211 removido de 004 na secao 000
0002105 pacote 204 removido de 004 na secao 000
0002106 pacote 082 removido de 004 na secao 000
0002107 pacote 194 removido de 004 na secao 000
0002108 pacote 080 removido de 004 na secao 000
0002109 pacote 395 removido de 004 na secao 000
0002110 pacote 141 removido de 004 na secao 000
0002111 pacote 073 removido de 004 na secao 000
0002112 pacote 373 removido de 004 na secao 000
0002113 pacote 372 removido de 004 na secao 000
0002114 pacote 370 removido de 004 na secao 000
0002115 pacote 367 removido de 004 na secao 000
0002116 pacote 361 removido de 004 na secao 000
0002117 pacote 360 removido de 004 na secao 000
0002118 pacote 346 removido de 004 na secao 000
0002119 pacote 135 removido de 004 na secao 000
0002120 pacote 335 removido de 004 na secao 000
0002121 pacote 328 removido de 004 na secao 000
0002122 pacote 323 removido de 004 na secao 000
0002123 pacote 128 removido de 004 na secao 000
0002124 pacote 124 removido de 004 na secao 000
0002125 pacote 303 removido de 004 na secao 000
0002126 pacote 286 removido de 004 na secao 000
0002127 pacote 062 removido de 004 na secao 000
0002128 pacote 267 removido de 004 na secao 000
0002129 pacote 109 removido de 004 na secao 000
0002130 pacote 096 removido de 004 na secao 000
0002131 pacote 249 removido de 004 na secao 000
0002132 pacote 247 removido de 004 na secao 000
0002133 pacote 245 removido de 004 na secao 000
0002134 pacote 244 removido de 004 na secao 000
0002135 pacote 059 removido de 004 na secao 000
0002136 pacote 058 removido de 004 na secao 000
0002137 pacote 224 removido de 004 na secao 000
0002137 pacote 224 em transito de 004 para 000
0002137 pacote 058 em transito de 004 para 000
0002137 pacote 059 rearmazenado em 004 na secao 000
0002137 pacote 244 rearmazenado em 004 na secao 000
0002137 pacote 245 rearmazenado em 004 na secao 000
0002137 pacote 247 rearmazenado em 004 na secao 000
0002137 pacote 249 rearmazenado em 004 na secao 000
0002137 pacote 096 rearmazenado em 004 na secao 000
0002137 pacote 109 rearmazenado em 004 na secao 000
0002137 pacote 267 rearmazenado em 004 na secao 000
0002137 pacote 062 rearmazenado em 004 na secao 000
0002137 pacote 286 rearmazenado em 004 na secao 000
0002137 pacote 303 rearmazenado em 004 na secao 000
0002137 pacote 124 rearmazenado em 004 na secao 000
0002137 pacote 128 rearmazenado em 004 na secao 000
0002137 pacote 323 rearmazenado em 004 na secao 000
0002137 pacote 328 rearmazenado em 004 na secao 000
0002137 pacote 335 rearmazenado em 004 na secao 000
0002137 pacote 135 rearmazenado em 004 na secao 000
0002137 pacote 346 rearmazenado em 004 na secao 000
0002137 pacote 360 rearmazenado em 004 na secao 000
0002137 pacote 361 rearmazenado em 004 na secao 000
0002137 pacote 367 rearmazenado em 004 na secao 000
0002137 pacote 370 rearmazenado em 004 na secao 000
0002137 pacote 372 rearmazenado em 004 na secao 000
0002137 pacote 373 rearmazenado em 004 na secao 000
0002137 pacote 073 rearmazenado em 004 na secao 000
0002137 pacote 141 rearmazenado em 004 na secao 000
0002137 pacote 395 rearmazenado em 004 na secao 000
0002137 pacote 080 rearmazenado em 004 na secao 000
0002137 pacote 194 rearmazenado em 004 na secao 000
0002137 pacote 082 rearmazenado em 004 na secao 000
0002137 pacote 204 rearmazenado em 004 na secao 000
0002137 pacote 211 rearmazenado em 004 na secao 000
0002137 pacote 218 rearmazenado em 004 na secao 000
0002103 pacote 217 removido de 004 na secao 001
0002104 pacote 094 removido de 004 na secao 001
0002105 pacote 091 removido de 004 na secao 001
0002106 pacote 193 removido de 004 na secao 001
0002107 pacote 187 removido de 004 na secao 001
0002108 pacote 398 removido de 004 na secao 001
0002109 pacote 176 removido de 004 na secao 001
0002110 pacote 396 removido de 004 na secao 001
0002111 pacote 363 removido de 004 na secao 001
0002112 pacote 359 removido de 004 na secao 001
0002113 pacote 358 removido de 004 na secao 001
0002114 pacote 170 removido de 004 na secao 001
0002115 pacote 169 removido de 004 na secao 001
0002116 pacote 345 removido de 004 na secao 001
0002117 pacote 343 removido de 004 na secao 001
0002118 pacote 338 removido de 004 na secao 001
0002119 pacote 165 removido de 004 na secao 001
0002120 pacote 161 removido de 004 na secao 001
0002121 pacote 336 removido de 004 na secao 001
0002122 pacote 333 removido de 004 na secao 001
0002123 pacote 327 removido de 004 na secao 001
0002124 pacote 321 removido de 004 na secao 001
0002125 pacote 319 removido de 004 na secao 001
0002126 pacote 318 removido de 004 na secao 001
0002127 pacote 156 removido de 004 na secao 001
0002128 pacote 153 removido de 004 na secao 001
0002129 pacote 296 removido de 004 na secao 001
0002130 pacote 295 removido de 004 na secao 001
0002131 pacote 081 removido de 004 na secao 001
0002132 pacote 283 removido de 004 na secao 001
0002133 pacote 281 removido de 004 na secao 001
0002134 pacote 140 removido de 004 na secao 001
0002135 pacote 048 removido de 004 na secao 001
0002136 pacote 262 removido de 004 na secao 001
0002137 pacote 258 removido de 004 na secao 001
0002138 pacote 251 removido de 004 na secao 001
0002139 pacote 248 removido de 004 na secao 001
0002139 pacote 248 em transito de 004 para 001
0002139 pacote 251 em transito de 004 para 001
0002139 pacote 258 rearmazenado em 004 na secao 001
0002139 pacote 262 rearmazenado em 004 na secao 001
0002139 pacote 048 rearmazenado em 004 na secao 001
0002139 pacote 140 rearmazenado em 004 na secao 001
0002139 pacote 281 rearmazenado em 004 na secao 001
0002139 pacote 283 rearmazenado em 004 na secao 001
0002139 pacote 081 rearmazenado em 004 na secao 001
0002139 pacote 295 rearmazenado em 004 na secao 001
0002139 pacote 296 rearmazenado em 004 na secao 001
0002139 pacote 153 rearmazenado em 004 na secao 001
0002139 pacote 156 rearmazenado em 004 na secao 001
0002139 pacote 318 rearmazenado em 004 na secao 001
0002139 pacote 319 rearmazenado em 004 na secao 001
0002139 pacote 321 rearmazenado em 004 na secao 001
0002139 pacote 327 rearmazenado em 004 na secao 001
0002139 pacote 333 rearmazenado em 004 na secao 001
0002139 pacote 336 rearmazenado em 004 na secao 001
0002139 pacote 161 rearmazenado em 004 na secao 001
0002139 pacote 165 rearmazenado em 004 na secao 001
0002139 pacote 338 rearmazenado em 004 na secao 001
0002139 pacote 343 rearmazenado em 004 na secao 001
0002139 pacote 345 rearmazenado em 004 na secao 001
0002139 pacote 169 rearmazenado em 004 na secao 001
0002139 pacote 170 rearmazenado em 004 na secao 001
0002139 pacote 358 rearmazenado em 004 na secao 001
0002139 pacote 359 rearmazenado em 004 na secao 001
0002139 pacote 363 rearmazenado em 004 na secao 001
0002139 pacote 396 rearmazenado em 004 na secao 001
0002139 pacote 176 rearmazenado em 004 na secao 001
0002139 pacote 398 rearmazenado em 004 na secao 001
0002139 pacote 187 rearmazenado em 004 na secao 001
0002139 pacote 193 rearmazenado em 004 na secao 001
0002139 pacote 091 rearmazenado em 004 na secao 001
0002139 pacote 094 rearmazenado em 004 na secao 001
0002139 pacote 217 rearmazenado em 004 na secao 001
0002126 pacote 215 entregue em 003
0002126 pacote 232 entregue em 003
0002133 pacote 175 entregue em 002
0002133 pacote 368 entregue em 002
0002154 pacote 205 armazenado em 000 na secao 004
0002154 pacote 207 armazenado em 000 na secao 004
0002157 pacote 058 entregue em 000
0002157 pacote 224 armazenado em 000 na secao 002
0002159 pacote 248 entregue em 001
0002159 pacote 251 entregue em 001
0002161 pacote 097 entregue em 004
0002161 pacote 220 armazenado em 004 na secao 001
0002164 pacote 201 entregue em 001
0002164 pacote 210 entregue em 001
0002169 pacote 095 armazenado em 004 na secao 000
0002169 pacote 222 entregue em 004
0002203 pacote 224 removido de 000 na secao 002
0002204 pacote 078 removido de 000 na secao 002
0002205 pacote 064 removido de 000 na secao 002
0002206 pacote 214 removido de 000 na secao 002
0002207 pacote 208 removido de 000 na secao 002
0002208 pacote 203 removido de 000 na secao 002
0002209 pacote 053 removido de 000 na secao 002
0002210 pacote 186 removido de 000 na secao 002
0002211 pacote 183 removido de 000 na secao 002
0002212 pacote 376 removido de 000 na secao 002
0002212 pacote 376 em transito de 000 para 002
0002212 pacote 183 em transito de 000 para 002
0002212 pacote 186 rearmazenado em 000 na secao 002
0002212 pacote 053 rearmazenado em 000 na secao 002
0002212 pacote 203 rearmazenado em 000 na secao 002
0002212 pacote 208 rearmazenado em 000 na secao 002
0002212 pacote 214 rearmazenado em 000 na secao 002
0002212 pacote 064 rearmazenado em 000 na secao 002
0002212 pacote 078 rearmazenado em 000 na secao 002
0002212 pacote 224 rearmazenado em 000 na secao 002
0002203 pacote 207 removido de 000 na secao 004
0002204 pacote 205 removido de 000 na secao 004
0002205 pacote 198 removido de 000 na secao 004
0002206 pacote 196 removido de 000 na secao 004
0002207 pacote 184 removido de 000 na secao 004
0002208 pacote 179 removido de 000 na secao 004
0002209 pacote 177 removido de 000 na secao 004
0002210 pacote 174 removido de 000 na secao 004
0002211 pacote 172 removido de 000 na secao 004
0002212 pacote 397 removido de 000 na secao 004
0002213 pacote 391 removido de 000 na secao 004
0002214 pacote 390 removido de 000 na secao 004
0002215 pacote 381 removido de 000 na secao 004
0002216 pacote 380 removido de 000 na secao 004
0002217 pacote 149 removido de 000 na secao 004
0002218 pacote 148 removido de 000 na secao 004
0002219 pacote 365 removido de 000 na secao 004
0002220 pacote 351 removido de 000 na secao 004
0002221 pacote 349 removido de 000 na secao 004
0002222 pacote 143 removido de 000 na secao 004
0002223 pacote 142 removido de 000 na secao 004
0002224 pacote 334 removido de 000 na secao 004
0002225 pacote 331 removido de 000 na secao 004
0002226 pacote 313 removido de 000 na secao 004
0002227 pacote 136 removido de 000 na secao 004
0002228 pacote 304 removido de 000 na secao 004
0002229 pacote 298 removido de 000 na secao 004
0002230 pacote 120 removido de 000 na secao 004
0002231 pacote 280 removido de 000 na secao 004
0002232 pacote 278 removido de 000 na secao 004
0002233 pacote 275 removido de 000 na secao 004
0002234 pacote 268 removido de 000 na secao 004
0002235 pacote 116 removido de 000 na secao 004
0002236 pacote 113 removido de 000 na secao 004
0002237 pacote 263 removido de 000 na secao 004
0002238 pacote 111 removido de 000 na secao 004
0002239 pacote 239 removido de 000 na secao 004
0002240 pacote 233 removido de 000 na secao 004
0002241 pacote 099 removido de 000 na secao 004
0002241 pacote 099 em transito de 000 para 004
0002241 pacote 233 em transito de 000 para 004
0002241 pacote 239 rearmazenado em 000 na secao 004
0002241 pacote 111 rearmazenado em 000 na secao 004
0002241 pacote 263 rearmazenado em 000 na secao 004
0002241 pacote 113 rearmazenado em 000 na secao 004
0002241 pacote 116 rearmazenado em 000 na secao 004
0002241 pacote 268 rearmazenado em 000 na secao 004
0002241 pacote 275 rearmazenado em 000 na secao 004
0002241 pacote 278 rearmazenado em 000 na secao 004
0002241 pacote 280 rearmazenado em 000 na secao 004
0002241 pacote 120 rearmazenado em 000 na secao 004
0002241 pacote 298 rearmazenado em 000 na secao 004
0002241 pacote 304 rearmazenado em 000 na secao 004
0002241 pacote 136 rearmazenado em 000 na secao 004
0002241 pacote 313 rearmazenado em 000 na secao 004
0002241 pacote 331 rearmazenado em 000 na secao 004
0002241 pacote 334 rearmazenado em 000 na secao 004
0002241 pacote 142 rearmazenado em 000 na secao 004
0002241 pacote 143 rearmazenado em 000 na secao 004
0002241 pacote 349 rearmazenado em 000 na secao 004
0002241 pacote 351 rearmazenado em 000 na secao 004
0002241 pacote 365 rearmazenado em 000 na secao 004
0002241 pacote 148 rearmazenado em 000 na secao 004
0002241 pacote 149 rearmazenado em 000 na secao 004
0002241 pacote 380 rearmazenado em 000 na secao 004
0002241 pacote 381 rearmazenado em 000 na secao 004
0002241 pacote 390 rearmazenado em 000 na secao 004
0002241 pacote 391 rearmazenado em 000 na secao 004
0002241 pacote 397 rearmazenado em 000 na secao 004
0002241 pacote 172 rearmazenado em 000 na secao 004
0002241 pacote 174 rearmazenado em 000 na secao 004
0002241 pacote 177 rearmazenado em 000 na secao 004
0002241 pacote 179 rearmazenado em 000 na secao 004
0002241 pacote 184 rearmazenado em 000 na secao 004
0002241 pacote 196 rearmazenado em 000 na secao 004
0002241 pacote 198 rearmazenado em 000 na secao 004
0002241 pacote 205 rearmazenado em 000 na secao 004
0002241 pacote 207 rearmazenado em 000 na secao 004
0002203 pacote 112 removido de 001 na secao 003
0002204 pacote 234 removido de 001 na secao 003
0002204 pacote 234 em transito de 001 para 003
0002204 pacote 112 em transito de 001 para 003
0002203 pacote 199 removido de 001 na secao 004
0002204 pacote 195 removido de 001 na secao 004
0002205 pacote 192 removido de 001 na secao 004
0002206 pacote 188 removido de 001 na secao 004
0002207 pacote 182 removido de 001 na secao 004
0002208 pacote 181 removido de 001 na secao 004
0002209 pacote 164 removido de 001 na secao 004
0002210 pacote 393 removido de 001 na secao 004
0002211 pacote 389 removido de 001 na secao 004
0002212 pacote 387 removido de 001 na secao 004
0002213 pacote 386 removido de 001 na secao 004
0002214 pacote 379 removido de 001 na secao 004
0002215 pacote 159 removido de 001 na secao 004
0002216 pacote 152 removido de 001 na secao 004
0002217 pacote 364 removido de 001 na secao 004
0002218 pacote 144 removido de 001 na secao 004
0002219 pacote 129 removido de 001 na secao 004
0002220 pacote 344 removido de 001 na secao 004
0002221 pacote 340 removido de 001 na secao 004
0002222 pacote 126 removido de 001 na secao 004
0002223 pacote 332 removido de 001 na secao 004
0002224 pacote 326 removido de 001 na secao 004
0002225 pacote 317 removido de 001 na secao 004
0002226 pacote 316 removido de 001 na secao 004
0002227 pacote 314 removido de 001 na secao 004
0002228 pacote 123 removido de 001 na secao 004
0002229 pacote 121 removido de 001 na secao 004
0002230 pacote 309 removido de 001 na secao 004
0002231 pacote 306 removido de 001 na secao 004
0002232 pacote 294 removido de 001 na secao 004
0002233 pacote 293 removido de 001 na secao 004
0002234 pacote 287 removido de 001 na secao 004
0002235 pacote 117 removido de 001 na secao 004
0002236 pacote 277 removido de 001 na secao 004
0002237 pacote 273 removido de 001 na secao 004
0002238 pacote 270 removido de 001 na secao 004
0002239 pacote 269 removido de 001 na secao 004
0002240 pacote 115 removido de 001 na secao 004
0002241 pacote 260 removido de 001 na secao 004
0002242 pacote 243 removido de 001 na secao 004
0002243 pacote 105 removido de 001 na secao 004
0002244 pacote 237 removido de 001 na secao 004
0002245 pacote 236 removido de 001 na secao 004
0002246 pacote 226 removido de 001 na secao 004
0002247 pacote 098 removido de 001 na secao 004
0002247 pacote 098 em transito de 001 para 004
0002247 pacote 226 em transito de 001 para 004
0002247 pacote 236 rearmazenado em 001 na secao 004
0002247 pacote 237 rearmazenado em 001 na secao 004
0002247 pacote 105 rearmazenado em 001 na secao 004
0002247 pacote 243 rearmazenado em 001 na secao 004
0002247 pacote 260 rearmazenado em 001 na secao 004
0002247 pacote 115 rearmazenado em 001 na secao 004
0002247 pacote 269 rearmazenado em 001 na secao 004
0002247 pacote 270 rearmazenado em 001 na secao 004
0002247 pacote 273 rearmazenado em 001 na secao 004
0002247 pacote 277 rearmazenado em 001 na secao 004
0002247 pacote 117 rearmazenado em 001 na secao 004
0002247 pacote 287 rearmazenado em 001 na secao 004
0002247 pacote 293 rearmazenado em 001 na secao 004
0002247 pacote 294 rearmazenado em 001 na secao 004
0002247 pacote 306 rearmazenado em 001 na secao 004
0002247 pacote 309 rearmazenado em 001 na secao 004
0002247 pacote 121 rearmazenado em 001 na secao 004
0002247 pacote 123 rearmazenado em 001 na secao 004
0002247 pacote 314 rearmazenado em 001 na secao 004
0002247 pacote 316 rearmazenado em 001 na secao 004
0002247 pacote 317 rearmazenado em 001 na secao 004
0002247 pacote 326 rearmazenado em 001 na secao 004
0002247 pacote 332 rearmazenado em 001 na secao 004
0002247 pacote 126 rearmazenado em 001 na secao 004
0002247 pacote 340 rearmazenado em 001 na secao 004
0002247 pacote 344 rearmazenado em 001 na secao 004
0002247 pacote 129 rearmazenado em 001 na secao 004
0002247 pacote 144 rearmazenado em 001 na secao 004
0002247 pacote 364 rearmazenado em 001 na secao 004
0002247 pacote 152 rearmazenado em 001 na secao 004
0002247 pacote 159 rearmazenado em 001 na secao 004
0002247 pacote 379 rearmazenado em 001 na secao 004
0002247 pacote 386 rearmazenado em 001 na secao 004
0002247 pacote 387 rearmazenado em 001 na secao 004
0002247 pacote 389 rearmazenado em 001 na secao 004
0002247 pacote 393 rearmazenado em 001 na secao 004
0002247 pacote 164 rearmazenado em 001 na secao 004
0002247 pacote 181 rearmazenado em 001 na secao 004
0002247 pacote 182 rearmazenado em 001 na secao 004
0002247 pacote 188 rearmazenado em 001 na secao 004
0002247 pacote 192 rearmazenado em 001 na secao 004
0002247 pacote 195 rearmazenado em 001 na secao 004
0002247 pacote 199 rearmazenado em 001 na secao 004
0002203 pacote 394 removido de 002 na secao 000
0002204 pacote 384 removido de 002 na secao 000
0002205 pacote 377 removido de 002 na secao 000
0002206 pacote 366 removido de 002 na secao 000
0002207 pacote 357 removido de 002 na secao 000
0002208 pacote 356 removido de 002 na secao 000
0002209 pacote 355 removido de 002 na secao 000
0002210 pacote 352 removido de 002 na secao 000
0002211 pacote 347 removido de 002 na secao 000
0002212 pacote 325 removido de 002 na secao 000
0002213 pacote 320 removido de 002 na secao 000
0002214 pacote 315 removido de 002 na secao 000
0002215 pacote 311 removido de 002 na secao 000
0002216 pacote 308 removido de 002 na secao 000
0002217 pacote 300 removido de 002 na secao 000
0002218 pacote 299 removido de 002 na secao 000
0002219 pacote 297 removido de 002 na secao 000
0002220 pacote 292 removido de 002 na secao 000
0002221 pacote 288 removido de 002 na secao 000
0002222 pacote 266 removido de 002 na secao 000
0002223 pacote 264 removido de 002 na secao 000
0002224 pacote 261 removido de 002 na secao 000
0002225 pacote 257 removido de 002 na secao 000
0002226 pacote 250 removido de 002 na secao 000
0002227 pacote 246 removido de 002 na secao 000
0002228 pacote 238 removido de 002 na secao 000
0002229 pacote 230 removido de 002 na secao 000
0002230 pacote 228 removido de 002 na secao 000
0002231 pacote 227 removido de 002 na secao 000
0002232 pacote 221 removido de 002 na secao 000
0002232 pacote 221 em transito de 002 para 000
0002232 pacote 227 em transito de 002 para 000
0002232 pacote 228 rearmazenado em 002 na secao 000
0002232 pacote 230 rearmazenado em 002 na secao 000
0002232 pacote 238 rearmazenado em 002 na secao 000
0002232 pacote 246 rearmazenado em 002 na secao 000
0002232 pacote 250 rearmazenado em 002 na secao 000
0002232 pacote 257 rearmazenado em 002 na secao 000
0002232 pacote 261 rearmazenado em 002 na secao 000
0002232 pacote 264 rearmazenado em 002 na secao 000
0002232 pacote 266 rearmazenado em 002 na secao 000
0002232 pacote 288 rearmazenado em 002 na secao 000
0002232 pacote 292 rearmazenado em 002 na secao 000
0002232 pacote 297 rearmazenado em 002 na secao 000
0002232 pacote 299 rearmazenado em 002 na secao 000
0002232 pacote 300 rearmazenado em 002 na secao 000
0002232 pacote 308 rearmazenado em 002 na secao 000
0002232 pacote 311 rearmazenado em 002 na secao 000
0002232 pacote 315 rearmazenado em 002 na secao 000
0002232 pacote 320 rearmazenado em 002 na secao 000
0002232 pacote 325 rearmazenado em 002 na secao 000
0002232 pacote 347 rearmazenado em 002 na secao 000
0002232 pacote 352 rearmazenado em 002 na secao 000
0002232 pacote 355 rearmazenado em 002 na secao 000
0002232 pacote 356 rearmazenado em 002 na secao 000
0002232 pacote 357 rearmazenado em 002 na secao 000
0002232 pacote 366 rearmazenado em 002 na secao 000
0002232 pacote 377 rearmazenado em 002 na secao 000
0002232 pacote 384 rearmazenado em 002 na secao 000
0002232 pacote 394 rearmazenado em 002 na secao 000
0002203 pacote 392 removido de 003 na secao 001
0002204 pacote 388 removido de 003 na secao 001
0002205 pacote 385 removido de 003 na secao 001
0002206 pacote 382 removido de 003 na secao 001
0002207 pacote 374 removido de 003 na secao 001
0002208 pacote 371 removido de 003 na secao 001
0002209 pacote 369 removido de 003 na secao 001
0002210 pacote 353 removido de 003 na secao 001
0002211 pacote 350 removido de 003 na secao 001
0002212 pacote 348 removido de 003 na secao 001
0002213 pacote 342 removido de 003 na secao 001
0002214 pacote 337 removido de 003 na secao 001
0002215 pacote 330 removido de 003 na secao 001
0002216 pacote 324 removido de 003 na secao 001
0002217 pacote 322 removido de 003 na secao 001
0002218 pacote 305 removido de 003 na secao 001
0002219 pacote 302 removido de 003 na secao 001
0002220 pacote 291 removido de 003 na secao 001
0002221 pacote 290 removido de 003 na secao 001
0002222 pacote 289 removido de 003 na secao 001
0002223 pacote 284 removido de 003 na secao 001
0002224 pacote 279 removido de 003 na secao 001
0002225 pacote 276 removido de 003 na secao 001
0002226 pacote 274 removido de 003 na secao 001
0002227 pacote 271 removido de 003 na secao 001
0002228 pacote 259 removido de 003 na secao 001
0002229 pacote 256 removido de 003 na secao 001
0002230 pacote 255 removido de 003 na secao 001
0002231 pacote 254 removido de 003 na secao 001
0002232 pacote 253 removido de 003 na secao 001
0002233 pacote 252 removido de 003 na secao 001
0002234 pacote 242 removido de 003 na secao 001
0002235 pacote 241 removido de 003 na secao 001
0002236 pacote 235 removido de 003 na secao 001
0002237 pacote 231 removido de 003 na secao 001
0002238 pacote 229 removido de 003 na secao 001
0002239 pacote 223 removido de 003 na secao 001
0002240 pacote 219 removido de 003 na secao 001
0002241 pacote 216 removido de 003 na secao 001
0002242 pacote 212 removido de 003 na secao 001
0002242 pacote 212 em transito de 003 para 001
0002242 pacote 216 em transito de 003 para 001
0002242 pacote 219 rearmazenado em 003 na secao 001
0002242 pacote 223 rearmazenado em 003 na secao 001
0002242 pacote 229 rearmazenado em 003 na secao 001
0002242 pacote 231 rearmazenado em 003 na secao 001
0002242 pacote 235 rearmazenado em 003 na secao 001
0002242 pacote 241 rearmazenado em 003 na secao 001
0002242 pacote 242 rearmazenado em 003 na secao 001
0002242 pacote 252 rearmazenado em 003 na secao 001
0002242 pacote 253 rearmazenado em 003 na secao 001
0002242 pacote 254 rearmazenado em 003 na secao 001
0002242 pacote 255 rearmazenado em 003 na secao 001
0002242 pacote 256 rearmazenado em 003 na secao 001
0002242 pacote 259 rearmazenado em 003 na secao 001
0002242 pacote 271 rearmazenado em 003 na secao 001
0002242 pacote 274 rearmazenado em 003 na secao 001
0002242 pacote 276 rearmazenado em 003 na secao 001
0002242 pacote 279 rearmazenado em 003 na secao 001
0002242 pacote 284 rearmazenado em 003 na secao 001
0002242 pacote 289 rearmazenado em 003 na secao 001
0002242 pacote 290 rearmazenado em 003 na secao 001
0002242 pacote 291 rearmazenado em 003 na secao 001
0002242 pacote 302 rearmazenado em 003 na secao 001
0002242 pacote 305 rearmazenado em 003 na secao 001
0002242 pacote 322 rearmazenado em 003 na secao 001
0002242 pacote 324 rearmazenado em 003 na secao 001
0002242 pacote 330 rearmazenado em 003 na secao 001
0002242 pacote 337 rearmazenado em 003 na secao 001
0002242 pacote 342 rearmazenado em 003 na secao 001
0002242 pacote 348 rearmazenado em 003 na secao 001
0002242 pacote 350 rearmazenado em 003 na secao 001
0002242 pacote 353 rearmazenado em 003 na secao 001
0002242 pacote 369 rearmazenado em 003 na secao 001
0002242 pacote 371 rearmazenado em 003 na secao 001
0002242 pacote 374 rearmazenado em 003 na secao 001
0002242 pacote 382 rearmazenado em 003 na secao 001
0002242 pacote 385 rearmazenado em 003 na secao 001
0002242 pacote 388 rearmazenado em 003 na secao 001
0002242 pacote 392 rearmazenado em 003 na secao 001
0002203 pacote 095 removido de 004 na secao 000
0002204 pacote 218 removido de 004 na secao 000
0002205 pacote 211 removido de 004 na secao 000
0002206 pacote 204 removido de 004 na secao 000
0002207 pacote 082 removido de 004 na secao 000
0002208 pacote 194 removido de 004 na secao 000
0002209 pacote 080 removido de 004 na secao 000
0002210 pacote 395 removido de 004 na secao 000
0002211 pacote 141 removido de 004 na secao 000
0002212 pacote 073 removido de 004 na secao 000
0002213 pacote 373 removido de 004 na secao 000
0002214 pacote 372 removido de 004 na secao 000
0002215 pacote 370 removido de 004 na secao 000
0002216 pacote 367 removido de 004 na secao 000
0002217 pacote 361 removido de 004 na secao 000
0002218 pacote 360 removido de 004 na secao 000
0002219 pacote 346 removido de 004 na secao 000
0002220 pacote 135 removido de 004 na secao 000
0002221 pacote 335 removido de 004 na secao 000
0002222 pacote 328 removido de 004 na secao 000
0002223 pacote 323 removido de 004 na secao 000
0002224 pacote 128 removido de 004 na secao 000
0002225 pacote 124 removido de 004 na secao 000
0002226 pacote 303 removido de 004 na secao 000
0002227 pacote 286 removido de 004 na secao 000
0002228 pacote 062 removido de 004 na secao 000
0002229 pacote 267 removido de 004 na secao 000
0002230 pacote 109 removido de 004 na secao 000
0002231 pacote 096 removido de 004 na secao 000
0002232 pacote 249 removido de 004 na secao 000
0002233 pacote 247 removido de 004 na secao 000
0002234 pacote 245 removido de 004 na secao 000
0002235 pacote 244 removido de 004 na secao 000
0002236 pacote 059 removido de 004 na secao 000
0002236 pacote 059 em transito de 004 para 000
0002236 pacote 244 em transito de 004 para 000
0002236 pacote 245 rearmazenado em 004 na secao 000
0002236 pacote 247 rearmazenado em 004 na secao 000
0002236 pacote 249 rearmazenado em 004 na secao 000
0002236 pacote 096 rearmazenado em 004 na secao 000
0002236 pacote 109 rearmazenado em 004 na secao 000
0002236 pacote 267 rearmazenado em 004 na secao 000
0002236 pacote 062 rearmazenado em 004 na secao 000
0002236 pacote 286 rearmazenado em 004 na secao 000
0002236 pacote 303 rearmazenado em 004 na secao 000
0002236 pacote 124 rearmazenado em 004 na secao 000
0002236 pacote 128 rearmazenado em 004 na secao 000
0002236 pacote 323 rearmazenado em 004 na secao 000
0002236 pacote 328 rearmazenado em 004 na secao 000
0002236 pacote 335 rearmazenado em 004 na secao 000
0002236 pacote 135 rearmazenado em 004 na secao 000
0002236 pacote 346 rearmazenado em 004 na secao 000
0002236 pacote 360 rearmazenado em 004 na secao 000
0002236 pacote 361 rearmazenado em 004 na secao 000
0002236 pacote 367 rearmazenado em 004 na secao 000
0002236 pacote 370 rearmazenado em 004 na secao 000
0002236 pacote 372 rearmazenado em 004 na secao 000
0002236 pacote 373 rearmazenado em 004 na secao 000
0002236 pacote 073 rearmazenado em 004 na secao 000
0002236 pacote 141 rearmazenado em 004 na secao 000
0002236 pacote 395 rearmazenado em 004 na secao 000
0002236 pacote 080 rearmazenado em 004 na secao 000
0002236 pacote 194 rearmazenado em 004 na secao 000
0002236 pacote 082 rearmazenado em 004 na secao 000
0002236 pacote 204 rearmazenado em 004 na secao 000
0002236 pacote 211 rearmazenado em 004 na secao 000
0002236 pacote 218 rearmazenado em 004 na secao 000
0002236 pacote 095 rearmazenado em 004 na secao 000
0002203 pacote 220 removido de 004 na secao 001
0002204 pacote 217 removido de 004 na secao 001
0002205 pacote 094 removido de 004 na secao 001
0002206 pacote 091 removido de 004 na secao 001
0002207 pacote 193 removido de 004 na secao 001
0002208 pacote 187 removido de 004 na secao 001
0002209 pacote 398 removido de 004 na secao 001
0002210 pacote 176 removido de 004 na secao 001
0002211 pacote 396 removido de 004 na secao 001
0002212 pacote 363 removido de 004 na secao 001
0002213 pacote 359 removido de 004 na secao 001
0002214 pacote 358 removido de 004 na secao 001
0002215 pacote 170 removido de 004 na secao 001
0002216 pacote 169 removido de 004 na secao 001
0002217 pacote 345 removido de 004 na secao 001
0002218 pacote 343 removido de 004 na secao 001
0002219 pacote 338 removido de 004 na secao 001
0002220 pacote 165 removido de 004 na secao 001
0002221 pacote 161 removido de 004 na secao 001
0002222 pacote 336 removido de 004 na secao 001
0002223 pacote 333 removido de 004 na secao 001
0002224 pacote 327 removido de 004 na secao 001
0002225 pacote 321 removido de 004 na secao 001
0002226 pacote 319 removido de 004 na secao 001
0002227 pacote 318 removido de 004 na secao 001
0002228 pacote 156 removido de 004 na secao 001
0002229 pacote 153 removido de 004 na secao 001
0002230 pacote 296 removido de 004 na secao 001
0002231 pacote 295 removido de 004 na secao 001
0002232 pacote 081 removido de 004 na secao 001
0002233 pacote 283 removido de 004 na secao 001
0002234 pacote 281 removido de 004 na secao 001
0002235 pacote 140 removido de 004 na secao 001
0002236 pacote 048 removido de 004 na secao 001
0002237 pacote 262 removido de 004 na secao 001
0002238 pacote 258 removido de 004 na secao 001
0002238 pacote 258 em transito de 004 para 001
0002238 pacote 262 em transito de 004 para 001
0002238 pacote 048 rearmazenado em 004 na secao 001
0002238 pacote 140 rearmazenado em 004 na secao 001
0002238 pacote 281 rearmazenado em 004 na secao 001
0002238 pacote 283 rearmazenado em 004 na secao 001
0002238 pacote 081 rearmazenado em 004 na secao 001
0002238 pacote 295 rearmazenado em 004 na secao 001
0002238 pacote 296 rearmazenado em 004 na secao 001
0002238 pacote 153 rearmazenado em 004 na secao 001
0002238 pacote 156 rearmazenado em 004 na secao 001
0002238 pacote 318 rearmazenado em 004 na secao 001
0002238 pacote 319 rearmazenado em 004 na secao 001
0002238 pacote 321 rearmazenado em 004 na secao 001
0002238 pacote 327 rearmazenado em 004 na secao 001
0002238 pacote 333 rearmazenado em 004 na secao 001
0002238 pacote 336 rearmazenado em 004 na secao 001
0002238 pacote 161 rearmazenado em 004 na secao 001
0002238 pacote 165 rearmazenado em 004 na secao 001
0002238 pacote 338 rearmazenado em 004 na secao 001
0002238 pacote 343 rearmazenado em 004 na secao 001
0002238 pacote 345 rearmazenado em 004 na secao 001
0002238 pacote 169 rearmazenado em 004 na secao 001
0002238 pacote 170 rearmazenado em 004 na secao 001
0002238 pacote 358 rearmazenado em 004 na secao 001
0002238 pacote 359 rearmazenado em 004 na secao 001
0002238 pacote 363 rearmazenado em 004 na secao 001
0002238 pacote 396 rearmazenado em 004 na secao 001
0002238 pacote 176 rearmazenado em 004 na secao 001
0002238 pacote 398 rearmazenado em 004 na secao 001
0002238 pacote 187 rearmazenado em 004 na secao 001
0002238 pacote 193 rearmazenado em 004 na secao 001
0002238 pacote 091 rearmazenado em 004 na secao 001
0002238 pacote 094 rearmazenado em 004 na secao 001
0002238 pacote 217 rearmazenado em 004 na secao 001
0002238 pacote 220 rearmazenado em 004 na secao 001
0002224 pacote 112 entregue em 003
0002224 pacote 234 entregue em 003
0002232 pacote 183 entregue em 002
0002232 pacote 376 entregue em 002
0002252 pacote 221 armazenado em 000 na secao 004
0002252 pacote 227 armazenado em 000 na secao 004
0002256 pacote 059 armazenado em 000 na secao 002
0002256 pacote 244 armazenado em 000 na secao 002
0002258 pacote 258 entregue em 001
0002258 pacote 262 entregue em 001
0002261 pacote 099 armazenado em 004 na secao 001
0002261 pacote 233 armazenado em 004 na secao 001
0002262 pacote 212 armazenado em 001 na secao 004
0002262 pacote 216 entregue em 001
0002267 pacote 098 armazenado em 004 na secao 000
0002267 pacote 226 entregue em 004
0002303 pacote 244 removido de 000 na secao 002
0002304 pacote 059 removido de 000 na secao 002
0002305 pacote 224 removido de 000 na secao 002
0002306 pacote 078 removido de 000 na secao 002
0002307 pacote 064 removido de 000 na secao 002
0002308 pacote 214 removido de 000 na secao 002
0002309 pacote 208 removido de 000 na secao 002
0002310 pacote 203 removido de 000 na secao 002
0002311 pacote 053 removido de 000 na secao 002
0002312 pacote 186 removido de 000 na secao 002
0002312 pacote 186 em transito de 000 para 002
0002312 pacote 053 em transito de 000 para 002
0002312 pacote 203 rearmazenado em 000 na secao 002
0002312 pacote 208 rearmazenado em 000 na secao 002
0002312 pacote 214 rearmazenado em 000 na secao 002
0002312 pacote 064 rearmazenado em 000 na secao 002
0002312 pacote 078 rearmazenado em 000 na secao 002
0002312 pacote 224 rearmazenado em 000 na secao 002
0002312 pacote 059 rearmazenado em 000 na secao 002
0002312 pacote 244 rearmazenado em 000 na secao 002
0002303 pacote 227 removido de 000 na secao 004
0002304 pacote 221 removido de 000 na secao 004
0002305 pacote 207 removido de 000 na secao 004
0002306 pacote 205 removido de 000 na secao 004
0002307 pacote 198 removido de 000 na secao 004
0002308 pacote 196 removido de 000 na secao 004
0002309 pacote 184 removido de 000 na secao 004
0002310 pacote 179 removido de 000 na secao 004
0002311 pacote 177 removido de 000 na secao 004
0002312 pacote 174 removido de 000 na secao 004
0002313 pacote 172 removido de 000 na secao 004
0002314 pacote 397 removido de 000 na secao 004
0002315 pacote 391 removido de 000 na secao 004
0002316 pacote 390 removido de 000 na secao 004
0002317 pacote 381 removido de 000 na secao 004
0002318 pacote 380 removido de 000 na secao 004
0002319 pacote 149 removido de 000 na secao 004
0002320 pacote 148 removido de 000 na secao 004
0002321 pacote 365 removido de 000 na secao 004
0002322 pacote 351 removido de 000 na secao 004
0002323 pacote 349 removido de 000 na secao 004
0002324 pacote 143 removido de 000 na secao 004
0002325 pacote 142 removido de 000 na secao 004
0002326 pacote 334 removido de 000 na secao 004
0002327 pacote 331 removido de 000 na secao 004
0002328 pacote 313 removido de 000 na secao 004
0002329 pacote 136 removido de 000 na secao 004
0002330 pacote 304 removido de 000 na secao 004
0002331 pacote 298 removido de 000 na secao 004
0002332 pacote 120 removido de 000 na secao 004
0002333 pacote 280 removido de 000 na secao 004
0002334 pacote 278 removido de 000 na secao 004
0002335 pacote 275 removido de 000 na secao 004
0002336 pacote 268 removido de 000 na secao 004
0002337 pacote 116 removido de 000 na secao 004
0002338 pacote 113 removido de 000 na secao 004
0002339 pacote 263 removido de 000 na secao 004
0002340 pacote 111 removido de 000 na secao 004
0002341 pacote 239 removido de 000 na secao 004
0002341 pacote 239 em transito de 000 para 004
0002341 pacote 111 em transito de 000 para 004
0002341 pacote 263 rearmazenado em 000 na secao 004
0002341 pacote 113 rearmazenado em 000 na secao 004
0002341 pacote 116 rearmazenado em 000 na secao 004
0002341 pacote 268 rearmazenado em 000 na secao 004
0002341 pacote 275 rearmazenado em 000 na secao 004
0002341 pacote 278 rearmazenado em 000 na secao 004
0002341 pacote 280 rearmazenado em 000 na secao 004
0002341 pacote 120 rearmazenado em 000 na secao 004
0002341 pacote 298 rearmazenado em 000 na secao 004
0002341 pacote 304 rearmazenado em 000 na secao 004
0002341 pacote 136 rearmazenado em 000 na secao 004
0002341 pacote 313 rearmazenado em 000 na secao 004
0002341 pacote 331 rearmazenado em 000 na secao 004
0002341 pacote 334 rearmazenado em 000 na secao 004
0002341 pacote 142 rearmazenado em 000 na secao 004
0002341 pacote 143 rearmazenado em 000 na secao 004
0002341 pacote 349 rearmazenado em 000 na secao 004
0002341 pacote 351 rearmazenado em 000 na secao 004
0002341 pacote 365 rearmazenado em 000 na secao 004
0002341 pacote 148 rearmazenado em 000 na secao 004
0002341 pacote 149 rearmazenado em 000 na secao 004
0002341 pacote 380 rearmazenado em 000 na secao 004
0002341 pacote 381 rearmazenado em 000 na secao 004
0002341 pacote 390 rearmazenado em 000 na secao 004
0002341 pacote 391 rearmazenado em 000 na secao 004
0002341 pacote 397 rearmazenado em 000 na secao 004
0002341 pacote 172 rearmazenado em 000 na secao 004
0002341 pacote 174 rearmazenado em 000 na secao 004
0002341 pacote 177 rearmazenado em 000 na secao 004
0002341 pacote 179 rearmazenado em 000 na secao 004
0002341 pacote 184 rearmazenado em 000 na secao 004
0002341 pacote 196 rearmazenado em 000 na secao 004
0002341 pacote 198 rearmazenado em 000 na secao 004
0002341 pacote 205 rearmazenado em 000 na secao 004
0002341 pacote 207 rearmazenado em 000 na secao 004
0002341 pacote 221 rearmazenado em 000 na secao 004
0002341 pacote 227 rearmazenado em 000 na secao 004
0002303 pacote 212 removido de 001 na secao 004
0002304 pacote 199 removido de 001 na secao 004
0002305 pacote 195 removido de 001 na secao 004
0002306 pacote 192 removido de 001 na secao 004
0002307 pacote 188 removido de 001 na secao 004
0002308 pacote 182 removido de 001 na secao 004
0002309 pacote 181 removido de 001 na secao 004
0002310 pacote 164 removido de 001 na secao 004
0002311 pacote 393 removido de 001 na secao 004
0002312 pacote 389 removido de 001 na secao 004
0002313 pacote 387 removido de 001 na secao 004
0002314 pacote 386 removido de 001 na secao 004
0002315 pacote 379 removido de 001 na secao 004
0002316 pacote 159 removido de 001 na secao 004
0002317 pacote 152 removido de 001 na secao 004
0002318 pacote 364 removido de 001 na secao 004
0002319 pacote 144 removido de 001 na secao 004
0002320 pacote 129 removido de 001 na secao 004
0002321 pacote 344 removido de 001 na secao 004
0002322 pacote 340 removido de 001 na secao 004
0002323 pacote 126 removido de 001 na secao 004
0002324 pacote 332 removido de 001 na secao 004
0002325 pacote 326 removido de 001 na secao 004
0002326 pacote 317 removido de 001 na secao 004
0002327 pacote 316 removido de 001 na secao 004
0002328 pacote 314 removido de 001 na secao 004
0002329 pacote 123 removido de 001 na secao 004
0002330 pacote 121 removido de 001 na secao 004
0002331 pacote 309 removido de 001 na secao 004
0002332 pacote 306 removido de 001 na secao 004
0002333 pacote 294 removido de 001 na secao 004
0002334 pacote 293 removido de 001 na secao 004
0002335 pacote 287 removido de 001 na secao 004
0002336 pacote 117 removido de 001 na secao 004
0002337 pacote 277 removido de 001 na secao 004
0002338 pacote 273 removido de 001 na secao 004
0002339 pacote 270 removido de 001 na secao 004
0002340 pacote 269 removido de 001 na secao 004
0002341 pacote 115 removido de 001 na secao 004
0002342 pacote 260 removido de 001 na secao 004
0002343 pacote 243 removido de 001 na secao 004
0002344 pacote 105 removido de 001 na secao 004
0002345 pacote 237 removido de 001 na secao 004
0002346 pacote 236 removido de 001 na secao 004
0002346 pacote 236 em transito de 001 para 004
0002346 pacote 237 em transito de 001 para 004
0002346 pacote 105 rearmazenado em 001 na secao 004
0002346 pacote 243 rearmazenado em 001 na secao 004
0002346 pacote 260 rearmazenado em 001 na secao 004
0002346 pacote 115 rearmazenado em 001 na secao 004
0002346 pacote 269 rearmazenado em 001 na secao 004
0002346 pacote 270 rearmazenado em 001 na secao 004
0002346 pacote 273 rearmazenado em 001 na secao 004
0002346 pacote 277 rearmazenado em 001 na secao 004
0002346 pacote 117 rearmazenado em 001 na secao 004
0002346 pacote 287 rearmazenado em 001 na secao 004
0002346 pacote 293 rearmazenado em 001 na secao 004
0002346 pacote 294 rearmazenado em 001 na secao 004
0002346 pacote 306 rearmazenado em 001 na secao 004
0002346 pacote 309 rearmazenado em 001 na secao 004
0002346 pacote 121 rearmazenado em 001 na secao 004
0002346 pacote 123 rearmazenado em 001 na secao 004
0002346 pacote 314 rearmazenado em 001 na secao 004
0002346 pacote 316 rearmazenado em 001 na secao 004
0002346 pacote 317 rearmazenado em 001 na secao 004
0002346 pacote 326 rearmazenado em 001 na secao 004
0002346 pacote 332 rearmazenado em 001 na secao 004
0002346 pacote 126 rearmazenado em 001 na secao 004
0002346 pacote 340 rearmazenado em 001 na secao 004
0002346 pacote 344 rearmazenado em 001 na secao 004
0002346 pacote 129 rearmazenado em 001 na secao 004
0002346 pacote 144 rearmazenado em 001 na secao 004
0002346 pacote 364 rearmazenado em 001 na secao 004
0002346 pacote 152 rearmazenado em 001 na secao 004
0002346 pacote 159 rearmazenado em 001 na secao 004
0002346 pacote 379 rearmazenado em 001 na secao 004
0002346 pacote 386 rearmazenado em 001 na secao 004
0002346 pacote 387 rearmazenado em 001 na secao 004
0002346 pacote 389 rearmazenado em 001 na secao 004
0002346 pacote 393 rearmazenado em 001 na secao 004
0002346 pacote 164 rearmazenado em 001 na secao 004
0002346 pacote 181 rearmazenado em 001 na secao 004
0002346 pacote 182 rearmazenado em 001 na secao 004
0002346 pacote 188 rearmazenado em 001 na secao 004
0002346 pacote 192 rearmazenado em 001 na secao 004
0002346 pacote 195 rearmazenado em 001 na secao 004
0002346 pacote 199 rearmazenado em 001 na secao 004
0002346 pacote 212 rearmazenado em 001 na secao 004
0002303 pacote 394 removido de 002 na secao 000
0002304 pacote 384 removido de 002 na secao 000
0002305 pacote 377 removido de 002 na secao 000
0002306 pacote 366 removido de 002 na secao 000
0002307 pacote 357 removido de 002 na secao 000
0002308 pacote 356 removido de 002 na secao 000
0002309 pacote 355 removido de 002 na secao 000
0002310 pacote 352 removido de 002 na secao 000
0002311 pacote 347 removido de 002 na secao 000
0002312 pacote 325 removido de 002 na secao 000
0002313 pacote 320 removido de 002 na secao 000
0002314 pacote 315 removido de 002 na secao 000
0002315 pacote 311 removido de 002 na secao 000
0002316 pacote 308 removido de 002 na secao 000
0002317 pacote 300 removido de 002 na secao 000
0002318 pacote 299 removido de 002 na secao 000
0002319 pacote 297 removido de 002 na secao 000
0002320 pacote 292 removido de 002 na secao 000
0002321 pacote 288 removido de 002 na secao 000
0002322 pacote 266 removido de 002 na secao 000
0002323 pacote 264 removido de 002 na secao 000
0002324 pacote 261 removido de 002 na secao 000
0002325 pacote 257 removido de 002 na secao 000
0002326 pacote 250 removido de 002 na secao 000
0002327 pacote 246 removido de 002 na secao 000
0002328 pacote 238 removido de 002 na secao 000
0002329 pacote 230 removido de 002 na secao 000
0002330 pacote 228 removido de 002 na secao 000
0002330 pacote 228 em transito de 002 para 000
0002330 pacote 230 em transito de 002 para 000
0002330 pacote 238 rearmazenado em 002 na secao 000
0002330 pacote 246 rearmazenado em 002 na secao 000
0002330 pacote 250 rearmazenado em 002 na secao 000
0002330 pacote 257 rearmazenado em 002 na secao 000
0002330 pacote 261 rearmazenado em 002 na secao 000
0002330 pacote 264 rearmazenado em 002 na secao 000
0002330 pacote 266 rearmazenado em 002 na secao 000
0002330 pacote 288 rearmazenado em 002 na secao 000
0002330 pacote 292 rearmazenado em 002 na secao 000
0002330 pacote 297 rearmazenado em 002 na secao 000
0002330 pacote 299 rearmazenado em 002 na secao 000
0002330 pacote 300 rearmazenado em 002 na secao 000
0002330 pacote 308 rearmazenado em 002 na secao 000
0002330 pacote 311 rearmazenado em 002 na secao 000
0002330 pacote 315 rearmazenado em 002 na secao 000
0002330 pacote 320 rearmazenado em 002 na secao 000
0002330 pacote 325 rearmazenado em 002 na secao 000
0002330 pacote 347 rearmazenado em 002 na secao 000
0002330 pacote 352 rearmazenado em 002 na secao 000
0002330 pacote 355 rearmazenado em 002 na secao 000
0002330 pacote 356 rearmazenado em 002 na secao 000
0002330 pacote 357 rearmazenado em 002 na secao 000
0002330 pacote 366 rearmazenado em 002 na secao 000
0002330 pacote 377 rearmazenado em 002 na secao 000
0002330 pacote 384 rearmazenado em 002 na secao 000
0002330 pacote 394 rearmazenado em 002 na secao 000
0002303 pacote 392 removido de 003 na secao 001
0002304 pacote 388 removido de 003 na secao 001
0002305 pacote 385 removido de 003 na secao 001
0002306 pacote 382 removido de 003 na secao 001
0002307 pacote 374 removido de 003 na secao 001
0002308 pacote 371 removido de 003 na secao 001
0002309 pacote 369 removido de 003 na secao 001
0002310 pacote 353 removido de 003 na secao 001
0002311 pacote 350 removido de 003 na secao 001
0002312 pacote 348 removido de 003 na secao 001
0002313 pacote 342 removido de 003 na secao 001
0002314 pacote 337 removido de 003 na secao 001
0002315 pacote 330 removido de 003 na secao 001
0002316 pacote 324 removido de 003 na secao 001
0002317 pacote 322 removido de 003 na secao 001
0002318 pacote 305 removido de 003 na secao 001
0002319 pacote 302 removido de 003 na secao 001
0002320 pacote 291 removido de 003 na secao 001
0002321 pacote 290 removido de 003 na secao 001
0002322 pacote 289 removido de 003 na secao 001
0002323 pacote 284 removido de 003 na secao 001
0002324 pacote 279 removido de 003 na secao 001
0002325 pacote 276 removido de 003 na secao 001
0002326 pacote 274 removido de 003 na secao 001
0002327 pacote 271 removido de 003 na secao 001
0002328 pacote 259 removido de 003 na secao 001
0002329 pacote 256 removido de 003 na secao 001
0002330 pacote 255 removido de 003 na secao 001
0002331 pacote 254 removido de 003 na secao 001
0002332 pacote 253 removido de 003 na secao 001
0002333 pacote 252 removido de 003 na secao 001
0002334 pacote 242 removido de 003 na secao 001
0002335 pacote 241 removido de 003 na secao 001
0002336 pacote 235 removido de 003 na secao 001
0002337 pacote 231 removido de 003 na secao 001
0002338 pacote 229 removido de 003 na secao 001
0002339 pacote 223 removido de 003 na secao 001
0002340 pacote 219 removido de 003 na secao 001
0002340 pacote 219 em transito de 003 para 001
0002340 pacote 223 em transito de 003 para 001
0002340 pacote 229 rearmazenado em 003 na secao 001
0002340 pacote 231 rearmazenado em 003 na secao 001
0002340 pacote 235 rearmazenado em 003 na secao 001
0002340 pacote 241 rearmazenado em 003 na secao 001
0002340 pacote 242 rearmazenado em 003 na secao 001
0002340 pacote 252 rearmazenado em 003 na secao 001
0002340 pacote 253 rearmazenado em 003 na secao 001
0002340 pacote 254 rearmazenado em 003 na secao 001
0002340 pacote 255 rearmazenado em 003 na secao 001
0002340 pacote 256 rearmazenado em 003 na secao 001
0002340 pacote 259 rearmazenado em 003 na secao 001
0002340 pacote 271 rearmazenado em 003 na secao 001
0002340 pacote 274 rearmazenado em 003 na secao 001
0002340 pacote 276 rearmazenado em 003 na secao 001
0002340 pacote 279 rearmazenado em 003 na secao 001
0002340 pacote 284 rearmazenado em 003 na secao 001
0002340 pacote 289 rearmazenado em 003 na secao 001
0002340 pacote 290 rearmazenado em 003 na secao 001
0002340 pacote 291 rearmazenado em 003 na secao 001
0002340 pacote 302 rearmazenado em 003 na secao 001
0002340 pacote 305 rearmazenado em 003 na secao 001
0002340 pacote 322 rearmazenado em 003 na secao 001
0002340 pacote 324 rearmazenado em 003 na secao 001
0002340 pacote 330 rearmazenado em 003 na secao 001
0002340 pacote 337 rearmazenado em 003 na secao 001
0002340 pacote 342 rearmazenado em 003 na secao 001
0002340 pacote 348 rearmazenado em 003 na secao 001
0002340 pacote 350 rearmazenado em 003 na secao 001
0002340 pacote 353 rearmazenado em 003 na secao 001
0002340 pacote 369 rearmazenado em 003 na secao 001
0002340 pacote 371 rearmazenado em 003 na secao 001
0002340 pacote 374 rearmazenado em 003 na secao 001
0002340 pacote 382 rearmazenado em 003 na secao 001
0002340 pacote 385 rearmazenado em 003 na secao 001
0002340 pacote 388 rearmazenado em 003 na secao 001
0002340 pacote 392 rearmazenado em 003 na secao 001
0002303 pacote 098 removido de 004 na secao 000
0002304 pacote 095 removido de 004 na secao 000
0002305 pacote 218 removido de 004 na secao 000
0002306 pacote 211 removido de 004 na secao 000
0002307 pacote 204 removido de 004 na secao 000
0002308 pacote 082 removido de 004 na secao 000
0002309 pacote 194 removido de 004 na secao 000
0002310 pacote 080 removido de 004 na secao 000
0002311 pacote 395 removido de 004 na secao 000
0002312 pacote 141 removido de 004 na secao 000
0002313 pacote 073 removido de 004 na secao 000
0002314 pacote 373 removido de 004 na secao 000
0002315 pacote 372 removido de 004 na secao 000
0002316 pacote 370 removido de 004 na secao 000
0002317 pacote 367 removido de 004 na secao 000
0002318 pacote 361 removido de 004 na secao 000
0002319 pacote 360 removido de 004 na secao 000
0002320 pacote 346 removido de 004 na secao 000
0002321 pacote 135 removido de 004 na secao 000
0002322 pacote 335 removido de 004 na secao 000
0002323 pacote 328 removido de 004 na secao 000
0002324 pacote 323 removido de 004 na secao 000
0002325 pacote 128 removido de 004 na secao 000
0002326 pacote 124 removido de 004 na secao 000
0002327 pacote 303 removido de 004 na secao 000
0002328 pacote 286 removido de 004 na secao 000
0002329 pacote 062 removido de 004 na secao 000
0002330 pacote 267 removido de 004 na secao 000
0002331 pacote 109 removido de 004 na secao 000
0002332 pacote 096 removido de 004 na secao 000
0002333 pacote 249 removido de 004 na secao 000
0002334 pacote 247 removido de 004 na secao 000
0002335 pacote 245 removido de 004 na secao 000
0002335 pacote 245 em transito de 004 para 000
0002335 pacote 247 em transito de 004 para 000
0002335 pacote 249 rearmazenado em 004 na secao 000
0002335 pacote 096 rearmazenado em 004 na secao 000
0002335 pacote 109 rearmazenado em 004 na secao 000
0002335 pacote 267 rearmazenado em 004 na secao 000
0002335 pacote 062 rearmazenado em 004 na secao 000
0002335 pacote 286 rearmazenado em 004 na secao 000
0002335 pacote 303 rearmazenado em 004 na secao 000
0002335 pacote 124 rearmazenado em 004 na secao 000
0002335 pacote 128 rearmazenado em 004 na secao 000
0002335 pacote 323 rearmazenado em 004 na secao 000
0002335 pacote 328 rearmazenado em 004 na secao 000
0002335 pacote 335 rearmazenado em 004 na secao 000
0002335 pacote 135 rearmazenado em 004 na secao 000
0002335 pacote 346 rearmazenado em 004 na secao 000
0002335 pacote 360 rearmazenado em 004 na secao 000
0002335 pacote 361 rearmazenado em 004 na secao 000
0002335 pacote 367 rearmazenado em 004 na secao 000
0002335 pacote 370 rearmazenado em 004 na secao 000
0002335 pacote 372 rearmazenado em 004 na secao 000
0002335 pacote 373 rearmazenado em 004 na secao 000
0002335 pacote 073 rearmazenado em 004 na secao 000
0002335 pacote 141 rearmazenado em 004 na secao 000
0002335 pacote 395 rearmazenado em 004 na secao 000
0002335 pacote 080 rearmazenado em 004 na secao 000
0002335 pacote 194 rearmazenado em 004 na secao 000
0002335 pacote 082 rearmazenado em 004 na secao 000
0002335 pacote 204 rearmazenado em 004 na secao 000
0002335 pacote 211 rearmazenado em 004 na secao 000
0002335 pacote 218 rearmazenado em 004 na secao 000
0002335 pacote 095 rearmazenado em 004 na secao 000
0002335 pacote 098 rearmazenado em 004 na secao 000
0002303 pacote 233 removido de 004 na secao 001
0002304 pacote 099 removido de 004 na secao 001
0002305 pacote 220 removido de 004 na secao 001
0002306 pacote 217 removido de 004 na secao 001
0002307 pacote 094 removido de 004 na secao 001
0002308 pacote 091 removido de 004 na secao 001
0002309 pacote 193 removido de 004 na secao 001
0002310 pacote 187 removido de 004 na secao 001
0002311 pacote 398 removido de 004 na secao 001
0002312 pacote 176 removido de 004 na secao 001
0002313 pacote 396 removido de 004 na secao 001
0002314 pacote 363 removido de 004 na secao 001
0002315 pacote 359 removido de 004 na secao 001
0002316 pacote 358 removido de 004 na secao 001
0002317 pacote 170 removido de 004 na secao 001
0002318 pacote 169 removido de 004 na secao 001
0002319 pacote 345 removido de 004 na secao 001
0002320 pacote 343 removido de 004 na secao 001
0002321 pacote 338 removido de 004 na secao 001
0002322 pacote 165 removido de 004 na secao 001
0002323 pacote 161 removido de 004 na secao 001
0002324 pacote 336 removido de 004 na secao 001
0002325 pacote 333 removido de 004 na secao 001
0002326 pacote 327 removido de 004 na secao 001
0002327 pacote 321 removido de 004 na secao 001
0002328 pacote 319 removido de 004 na secao 001
0002329 pacote 318 removido de 004 na secao 001
0002330 pacote 156 removido de 004 na secao 001
0002331 pacote 153 removido de 004 na secao 001
0002332 pacote 296 removido de 004 na secao 001
0002333 pacote 295 removido de 004 na secao 001
0002334 pacote 081 removido de 004 na secao 001
0002335 pacote 283 removido de 004 na secao 001
0002336 pacote 281 removido de 004 na secao 001
0002337 pacote 140 removido de 004 na secao 001
0002338 pacote 048 removido de 004 na secao 001
0002338 pacote 048 em transito de 004 para 001
0002338 pacote 140 em transito de 004 para 001
0002338 pacote 281 rearmazenado em 004 na secao 001
0002338 pacote 283 rearmazenado em 004 na secao 001
0002338 pacote 081 rearmazenado em 004 na secao 001
0002338 pacote 295 rearmazenado em 004 na secao 001
0002338 pacote 296 rearmazenado em 004 na secao 001
0002338 pacote 153 rearmazenado em 004 na secao 001
0002338 pacote 156 rearmazenado em 004 na secao 001
0002338 pacote 318 rearmazenado em 004 na secao 001
0002338 pacote 319 rearmazenado em 004 na secao 001
0002338 pacote 321 rearmazenado em 004 na secao 001
0002338 pacote 327 rearmazenado em 004 na secao 001
0002338 pacote 333 rearmazenado em 004 na secao 001
0002338 pacote 336 rearmazenado em 004 na secao 001
0002338 pacote 161 rearmazenado em 004 na secao 001
0002338 pacote 165 rearmazenado em 004 na secao 001
0002338 pacote 338 rearmazenado em 004 na secao 001
0002338 pacote 343 rearmazenado em 004 na secao 001
0002338 pacote 345 rearmazenado em 004 na secao 001
0002338 pacote 169 rearmazenado em 004 na secao 001
0002338 pacote 170 rearmazenado em 004 na secao 001
0002338 pacote 358 rearmazenado em 004 na secao 001
0002338 pacote 359 rearmazenado em 004 na secao 001
0002338 pacote 363 rearmazenado em 004 na secao 001
0002338 pacote 396 rearmazenado em 004 na secao 001
0002338 pacote 176 rearmazenado em 004 na secao 001
0002338 pacote 398 rearmazenado em 004 na secao 001
0002338 pacote 187 rearmazenado em 004 na secao 001
0002338 pacote 193 rearmazenado em 004 na secao 001
0002338 pacote 091 rearmazenado em 004 na secao 001
0002338 pacote 094 rearmazenado em 004 na secao 001
0002338 pacote 217 rearmazenado em 004 na secao 001
0002338 pacote 220 rearmazenado em 004 na secao 001
0002338 pacote 099 rearmazenado em 004 na secao 001
0002338 pacote 233 rearmazenado em 004 na secao 001
0002332 pacote 053 entregue em 002
0002332 pacote 186 entregue em 002
0002350 pacote 228 armazenado em 000 na secao 004
0002350 pacote 230 armazenado em 000 na secao 004
0002355 pacote 245 entregue em 000
0002355 pacote 247 armazenado em 000 na secao 002
0002358 pacote 048 entregue em 001
0002358 pacote 140 entregue em 001
0002360 pacote 219 entregue em 001
0002360 pacote 223 armazenado em 001 na secao 004
0002361 pacote 111 armazenado em 004 na secao 001
0002361 pacote 239 armazenado em 004 na secao 001
0002366 pacote 236 entregue em 004
0002366 pacote 237 armazenado em 004 na secao 000
0002403 pacote 247 removido de 000 na secao 002
0002404 pacote 244 removido de 000 na secao 002
0002405 pacote 059 removido de 000 na secao 002
0002406 pacote 224 removido de 000 na secao 002
0002407 pacote 078 removido de 000 na secao 002
0002408 pacote 064 removido de 000 na secao 002
0002409 pacote 214 removido de 000 na secao 002
0002410 pacote 208 removido de 000 na secao 002
0002411 pacote 203 removido de 000 na secao 002
0002411 pacote 203 em transito de 000 para 002
0002411 pacote 208 em transito de 000 para 002
0002411 pacote 214 rearmazenado em 000 na secao 002
0002411 pacote 064 rearmazenado em 000 na secao 002
0002411 pacote 078 rearmazenado em 000 na secao 002
0002411 pacote 224 rearmazenado em 000 na secao 002
0002411 pacote 059 rearmazenado em 000 na secao 002
0002411 pacote 244 rearmazenado em 000 na secao 002
0002411 pacote 247 rearmazenado em 000 na secao 002
0002403 pacote 230 removido de 000 na secao 004
0002404 pacote 228 removido de 000 na secao 004
0002405 pacote 227 removido de 000 na secao 004
0002406 pacote 221 removido de 000 na secao 004
0002407 pacote 207 removido de 000 na secao 004
0002408 pacote 205 removido de 000 na secao 004
0002409 pacote 198 removido de 000 na secao 004
0002410 pacote 196 removido de 000 na secao 004
0002411 pacote 184 removido de 000 na secao 004
0002412 pacote 179 removido de 000 na secao 004
0002413 pacote 177 removido de 000 na secao 004
0002414 pacote 174 removido de 000 na secao 004
0002415 pacote 172 removido de 000 na secao 004
0002416 pacote 397 removido de 000 na secao 004
0002417 pacote 391 removido de 000 na secao 004
0002418 pacote 390 removido de 000 na secao 004
0002419 pacote 381 removido de 000 na secao 004
0002420 pacote 380 removido de 000 na secao 004
0002421 pacote 149 removido de 000 na secao 004
0002422 pacote 148 removido de 000 na secao 004
0002423 pacote 365 removido de 000 na secao 004
0002424 pacote 351 removido de 000 na secao 004
0002425 pacote 349 removido de 000 na secao 004
0002426 pacote 143 removido de 000 na secao 004
0002427 pacote 142 removido de 000 na secao 004
0002428 pacote 334 removido de 000 na secao 004
0002429 pacote 331 removido de 000 na secao 004
0002430 pacote 313 removido de 000 na secao 004
0002431 pacote 136 removido de 000 na secao 004
0002432 pacote 304 removido de 000 na secao 004
0002433 pacote 298 removido de 000 na secao 004
0002434 pacote 120 removido de 000 na secao 004
0002435 pacote 280 removido de 000 na secao 004
0002436 pacote 278 removido de 000 na secao 004
0002437 pacote 275 removido de 000 na secao 004
0002438 pacote 268 removido de 000 na secao 004
0002439 pacote 116 removido de 000 na secao 004
0002440 pacote 113 removido de 000 na secao 004
0002441 pacote 263 removido de 000 na secao 004
0002441 pacote 263 em transito de 000 para 004
0002441 pacote 113 em transito de 000 para 004
0002441 pacote 116 rearmazenado em 000 na secao 004
0002441 pacote 268 rearmazenado em 000 na secao 004
0002441 pacote 275 rearmazenado em 000 na secao 004
0002441 pacote 278 rearmazenado em 000 na secao 004
0002441 pacote 280 rearmazenado em 000 na secao 004
0002441 pacote 120 rearmazenado em 000 na secao 004
0002441 pacote 298 rearmazenado em 000 na secao 004
0002441 pacote 304 rearmazenado em 000 na secao 004
0002441 pacote 136 rearmazenado em 000 na secao 004
0002441 pacote 313 rearmazenado em 000 na secao 004
0002441 pacote 331 rearmazenado em 000 na secao 004
0002441 pacote 334 rearmazenado em 000 na secao 004
0002441 pacote 142 rearmazenado em 000 na secao 004
0002441 pacote 143 rearmazenado em 000 na secao 004
0002441 pacote 349 rearmazenado em 000 na secao 004
0002441 pacote 351 rearmazenado em 000 na secao 004
0002441 pacote 365 rearmazenado em 000 na secao 004
0002441 pacote 148 rearmazenado em 000 na secao 004
0002441 pacote 149 rearmazenado em 000 na secao 004
0002441 pacote 380 rearmazenado em 000 na secao 004
0002441 pacote 381 rearmazenado em 000 na secao 004
0002441 pacote 390 rearmazenado em 000 na secao 004
0002441 pacote 391 rearmazenado em 000 na secao 004
0002441 pacote 397 rearmazenado em 000 na secao 004
0002441 pacote 172 rearmazenado em 000 na secao 004
0002441 pacote 174 rearmazenado em 000 na secao 004
0002441 pacote 177 rearmazenado em 000 na secao 004
0002441 pacote 179 rearmazenado em 000 na secao 004
0002441 pacote 184 rearmazenado em 000 na secao 004
0002441 pacote 196 rearmazenado em 000 na secao 004
0002441 pacote 198 rearmazenado em 000 na secao 004
0002441 pacote 205 rearmazenado em 000 na secao 004
0002441 pacote 207 rearmazenado em 000 na secao 004
0002441 pacote 221 rearmazenado em 000 na secao 004
0002441 pacote 227 rearmazenado em 000 na secao 004
0002441 pacote 228 rearmazenado em 000 na secao 004
0002441 pacote 230 rearmazenado em 000 na secao 004
0002403 pacote 223 removido de 001 na secao 004
0002404 pacote 212 removido de 001 na secao 004
0002405 pacote 199 removido de 001 na secao 004
0002406 pacote 195 removido de 001 na secao 004
0002407 pacote 192 removido de 001 na secao 004
0002408 pacote 188 removido de 001 na secao 004
0002409 pacote 182 removido de 001 na secao 004
0002410 pacote 181 removido de 001 na secao 004
0002411 pacote 164 removido de 001 na secao 004
0002412 pacote 393 removido de 001 na secao 004
0002413 pacote 389 removido de 001 na secao 004
0002414 pacote 387 removido de 001 na secao 004
0002415 pacote 386 removido de 001 na secao 004
0002416 pacote 379 removido de 001 na secao 004
0002417 pacote 159 removido de 001 na secao 004
0002418 pacote 152 removido de 001 na secao 004
0002419 pacote 364 removido de 001 na secao 004
0002420 pacote 144 removido de 001 na secao 004
0002421 pacote 129 removido de 001 na secao 004
0002422 pacote 344 removido de 001 na secao 004
0002423 pacote 340 removido de 001 na secao 004
0002424 pacote 126 removido de 001 na secao 004
0002425 pacote 332 removido de 001 na secao 004
0002426 pacote 326 removido de 001 na secao 004
0002427 pacote 317 removido de 001 na secao 004
0002428 pacote 316 removido de 001 na secao 004
0002429 pacote 314 removido de 001 na secao 004
0002430 pacote 123 removido de 001 na secao 004
0002431 pacote 121 removido de 001 na secao 004
0002432 pacote 309 removido de 001 na secao 004
0002433 pacote 306 removido de 001 na secao 004
0002434 pacote 294 removido de 001 na secao 004
0002435 pacote 293 removido de 001 na secao 004
0002436 pacote 287 removido de 001 na secao 004
0002437 pacote 117 removido de 001 na secao 004
0002438 pacote 277 removido de 001 na secao 004
0002439 pacote 273 removido de 001 na secao 004
0002440 pacote 270 removido de 001 na secao 004
0002441 pacote 269 removido de 001 na secao 004
0002442 pacote 115 removido de 001 na secao 004
0002443 pacote 260 removido de 001 na secao 004
0002444 pacote 243 removido de 001 na secao 004
0002445 pacote 105 removido de 001 na secao 004
0002445 pacote 105 em transito de 001 para 004
0002445 pacote 243 em transito de 001 para 004
0002445 pacote 260 rearmazenado em 001 na secao 004
0002445 pacote 115 rearmazenado em 001 na secao 004
0002445 pacote 269 rearmazenado em 001 na secao 004
0002445 pacote 270 rearmazenado em 001 na secao 004
0002445 pacote 273 rearmazenado em 001 na secao 004
0002445 pacote 277 rearmazenado em 001 na secao 004
0002445 pacote 117 rearmazenado em 001 na secao 004
0002445 pacote 287 rearmazenado em 001 na secao 004
0002445 pacote 293 rearmazenado em 001 na secao 004
0002445 pacote 294 rearmazenado em 001 na secao 004
0002445 pacote 306 rearmazenado em 001 na secao 004
0002445 pacote 309 rearmazenado em 001 na secao 004
0002445 pacote 121 rearmazenado em 001 na secao 004
0002445 pacote 123 rearmazenado em 001 na secao 004
0002445 pacote 314 rearmazenado em 001 na secao 004
0002445 pacote 316 rearmazenado em 001 na secao 004
0002445 pacote 317 rearmazenado em 001 na secao 004
0002445 pacote 326 rearmazenado em 001 na secao 004
0002445 pacote 332 rearmazenado em 001 na secao 004
0002445 pacote 126 rearmazenado em 001 na secao 004
0002445 pacote 340 rearmazenado em 001 na secao 004
0002445 pacote 344 rearmazenado em 001 na secao 004
0002445 pacote 129 rearmazenado em 001 na secao 004
0002445 pacote 144 rearmazenado em 001 na secao 004
0002445 pacote 364 rearmazenado em 001 na secao 004
0002445 pacote 152 rearmazenado em 001 na secao 004
0002445 pacote 159 rearmazenado em 001 na secao 004
0002445 pacote 379 rearmazenado em 001 na secao 004
0002445 pacote 386 rearmazenado em 001 na secao 004
0002445 pacote 387 rearmazenado em 001 na secao 004
0002445 pacote 389 rearmazenado em 001 na secao 004
0002445 pacote 393 rearmazenado em 001 na secao 004
0002445 pacote 164 rearmazenado em 001 na secao 004
0002445 pacote 181 rearmazenado em 001 na secao 004
0002445 pacote 182 rearmazenado em 001 na secao 004
0002445 pacote 188 rearmazenado em 001 na secao 004
0002445 pacote 192 rearmazenado em 001 na secao 004
0002445 pacote 195 rearmazenado em 001 na secao 004
0002445 pacote 199 rearmazenado em 001 na secao 004
0002445 pacote 212 rearmazenado em 001 na secao 004
0002445 pacote 223 rearmazenado em 001 na secao 004
0002403 pacote 394 removido de 002 na secao 000
0002404 pacote 384 removido de 002 na secao 000
0002405 pacote 377 removido de 002 na secao 000
0002406 pacote 366 removido de 002 na secao 000
0002407 pacote 357 removido de 002 na secao 000
0002408 pacote 356 removido de 002 na secao 000
0002409 pacote 355 removido de 002 na secao 000
0002410 pacote 352 removido de 002 na secao 000
0002411 pacote 347 removido de 002 na secao 000
0002412 pacote 325 removido de 002 na secao 000
0002413 pacote 320 removido de 002 na secao 000
0002414 pacote 315 removido de 002 na secao 000
0002415 pacote 311 removido de 002 na secao 000
0002416 pacote 308 removido de 002 na secao 000
0002417 pacote 300 removido de 002 na secao 000
0002418 pacote 299 removido de 002 na secao 000
0002419 pacote 297 removido de 002 na secao 000
0002420 pacote 292 removido de 002 na secao 000
0002421 pacote 288 removido de 002 na secao 000
0002422 pacote 266 removido de 002 na secao 000
0002423 pacote 264 removido de 002 na secao 000
0002424 pacote 261 removido de 002 na secao 000
0002425 pacote 257 removido de 002 na secao 000
0002426 pacote 250 removido de 002 na secao 000
0002427 pacote 246 removido de 002 na secao 000
0002428 pacote 238 removido de 002 na secao 000
0002428 pacote 238 em transito de 002 para 000
0002428 pacote 246 em transito de 002 para 000
0002428 pacote 250 rearmazenado em 002 na secao 000
0002428 pacote 257 rearmazenado em 002 na secao 000
0002428 pacote 261 rearmazenado em 002 na secao 000
0002428 pacote 264 rearmazenado em 002 na secao 000
0002428 pacote 266 rearmazenado em 002 na secao 000
0002428 pacote 288 rearmazenado em 002 na secao 000
0002428 pacote 292 rearmazenado em 002 na secao 000
0002428 pacote 297 rearmazenado em 002 na secao 000
0002428 pacote 299 rearmazenado em 002 na secao 000
0002428 pacote 300 rearmazenado em 002 na secao 000
0002428 pacote 308 rearmazenado em 002 na secao 000
0002428 pacote 311 rearmazenado em 002 na secao 000
0002428 pacote 315 rearmazenado em 002 na secao 000
0002428 pacote 320 rearmazenado em 002 na secao 000
0002428 pacote 325 rearmazenado em 002 na secao 000
0002428 pacote 347 rearmazenado em 002 na secao 000
0002428 pacote 352 rearmazenado em 002 na secao 000
0002428 pacote 355 rearmazenado em 002 na secao 000
0002428 pacote 356 rearmazenado em 002 na secao 000
0002428 pacote 357 rearmazenado em 002 na secao 000
0002428 pacote 366 rearmazenado em 002 na secao 000
0002428 pacote 377 rearmazenado em 002 na secao 000
0002428 pacote 384 rearmazenado em 002 na secao 000
0002428 pacote 394 rearmazenado em 002 na secao 000
0002403 pacote 392 removido de 003 na secao 001
0002404 pacote 388 removido de 003 na secao 001
0002405 pacote 385 removido de 003 na secao 001
0002406 pacote 382 removido de 003 na secao 001
0002407 pacote 374 removido de 003 na secao 001
0002408 pacote 371 removido de 003 na secao 001
0002409 pacote 369 removido de 003 na secao 001
0002410 pacote 353 removido de 003 na secao 001
0002411 pacote 350 removido de 003 na secao 001
0002412 pacote 348 removido de 003 na secao 001
0002413 pacote 342 removido de 003 na secao 001
0002414 pacote 337 removido de 003 na secao 001
0002415 pacote 330 removido de 003 na secao 001
0002416 pacote 324 removido de 003 na secao 001
0002417 pacote 322 removido de 003 na secao 001
0002418 pacote 305 removido de 003 na secao 001
0002419 pacote 302 removido de 003 na secao 001
0002420 pacote 291 removido de 003 na secao 001
0002421 pacote 290 removido de 003 na secao 001
0002422 pacote 289 removido de 003 na secao 001
0002423 pacote 284 removido de 003 na secao 001
0002424 pacote 279 removido de 003 na secao 001
0002425 pacote 276 removido de 003 na secao 001
0002426 pacote 274 removido de 003 na secao 001
0002427 pacote 271 removido de 003 na secao 001
0002428 pacote 259 removido de 003 na secao 001
0002429 pacote 256 removido de 003 na secao 001
0002430 pacote 255 removido de 003 na secao 001
0002431 pacote 254 removido de 003 na secao 001
0002432 pacote 253 removido de 003 na secao 001
0002433 pacote 252 removido de 003 na secao 001
0002434 pacote 242 removido de 003 na secao 001
0002435 pacote 241 removido de 003 na secao 001
0002436 pacote 235 removido de 003 na secao 001
0002437 pacote 231 removido de 003 na secao 001
0002438 pacote 229 removido de 003 na secao 001
0002438 pacote 229 em transito de 003 para 001
0002438 pacote 231 em transito de 003 para 001
0002438 pacote 235 rearmazenado em 003 na secao 001
0002438 pacote 241 rearmazenado em 003 na secao 001
0002438 pacote 242 rearmazenado em 003 na secao 001
0002438 pacote 252 rearmazenado em 003 na secao 001
0002438 pacote 253 rearmazenado em 003 na secao 001
0002438 pacote 254 rearmazenado em 003 na secao 001
0002438 pacote 255 rearmazenado em 003 na secao 001
0002438 pacote 256 rearmazenado em 003 na secao 001
0002438 pacote 259 rearmazenado em 003 na secao 001
0002438 pacote 271 rearmazenado em 003 na secao 001
0002438 pacote 274 rearmazenado em 003 na secao 001
0002438 pacote 276 rearmazenado em 003 na secao 001
0002438 pacote 279 rearmazenado em 003 na secao 001
0002438 pacote 284 rearmazenado em 003 na secao 001
0002438 pacote 289 rearmazenado em 003 na secao 001
0002438 pacote 290 rearmazenado em 003 na secao 001
0002438 pacote 291 rearmazenado em 003 na secao 001
0002438 pacote 302 rearmazenado em 003 na secao 001
0002438 pacote 305 rearmazenado em 003 na secao 001
0002438 pacote 322 rearmazenado em 003 na secao 001
0002438 pacote 324 rearmazenado em 003 na secao 001
0002438 pacote 330 rearmazenado em 003 na secao 001
0002438 pacote 337 rearmazenado em 003 na secao 001
0002438 pacote 342 rearmazenado em 003 na secao 001
0002438 pacote 348 rearmazenado em 003 na secao 001
0002438 pacote 350 rearmazenado em 003 na secao 001
0002438 pacote 353 rearmazenado em 003 na secao 001
0002438 pacote 369 rearmazenado em 003 na secao 001
0002438 pacote 371 rearmazenado em 003 na secao 001
0002438 pacote 374 rearmazenado em 003 na secao 001
0002438 pacote 382 rearmazenado em 003 na secao 001
0002438 pacote 385 rearmazenado em 003 na secao 001
0002438 pacote 388 rearmazenado em 003 na secao 001
0002438 pacote 392 rearmazenado em 003 na secao 001
0002403 pacote 237 removido de 004 na secao 000
0002404 pacote 098 removido de 004 na secao 000
0002405 pacote 095 removido de 004 na secao 000
0002406 pacote 218 removido de 004 na secao 000
0002407 pacote 211 removido de 004 na secao 000
0002408 pacote 204 removido de 004 na secao 000
0002409 pacote 082 removido de 004 na secao 000
0002410 pacote 194 removido de 004 na secao 000
0002411 pacote 080 removido de 004 na secao 000
0002412 pacote 395 removido de 004 na secao 000
0002413 pacote 141 removido de 004 na secao 000
0002414 pacote 073 removido de 004 na secao 000
0002415 pacote 373 removido de 004 na secao 000
0002416 pacote 372 removido de 004 na secao 000
0002417 pacote 370 removido de 004 na secao 000
0002418 pacote 367 removido de 004 na secao 000
0002419 pacote 361 removido de 004 na secao 000
0002420 pacote 360 removido de 004 na secao 000
0002421 pacote 346 removido de 004 na secao 000
0002422 pacote 135 removido de 004 na secao 000
0002423 pacote 335 removido de 004 na secao 000
0002424 pacote 328 removido de 004 na secao 000
0002425 pacote 323 removido de 004 na secao 000
0002426 pacote 128 removido de 004 na secao 000
0002427 pacote 124 removido de 004 na secao 000
0002428 pacote 303 removido de 004 na secao 000
0002429 pacote 286 removido de 004 na secao 000
0002430 pacote 062 removido de 004 na secao 000
0002431 pacote 267 removido de 004 na secao 000
0002432 pacote 109 removido de 004 na secao 000
0002433 pacote 096 removido de 004 na secao 000
0002434 pacote 249 removido de 004 na secao 000
0002434 pacote 249 em transito de 004 para 000
0002434 pacote 096 em transito de 004 para 000
0002434 pacote 109 rearmazenado em 004 na secao 000
0002434 pacote 267 rearmazenado em 004 na secao 000
0002434 pacote 062 rearmazenado em 004 na secao 000
0002434 pacote 286 rearmazenado em 004 na secao 000
0002434 pacote 303 rearmazenado em 004 na secao 000
0002434 pacote 124 rearmazenado em 004 na secao 000
0002434 pacote 128 rearmazenado em 004 na secao 000
0002434 pacote 323 rearmazenado em 004 na secao 000
0002434 pacote 328 rearmazenado em 004 na secao 000
0002434 pacote 335 rearmazenado em 004 na secao 000
0002434 pacote 135 rearmazenado em 004 na secao 000
0002434 pacote 346 rearmazenado em 004 na secao 000
0002434 pacote 360 rearmazenado em 004 na secao 000
0002434 pacote 361 rearmazenado em 004 na secao 000
0002434 pacote 367 rearmazenado em 004 na secao 000
0002434 pacote 370 rearmazenado em 004 na secao 000
0002434 pacote 372 rearmazenado em 004 na secao 000
0002434 pacote 373 rearmazenado em 004 na secao 000
0002434 pacote 073 rearmazenado em 004 na secao 000
0002434 pacote 141 rearmazenado em 004 na secao 000
0002434 pacote 395 rearmazenado em 004 na secao 000
0002434 pacote 080 rearmazenado em 004 na secao 000
0002434 pacote 194 rearmazenado em 004 na secao 000
0002434 pacote 082 rearmazenado em 004 na secao 000
0002434 pacote 204 rearmazenado em 004 na secao 000
0002434 pacote 211 rearmazenado em 004 na secao 000
0002434 pacote 218 rearmazenado em 004 na secao 000
0002434 pacote 095 rearmazenado em 004 na secao 000
0002434 pacote 098 rearmazenado em 004 na secao 000
0002434 pacote 237 rearmazenado em 004 na secao 000
0002403 pacote 239 removido de 004 na secao 001
0002404 pacote 111 removido de 004 na secao 001
0002405 pacote 233 removido de 004 na secao 001
0002406 pacote 099 removido de 004 na secao 001
0002407 pacote 220 removido de 004 na secao 001
0002408 pacote 217 removido de 004 na secao 001
0002409 pacote 094 removido de 004 na secao 001
0002410 pacote 091 removido de 004 na secao 001
0002411 pacote 193 removido de 004 na secao 001
0002412 pacote 187 removido de 004 na secao 001
0002413 pacote 398 removido de 004 na secao 001
0002414 pacote 176 removido de 004 na secao 001
0002415 pacote 396 removido de 004 na secao 001
0002416 pacote 363 removido de 004 na secao 001
0002417 pacote 359 removido de 004 na secao 001
0002418 pacote 358 removido de 004 na secao 001
0002419 pacote 170 removido de 004 na secao 001
0002420 pacote 169 removido de 004 na secao 001
0002421 pacote 345 removido de 004 na secao 001
0002422 pacote 343 removido de 004 na secao 001
0002423 pacote 338 removido de 004 na secao 001
0002424 pacote 165 removido de 004 na secao 001
0002425 pacote 161 removido de 004 na secao 001
0002426 pacote 336 removido de 004 na secao 001
0002427 pacote 333 removido de 004 na secao 001
0002428 pacote 327 removido de 004 na secao 001
0002429 pacote 321 removido de 004 na secao 001
0002430 pacote 319 removido de 004 na secao 001
0002431 pacote 318 removido de 004 na secao 001
0002432 pacote 156 removido de 004 na secao 001
0002433 pacote 153 removido de 004 na secao 001
0002434 pacote 296 removido de 004 na secao 001
0002435 pacote 295 removido de 004 na secao 001
0002436 pacote 081 removido de 004 na secao 001
0002437 pacote 283 removido de 004 na secao 001
0002438 pacote 281 removido de 004 na secao 001
0002438 pacote 281 em transito de 004 para 001
0002438 pacote 283 em transito de 004 para 001
0002438 pacote 081 rearmazenado em 004 na secao 001
0002438 pacote 295 rearmazenado em 004 na secao 001
0002438 pacote 296 rearmazenado em 004 na secao 001
0002438 pacote 153 rearmazenado em 004 na secao 001
0002438 pacote 156 rearmazenado em 004 na secao 001
0002438 pacote 318 rearmazenado em 004 na secao 001
0002438 pacote 319 rearmazenado em 004 na secao 001
0002438 pacote 321 rearmazenado em 004 na secao 001
0002438 pacote 327 rearmazenado em 004 na secao 001
0002438 pacote 333 rearmazenado em 004 na secao 001
0002438 pacote 336 rearmazenado em 004 na secao 001
0002438 pacote 161 rearmazenado em 004 na secao 001
0002438 pacote 165 rearmazenado em 004 na secao 001
0002438 pacote 338 rearmazenado em 004 na secao 001
0002438 pacote 343 rearmazenado em 004 na secao 001
0002438 pacote 345 rearmazenado em 004 na secao 001
0002438 pacote 169 rearmazenado em 004 na secao 001
0002438 pacote 170 rearmazenado em 004 na secao 001
0002438 pacote 358 rearmazenado em 004 na secao 001
0002438 pacote 359 rearmazenado em 004 na secao 001
0002438 pacote 363 rearmazenado em 004 na secao 001
0002438 pacote 396 rearmazenado em 004 na secao 001
0002438 pacote 176 rearmazenado em 004 na secao 001
0002438 pacote 398 rearmazenado em 004 na secao 001
0002438 pacote 187 rearmazenado em 004 na secao 001
0002438 pacote 193 rearmazenado em 004 na secao 001
0002438 pacote 091 rearmazenado em 004 na secao 001
0002438 pacote 094 rearmazenado em 004 na secao 001
0002438 pacote 217 rearmazenado em 004 na secao 001
0002438 pacote 220 rearmazenado em 004 na secao 001
0002438 pacote 099 rearmazenado em 004 na secao 001
0002438 pacote 233 rearmazenado em 004 na secao 001
0002438 pacote 111 rearmazenado em 004 na secao 001
0002438 pacote 239 rearmazenado em 004 na secao 001
0002431 pacote 203 entregue em 002
0002431 pacote 208 entregue em 002
0002448 pacote 238 entregue em 000
0002448 pacote 246 entregue em 000
0002454 pacote 096 entregue em 000
0002454 pacote 249 armazenado em 000 na secao 002
0002458 pacote 229 entregue em 001
0002458 pacote 231 entregue em 001
0002458 pacote 281 armazenado em 001 na secao 003
0002458 pacote 283 armazenado em 001 na secao 003
0002461 pacote 113 armazenado em 004 na secao 001
0002461 pacote 263 armazenado em 004 na secao 001
0002465 pacote 105 armazenado em 004 na secao 000
0002465 pacote 243 armazenado em 004 na secao 000
0002503 pacote 249 removido de 000 na secao 002
0002504 pacote 247 removido de 000 na secao 002
0002505 pacote 244 removido de 000 na secao 002
0002506 pacote 059 removido de 000 na secao 002
0002507 pacote 224 removido de 000 na secao 002
0002508 pacote 078 removido de 000 na secao 002
0002509 pacote 064 removido de 000 na secao 002
0002510 pacote 214 removido de 000 na secao 002
0002510 pacote 214 em transito de 000 para 002
0002510 pacote 064 em transito de 000 para 002
0002510 pacote 078 rearmazenado em 000 na secao 002
0002510 pacote 224 rearmazenado em 000 na secao 002
0002510 pacote 059 rearmazenado em 000 na secao 002
0002510 pacote 244 rearmazenado em 000 na secao 002
0002510 pacote 247 rearmazenado em 000 na secao 002
0002510 pacote 249 rearmazenado em 000 na secao 002
0002503 pacote 230 removido de 000 na secao 004
0002504 pacote 228 removido de 000 na secao 004
0002505 pacote 227 removido de 000 na secao 004
0002506 pacote 221 removido de 000 na secao 004
0002507 pacote 207 removido de 000 na secao 004
0002508 pacote 205 removido de 000 na secao 004
0002509 pacote 198 removido de 000 na secao 004
0002510 pacote 196 removido de 000 na secao 004
0002511 pacote 184 removido de 000 na secao 004
0002512 pacote 179 removido de 000 na secao 004
0002513 pacote 177 removido de 000 na secao 004
0002514 pacote 174 removido de 000 na secao 004
0002515 pacote 172 removido de 000 na secao 004
0002516 pacote 397 removido de 000 na secao 004
0002517 pacote 391 removido de 000 na secao 004
0002518 pacote 390 removido de 000 na secao 004
0002519 pacote 381 removido de 000 na secao 004
0002520 pacote 380 removido de 000 na secao 004
0002521 pacote 149 removido de 000 na secao 004
0002522 pacote 148 removido de 000 na secao 004
0002523 pacote 365 removido de 000 na secao 004
0002524 pacote 351 removido de 000 na secao 004
0002525 pacote 349 removido de 000 na secao 004
0002526 pacote 143 removido de 000 na secao 004
0002527 pacote 142 removido de 000 na secao 004
0002528 pacote 334 removido de 000 na secao 004
0002529 pacote 331 removido de 000 na secao 004
0002530 pacote 313 removido de 000 na secao 004
0002531 pacote 136 removido de 000 na secao 004
0002532 pacote 304 removido de 000 na secao 004
0002533 pacote 298 removido de 000 na secao 004
0002534 pacote 120 removido de 000 na secao 004
0002535 pacote 280 removido de 000 na secao 004
0002536 pacote 278 removido de 000 na secao 004
0002537 pacote 275 removido de 000 na secao 004
0002538 pacote 268 removido de 000 na secao 004
0002539 pacote 116 removido de 000 na secao 004
0002539 pacote 116 em transito de 000 para 004
0002539 pacote 268 em transito de 000 para 004
0002539 pacote 275 rearmazenado em 000 na secao 004
0002539 pacote 278 rearmazenado em 000 na secao 004
0002539 pacote 280 rearmazenado em 000 na secao 004
0002539 pacote 120 rearmazenado em 000 na secao 004
0002539 pacote 298 rearmazenado em 000 na secao 004
0002539 pacote 304 rearmazenado em 000 na secao 004
0002539 pacote 136 rearmazenado em 000 na secao 004
0002539 pacote 313 rearmazenado em 000 na secao 004
0002539 pacote 331 rearmazenado em 000 na secao 004
0002539 pacote 334 rearmazenado em 000 na secao 004
0002539 pacote 142 rearmazenado em 000 na secao 004
0002539 pacote 143 rearmazenado em 000 na secao 004
0002539 pacote 349 rearmazenado em 000 na secao 004
0002539 pacote 351 rearmazenado em 000 na secao 004
0002539 pacote 365 rearmazenado em 000 na secao 004
0002539 pacote 148 rearmazenado em 000 na secao 004
0002539 pacote 149 rearmazenado em 000 na secao 004
0002539 pacote 380 rearmazenado em 000 na secao 004
0002539 pacote 381 rearmazenado em 000 na secao 004
0002539 pacote 390 rearmazenado em 000 na secao 004
0002539 pacote 391 rearmazenado em 000 na secao 004
0002539 pacote 397 rearmazenado em 000 na secao 004
0002539 pacote 172 rearmazenado em 000 na secao 004
0002539 pacote 174 rearmazenado em 000 na secao 004
0002539 pacote 177 rearmazenado em 000 na secao 004
0002539 pacote 179 rearmazenado em 000 na secao 004
0002539 pacote 184 rearmazenado em 000 na secao 004
0002539 pacote 196 rearmazenado em 000 na secao 004
0002539 pacote 198 rearmazenado em 000 na secao 004
0002539 pacote 205 rearmazenado em 000 na secao 004
0002539 pacote 207 rearmazenado em 000 na secao 004
0002539 pacote 221 rearmazenado em 000 na secao 004
0002539 pacote 227 rearmazenado em 000 na secao 004
0002539 pacote 228 rearmazenado em 000 na secao 004
0002539 pacote 230 rearmazenado em 000 na secao 004
0002503 pacote 283 removido de 001 na secao 003
0002504 pacote 281 removido de 001 na secao 003
0002504 pacote 281 em transito de 001 para 003
0002504 pacote 283 em transito de 001 para 003
0002503 pacote 223 removido de 001 na secao 004
0002504 pacote 212 removido de 001 na secao 004
0002505 pacote 199 removido de 001 na secao 004
0002506 pacote 195 removido de 001 na secao 004
0002507 pacote 192 removido de 001 na secao 004
0002508 pacote 188 removido de 001 na secao 004
0002509 pacote 182 removido de 001 na secao 004
0002510 pacote 181 removido de 001 na secao 004
0002511 pacote 164 removido de 001 na secao 004
0002512 pacote 393 removido de 001 na secao 004
0002513 pacote 389 removido de 001 na secao 004
0002514 pacote 387 removido de 001 na secao 004
0002515 pacote 386 removido de 001 na secao 004
0002516 pacote 379 removido de 001 na secao 004
0002517 pacote 159 removido de 001 na secao 004
0002518 pacote 152 removido de 001 na secao 004
0002519 pacote 364 removido de 001 na secao 004
0002520 pacote 144 removido de 001 na secao 004
0002521 pacote 129 removido de 001 na secao 004
0002522 pacote 344 removido de 001 na secao 004
0002523 pacote 340 removido de 001 na secao 004
0002524 pacote 126 removido de 001 na secao 004
0002525 pacote 332 removido de 001 na secao 004
0002526 pacote 326 removido de 001 na secao 004
0002527 pacote 317 removido de 001 na secao 004
0002528 pacote 316 removido de 001 na secao 004
0002529 pacote 314 removido de 001 na secao 004
0002530 pacote 123 removido de 001 na secao 004
0002531 pacote 121 removido de 001 na secao 004
0002532 pacote 309 removido de 001 na secao 004
0002533 pacote 306 removido de 001 na secao 004
0002534 pacote 294 removido de 001 na secao 004
0002535 pacote 293 removido de 001 na secao 004
0002536 pacote 287 removido de 001 na secao 004
0002537 pacote 117 removido de 001 na secao 004
0002538 pacote 277 removido de 001 na secao 004
0002539 pacote 273 removido de 001 na secao 004
0002540 pacote 270 removido de 001 na secao 004
0002541 pacote 269 removido de 001 na secao 004
0002542 pacote 115 removido de 001 na secao 004
0002543 pacote 260 removido de 001 na secao 004
0002543 pacote 260 em transito de 001 para 004
0002543 pacote 115 em transito de 001 para 004
0002543 pacote 269 rearmazenado em 001 na secao 004
0002543 pacote 270 rearmazenado em 001 na secao 004
0002543 pacote 273 rearmazenado em 001 na secao 004
0002543 pacote 277 rearmazenado em 001 na secao 004
0002543 pacote 117 rearmazenado em 001 na secao 004
0002543 pacote 287 rearmazenado em 001 na secao 004
0002543 pacote 293 rearmazenado em 001 na secao 004
0002543 pacote 294 rearmazenado em 001 na secao 004
0002543 pacote 306 rearmazenado em 001 na secao 004
0002543 pacote 309 rearmazenado em 001 na secao 004
0002543 pacote 121 rearmazenado em 001 na secao 004
0002543 pacote 123 rearmazenado em 001 na secao 004
0002543 pacote 314 rearmazenado em 001 na secao 004
0002543 pacote 316 rearmazenado em 001 na secao 004
0002543 pacote 317 rearmazenado em 001 na secao 004
0002543 pacote 326 rearmazenado em 001 na secao 004
0002543 pacote 332 rearmazenado em 001 na secao 004
0002543 pacote 126 rearmazenado em 001 na secao 004
0002543 pacote 340 rearmazenado em 001 na secao 004
0002543 pacote 344 rearmazenado em 001 na secao 004
0002543 pacote 129 rearmazenado em 001 na secao 004
0002543 pacote 144 rearmazenado em 001 na secao 004
0002543 pacote 364 rearmazenado em 001 na secao 004
0002543 pacote 152 rearmazenado em 001 na secao 004
0002543 pacote 159 rearmazenado em 001 na secao 004
0002543 pacote 379 rearmazenado em 001 na secao 004
0002543 pacote 386 rearmazenado em 001 na secao 004
0002543 pacote 387 rearmazenado em 001 na secao 004
0002543 pacote 389 rearmazenado em 001 na secao 004
0002543 pacote 393 rearmazenado em 001 na secao 004
0002543 pacote 164 rearmazenado em 001 na secao 004
0002543 pacote 181 rearmazenado em 001 na secao 004
0002543 pacote 182 rearmazenado em 001 na secao 004
0002543 pacote 188 rearmazenado em 001 na secao 004
0002543 pacote 192 rearmazenado em 001 na secao 004
0002543 pacote 195 rearmazenado em 001 na secao 004
0002543 pacote 199 rearmazenado em 001 na secao 004
0002543 pacote 212 rearmazenado em 001 na secao 004
0002543 pacote 223 rearmazenado em 001 na secao 004
0002503 pacote 394 removido de 002 na secao 000
0002504 pacote 384 removido de 002 na secao 000
0002505 pacote 377 removido de 002 na secao 000
0002506 pacote 366 removido de 002 na secao 000
0002507 pacote 357 removido de 002 na secao 000
0002508 pacote 356 removido de 002 na secao 000
0002509 pacote 355 removido de 002 na secao 000
0002510 pacote 352 removido de 002 na secao 000
0002511 pacote 347 removido de 002 na secao 000
0002512 pacote 325 removido de 002 na secao 000
0002513 pacote 320 removido de 002 na secao 000
0002514 pacote 315 removido de 002 na secao 000
0002515 pacote 311 removido de 002 na secao 000
0002516 pacote 308 removido de 002 na secao 000
0002517 pacote 300 removido de 002 na secao 000
0002518 pacote 299 removido de 002 na secao 000
0002519 pacote 297 removido de 002 na secao 000
0002520 pacote 292 removido de 002 na secao 000
0002521 pacote 288 removido de 002 na secao 000
0002522 pacote 266 removido de 002 na secao 000
0002523 pacote 264 removido de 002 na secao 000
0002524 pacote 261 removido de 002 na secao 000
0002525 pacote 257 removido de 002 na secao 000
0002526 pacote 250 removido de 002 na secao 000
0002526 pacote 250 em transito de 002 para 000
0002526 pacote 257 em transito de 002 para 000
0002526 pacote 261 rearmazenado em 002 na secao 000
0002526 pacote 264 rearmazenado em 002 na secao 000
0002526 pacote 266 rearmazenado em 002 na secao 000
0002526 pacote 288 rearmazenado em 002 na secao 000
0002526 pacote 292 rearmazenado em 002 na secao 000
0002526 pacote 297 rearmazenado em 002 na secao 000
0002526 pacote 299 rearmazenado em 002 na secao 000
0002526 pacote 300 rearmazenado em 002 na secao 000
0002526 pacote 308 rearmazenado em 002 na secao 000
0002526 pacote 311 rearmazenado em 002 na secao 000
0002526 pacote 315 rearmazenado em 002 na secao 000
0002526 pacote 320 rearmazenado em 002 na secao 000
0002526 pacote 325 rearmazenado em 002 na secao 000
0002526 pacote 347 rearmazenado em 002 na secao 000
0002526 pacote 352 rearmazenado em 002 na secao 000
0002526 pacote 355 rearmazenado em 002 na secao 000
0002526 pacote 356 rearmazenado em 002 na secao 000
0002526 pacote 357 rearmazenado em 002 na secao 000
0002526 pacote 366 rearmazenado em 002 na secao 000
0002526 pacote 377 rearmazenado em 002 na secao 000
0002526 pacote 384 rearmazenado em 002 na secao 000
0002526 pacote 394 rearmazenado em 002 na secao 000
0002503 pacote 392 removido de 003 na secao 001
0002504 pacote 388 removido de 003 na secao 001
0002505 pacote 385 removido de 003 na secao 001
0002506 pacote 382 removido de 003 na secao 001
0002507 pacote 374 removido de 003 na secao 001
0002508 pacote 371 removido de 003 na secao 001
0002509 pacote 369 removido de 003 na secao 001
0002510 pacote 353 removido de 003 na secao 001
0002511 pacote 350 removido de 003 na secao 001
0002512 pacote 348 removido de 003 na secao 001
0002513 pacote 342 removido de 003 na secao 001
0002514 pacote 337 removido de 003 na secao 001
0002515 pacote 330 removido de 003 na secao 001
0002516 pacote 324 removido de 003 na secao 001
0002517 pacote 322 removido de 003 na secao 001
0002518 pacote 305 removido de 003 na secao 001
0002519 pacote 302 removido de 003 na secao 001
0002520 pacote 291 removido de 003 na secao 001
0002521 pacote 290 removido de 003 na secao 001
0002522 pacote 289 removido de 003 na secao 001
0002523 pacote 284 removido de 003 na secao 001
0002524 pacote 279 removido de 003 na secao 001
0002525 pacote 276 removido de 003 na secao 001
0002526 pacote 274 removido de 003 na secao 001
0002527 pacote 271 removido de 003 na secao 001
0002528 pacote 259 removido de 003 na secao 001
0002529 pacote 256 removido de 003 na secao 001
0002530 pacote 255 removido de 003 na secao 001
0002531 pacote 254 removido de 003 na secao 001
0002532 pacote 253 removido de 003 na secao 001
0002533 pacote 252 removido de 003 na secao 001
0002534 pacote 242 removido de 003 na secao 001
0002535 pacote 241 removido de 003 na secao 001
0002536 pacote 235 removido de 003 na secao 001
0002536 pacote 235 em transito de 003 para 001
0002536 pacote 241 em transito de 003 para 001
0002536 pacote 242 rearmazenado em 003 na secao 001
0002536 pacote 252 rearmazenado em 003 na secao 001
0002536 pacote 253 rearmazenado em 003 na secao 001
0002536 pacote 254 rearmazenado em 003 na secao 001
0002536 pacote 255 rearmazenado em 003 na secao 001
0002536 pacote 256 rearmazenado em 003 na secao 001
0002536 pacote 259 rearmazenado em 003 na secao 001
0002536 pacote 271 rearmazenado em 003 na secao 001
0002536 pacote 274 rearmazenado em 003 na secao 001
0002536 pacote 276 rearmazenado em 003 na secao 001
0002536 pacote 279 rearmazenado em 003 na secao 001
0002536 pacote 284 rearmazenado em 003 na secao 001
0002536 pacote 289 rearmazenado em 003 na secao 001
0002536 pacote 290 rearmazenado em 003 na secao 001
0002536 pacote 291 rearmazenado em 003 na secao 001
0002536 pacote 302 rearmazenado em 003 na secao 001
0002536 pacote 305 rearmazenado em 003 na secao 001
0002536 pacote 322 rearmazenado em 003 na secao 001
0002536 pacote 324 rearmazenado em 003 na secao 001
0002536 pacote 330 rearmazenado em 003 na secao 001
0002536 pacote 337 rearmazenado em 003 na secao 001
0002536 pacote 342 rearmazenado em 003 na secao 001
0002536 pacote 348 rearmazenado em 003 na secao 001
0002536 pacote 350 rearmazenado em 003 na secao 001
0002536 pacote 353 rearmazenado em 003 na secao 001
0002536 pacote 369 rearmazenado em 003 na secao 001
0002536 pacote 371 rearmazenado em 003 na secao 001
0002536 pacote 374 rearmazenado em 003 na secao 001
0002536 pacote 382 rearmazenado em 003 na secao 001
0002536 pacote 385 rearmazenado em 003 na secao 001
0002536 pacote 388 rearmazenado em 003 na secao 001
0002536 pacote 392 rearmazenado em 003 na secao 001
0002503 pacote 243 removido de 004 na secao 000
0002504 pacote 105 removido de 004 na secao 000
0002505 pacote 237 removido de 004 na secao 000
0002506 pacote 098 removido de 004 na secao 000
0002507 pacote 095 removido de 004 na secao 000
0002508 pacote 218 removido de 004 na secao 000
0002509 pacote 211 removido de 004 na secao 000
0002510 pacote 204 removido de 004 na secao 000
0002511 pacote 082 removido de 004 na secao 000
0002512 pacote 194 removido de 004 na secao 000
0002513 pacote 080 removido de 004 na secao 000
0002514 pacote 395 removido de 004 na secao 000
0002515 pacote 141 removido de 004 na secao 000
0002516 pacote 073 removido de 004 na secao 000
0002517 pacote 373 removido de 004 na secao 000
0002518 pacote 372 removido de 004 na secao 000
0002519 pacote 370 removido de 004 na secao 000
0002520 pacote 367 removido de 004 na secao 000
0002521 pacote 361 removido de 004 na secao 000
0002522 pacote 360 removido de 004 na secao 000
0002523 pacote 346 removido de 004 na secao 000
0002524 pacote 135 removido de 004 na secao 000
0002525 pacote 335 removido de 004 na secao 000
0002526 pacote 328 removido de 004 na secao 000
0002527 pacote 323 removido de 004 na secao 000
0002528 pacote 128 removido de 004 na secao 000
0002529 pacote 124 removido de 004 na secao 000
0002530 pacote 303 removido de 004 na secao 000
0002531 pacote 286 removido de 004 na secao 000
0002532 pacote 062 removido de 004 na secao 000
0002533 pacote 267 removido de 004 na secao 000
0002534 pacote 109 removido de 004 na secao 000
0002534 pacote 109 em transito de 004 para 000
0002534 pacote 267 em transito de 004 para 000
0002534 pacote 062 rearmazenado em 004 na secao 000
0002534 pacote 286 rearmazenado em 004 na secao 000
0002534 pacote 303 rearmazenado em 004 na secao 000
0002534 pacote 124 rearmazenado em 004 na secao 000
0002534 pacote 128 rearmazenado em 004 na secao 000
0002534 pacote 323 rearmazenado em 004 na secao 000
0002534 pacote 328 rearmazenado em 004 na secao 000
0002534 pacote 335 rearmazenado em 004 na secao 000
0002534 pacote 135 rearmazenado em 004 na secao 000
0002534 pacote 346 rearmazenado em 004 na secao 000
0002534 pacote 360 rearmazenado em 004 na secao 000
0002534 pacote 361 rearmazenado em 004 na secao 000
0002534 pacote 367 rearmazenado em 004 na secao 000
0002534 pacote 370 rearmazenado em 004 na secao 000
0002534 pacote 372 rearmazenado em 004 na secao 000
0002534 pacote 373 rearmazenado em 004 na secao 000
0002534 pacote 073 rearmazenado em 004 na secao 000
0002534 pacote 141 rearmazenado em 004 na secao 000
0002534 pacote 395 rearmazenado em 004 na secao 000
0002534 pacote 080 rearmazenado em 004 na secao 000
0002534 pacote 194 rearmazenado em 004 na secao 000
0002534 pacote 082 rearmazenado em 004 na secao 000
0002534 pacote 204 rearmazenado em 004 na secao 000
0002534 pacote 211 rearmazenado em 004 na secao 000
0002534 pacote 218 rearmazenado em 004 na secao 000
0002534 pacote 095 rearmazenado em 004 na secao 000
0002534 pacote 098 rearmazenado em 004 na secao 000
0002534 pacote 237 rearmazenado em 004 na secao 000
0002534 pacote 105 rearmazenado em 004 na secao 000
0002534 pacote 243 rearmazenado em 004 na secao 000
0002503 pacote 263 removido de 004 na secao 001
0002504 pacote 113 removido de 004 na secao 001
0002505 pacote 239 removido de 004 na secao 001
0002506 pacote 111 removido de 004 na secao 001
0002507 pacote 233 removido de 004 na secao 001
0002508 pacote 099 removido de 004 na secao 001
0002509 pacote 220 removido de 004 na secao 001
0002510 pacote 217 removido de 004 na secao 001
0002511 pacote 094 removido de 004 na secao 001
0002512 pacote 091 removido de 004 na secao 001
0002513 pacote 193 removido de 004 na secao 001
0002514 pacote 187 removido de 004 na secao 001
0002515 pacote 398 removido de 004 na secao 001
0002516 pacote 176 removido de 004 na secao 001
0002517 pacote 396 removido de 004 na secao 001
0002518 pacote 363 removido de 004 na secao 001
0002519 pacote 359 removido de 004 na secao 001
0002520 pacote 358 removido de 004 na secao 001
0002521 pacote 170 removido de 004 na secao 001
0002522 pacote 169 removido de 004 na secao 001
0002523 pacote 345 removido de 004 na secao 001
0002524 pacote 343 removido de 004 na secao 001
0002525 pacote 338 removido de 004 na secao 001
0002526 pacote 165 removido de 004 na secao 001
0002527 pacote 161 removido de 004 na secao 001
0002528 pacote 336 removido de 004 na secao 001
0002529 pacote 333 removido de 004 na secao 001
0002530 pacote 327 removido de 004 na secao 001
0002531 pacote 321 removido de 004 na secao 001
0002532 pacote 319 removido de 004 na secao 001
0002533 pacote 318 removido de 004 na secao 001
0002534 pacote 156 removido de 004 na secao 001
0002535 pacote 153 removido de 004 na secao 001
0002536 pacote 296 removido de 004 na secao 001
0002537 pacote 295 removido de 004 na secao 001
0002538 pacote 081 removido de 004 na secao 001
0002538 pacote 081 em transito de 004 para 001
0002538 pacote 295 em transito de 004 para 001
0002538 pacote 296 rearmazenado em 004 na secao 001
0002538 pacote 153 rearmazenado em 004 na secao 001
0002538 pacote 156 rearmazenado em 004 na secao 001
0002538 pacote 318 rearmazenado em 004 na secao 001
0002538 pacote 319 rearmazenado em 004 na secao 001
0002538 pacote 321 rearmazenado em 004 na secao 001
0002538 pacote 327 rearmazenado em 004 na secao 001
0002538 pacote 333 rearmazenado em 004 na secao 001
0002538 pacote 336 rearmazenado em 004 na secao 001
0002538 pacote 161 rearmazenado em 004 na secao 001
0002538 pacote 165 rearmazenado em 004 na secao 001
0002538 pacote 338 rearmazenado em 004 na secao 001
0002538 pacote 343 rearmazenado em 004 na secao 001
0002538 pacote 345 rearmazenado em 004 na secao 001
0002538 pacote 169 rearmazenado em 004 na secao 001
0002538 pacote 170 rearmazenado em 004 na secao 001
0002538 pacote 358 rearmazenado em 004 na secao 001
0002538 pacote 359 rearmazenado em 004 na secao 001
0002538 pacote 363 rearmazenado em 004 na secao 001
0002538 pacote 396 rearmazenado em 004 na secao 001
0002538 pacote 176 rearmazenado em 004 na secao 001
0002538 pacote 398 rearmazenado em 004 na secao 001
0002538 pacote 187 rearmazenado em 004 na secao 001
0002538 pacote 193 rearmazenado em 004 na secao 001
0002538 pacote 091 rearmazenado em 004 na secao 001
0002538 pacote 094 rearmazenado em 004 na secao 001
0002538 pacote 217 rearmazenado em 004 na secao 001
0002538 pacote 220 rearmazenado em 004 na secao 001
0002538 pacote 099 rearmazenado em 004 na secao 001
0002538 pacote 233 rearmazenado em 004 na secao 001
0002538 pacote 111 rearmazenado em 004 na secao 001
0002538 pacote 239 rearmazenado em 004 na secao 001
0002538 pacote 113 rearmazenado em 004 na secao 001
0002538 pacote 263 rearmazenado em 004 na secao 001
0002524 pacote 281 entregue em 003
0002524 pacote 283 entregue em 003
0002530 pacote 064 entregue em 002
0002530 pacote 214 entregue em 002
0002546 pacote 250 armazenado em 000 na secao 004
0002546 pacote 257 armazenado em 000 na secao 004
0002554 pacote 109 entregue em 000
0002554 pacote 267 entregue em 000
0002556 pacote 235 armazenado em 001 na secao 004
0002556 pacote 241 armazenado em 001 na secao 004
0002558 pacote 081 armazenado em 001 na secao 003
0002558 pacote 295 entregue em 001
0002559 pacote 116 armazenado em 004 na secao 001
0002559 pacote 268 entregue em 004
0002563 pacote 115 entregue em 004
0002563 pacote 260 armazenado em 004 na secao 000
0002603 pacote 249 removido de 000 na secao 002
0002604 pacote 247 removido de 000 na secao 002
0002605 pacote 244 removido de 000 na secao 002
0002606 pacote 059 removido de 000 na secao 002
0002607 pacote 224 removido de 000 na secao 002
0002608 pacote 078 removido de 000 na secao 002
0002608 pacote 078 em transito de 000 para 002
0002608 pacote 224 em transito de 000 para 002
0002608 pacote 059 rearmazenado em 000 na secao 002
0002608 pacote 244 rearmazenado em 000 na secao 002
0002608 pacote 247 rearmazenado em 000 na secao 002
0002608 pacote 249 rearmazenado em 000 na secao 002
0002603 pacote 257 removido de 000 na secao 004
0002604 pacote 250 removido de 000 na secao 004
0002605 pacote 230 removido de 000 na secao 004
0002606 pacote 228 removido de 000 na secao 004
0002607 pacote 227 removido de 000 na secao 004
0002608 pacote 221 removido de 000 na secao 004
0002609 pacote 207 removido de 000 na secao 004
0002610 pacote 205 removido de 000 na secao 004
0002611 pacote 198 removido de 000 na secao 004
0002612 pacote 196 removido de 000 na secao 004
0002613 pacote 184 removido de 000 na secao 004
0002614 pacote 179 removido de 000 na secao 004
0002615 pacote 177 removido de 000 na secao 004
0002616 pacote 174 removido de 000 na secao 004
0002617 pacote 172 removido de 000 na secao 004
0002618 pacote 397 removido de 000 na secao 004
0002619 pacote 391 removido de 000 na secao 004
0002620 pacote 390 removido de 000 na secao 004
0002621 pacote 381 removido de 000 na secao 004
0002622 pacote 380 removido de 000 na secao 004
0002623 pacote 149 removido de 000 na secao 004
0002624 pacote 148 removido de 000 na secao 004
0002625 pacote 365 removido de 000 na secao 004
0002626 pacote 351 removido de 000 na secao 004
0002627 pacote 349 removido de 000 na secao 004
0002628 pacote 143 removido de 000 na secao 004
0002629 pacote 142 removido de 000 na secao 004
0002630 pacote 334 removido de 000 na secao 004
0002631 pacote 331 removido de 000 na secao 004
0002632 pacote 313 removido de 000 na secao 004
0002633 pacote 136 removido de 000 na secao 004
0002634 pacote 304 removido de 000 na secao 004
0002635 pacote 298 removido de 000 na secao 004
0002636 pacote 120 removido de 000 na secao 004
0002637 pacote 280 removido de 000 na secao 004
0002638 pacote 278 removido de 000 na secao 004
0002639 pacote 275 removido de 000 na secao 004
0002639 pacote 275 em transito de 000 para 004
0002639 pacote 278 em transito de 000 para 004
0002639 pacote 280 rearmazenado em 000 na secao 004
0002639 pacote 120 rearmazenado em 000 na secao 004
0002639 pacote 298 rearmazenado em 000 na secao 004
0002639 pacote 304 rearmazenado em 000 na secao 004
0002639 pacote 136 rearmazenado em 000 na secao 004
0002639 pacote 313 rearmazenado em 000 na secao 004
0002639 pacote 331 rearmazenado em 000 na secao 004
0002639 pacote 334 rearmazenado em 000 na secao 004
0002639 pacote 142 rearmazenado em 000 na secao 004
0002639 pacote 143 rearmazenado em 000 na secao 004
0002639 pacote 349 rearmazenado em 000 na secao 004
0002639 pacote 351 rearmazenado em 000 na secao 004
0002639 pacote 365 rearmazenado em 000 na secao 004
0002639 pacote 148 rearmazenado em 000 na secao 004
0002639 pacote 149 rearmazenado em 000 na secao 004
0002639 pacote 380 rearmazenado em 000 na secao 004
0002639 pacote 381 rearmazenado em 000 na secao 004
0002639 pacote 390 rearmazenado em 000 na secao 004
0002639 pacote 391 rearmazenado em 000 na secao 004
0002639 pacote 397 rearmazenado em 000 na secao 004
0002639 pacote 172 rearmazenado em 000 na secao 004
0002639 pacote 174 rearmazenado em 000 na secao 004
0002639 pacote 177 rearmazenado em 000 na secao 004
0002639 pacote 179 rearmazenado em 000 na secao 004
0002639 pacote 184 rearmazenado em 000 na secao 004
0002639 pacote 196 rearmazenado em 000 na secao 004
0002639 pacote 198 rearmazenado em 000 na secao 004
0002639 pacote 205 rearmazenado em 000 na secao 004
0002639 pacote 207 rearmazenado em 000 na secao 004
0002639 pacote 221 rearmazenado em 000 na secao 004
0002639 pacote 227 rearmazenado em 000 na secao 004
0002639 pacote 228 rearmazenado em 000 na secao 004
0002639 pacote 230 rearmazenado em 000 na secao 004
0002639 pacote 250 rearmazenado em 000 na secao 004
0002639 pacote 257 rearmazenado em 000 na secao 004
0002603 pacote 081 removido de 001 na secao 003
0002603 pacote 081 em transito de 001 para 003
0002603 pacote 241 removido de 001 na secao 004
0002604 pacote 235 removido de 001 na secao 004
0002605 pacote 223 removido de 001 na secao 004
0002606 pacote 212 removido de 001 na secao 004
0002607 pacote 199 removido de 001 na secao 004
0002608 pacote 195 removido de 001 na secao 004
0002609 pacote 192 removido de 001 na secao 004
0002610 pacote 188 removido de 001 na secao 004
0002611 pacote 182 removido de 001 na secao 004
0002612 pacote 181 removido de 001 na secao 004
0002613 pacote 164 removido de 001 na secao 004
0002614 pacote 393 removido de 001 na secao 004
0002615 pacote 389 removido de 001 na secao 004
0002616 pacote 387 removido de 001 na secao 004
0002617 pacote 386 removido de 001 na secao 004
0002618 pacote 379 removido de 001 na secao 004
0002619 pacote 159 removido de 001 na secao 004
0002620 pacote 152 removido de 001 na secao 004
0002621 pacote 364 removido de 001 na secao 004
0002622 pacote 144 removido de 001 na secao 004
0002623 pacote 129 removido de 001 na secao 004
0002624 pacote 344 removido de 001 na secao 004
0002625 pacote 340 removido de 001 na secao 004
0002626 pacote 126 removido de 001 na secao 004
0002627 pacote 332 removido de 001 na secao 004
0002628 pacote 326 removido de 001 na secao 004
0002629 pacote 317 removido de 001 na secao 004
0002630 pacote 316 removido de 001 na secao 004
0002631 pacote 314 removido de 001 na secao 004
0002632 pacote 123 removido de 001 na secao 004
0002633 pacote 121 removido de 001 na secao 004
0002634 pacote 309 removido de 001 na secao 004
0002635 pacote 306 removido de 001 na secao 004
0002636 pacote 294 removido de 001 na secao 004
0002637 pacote 293 removido de 001 na secao 004
0002638 pacote 287 removido de 001 na secao 004
0002639 pacote 117 removido de 001 na secao 004
0002640 pacote 277 removido de 001 na secao 004
0002641 pacote 273 removido de 001 na secao 004
0002642 pacote 270 removido de 001 na secao 004
0002643 pacote 269 removido de 001 na secao 004
0002643 pacote 269 em transito de 001 para 004
0002643 pacote 270 em transito de 001 para 004
0002643 pacote 273 rearmazenado em 001 na secao 004
0002643 pacote 277 rearmazenado em 001 na secao 004
0002643 pacote 117 rearmazenado em 001 na secao 004
0002643 pacote 287 rearmazenado em 001 na secao 004
0002643 pacote 293 rearmazenado em 001 na secao 004
0002643 pacote 294 rearmazenado em 001 na secao 004
0002643 pacote 306 rearmazenado em 001 na secao 004
0002643 pacote 309 rearmazenado em 001 na secao 004
0002643 pacote 121 rearmazenado em 001 na secao 004
0002643 pacote 123 rearmazenado em 001 na secao 004
0002643 pacote 314 rearmazenado em 001 na secao 004
0002643 pacote 316 rearmazenado em 001 na secao 004
0002643 pacote 317 rearmazenado em 001 na secao 004
0002643 pacote 326 rearmazenado em 001 na secao 004
0002643 pacote 332 rearmazenado em 001 na secao 004
0002643 pacote 126 rearmazenado em 001 na secao 004
0002643 pacote 340 rearmazenado em 001 na secao 004
0002643 pacote 344 rearmazenado em 001 na secao 004
0002643 pacote 129 rearmazenado em 001 na secao 004
0002643 pacote 144 rearmazenado em 001 na secao 004
0002643 pacote 364 rearmazenado em 001 na secao 004
0002643 pacote 152 rearmazenado em 001 na secao 004
0002643 pacote 159 rearmazenado em 001 na secao 004
0002643 pacote 379 rearmazenado em 001 na secao 004
0002643 pacote 386 rearmazenado em 001 na secao 004
0002643 pacote 387 rearmazenado em 001 na secao 004
0002643 pacote 389 rearmazenado em 001 na secao 004
0002643 pacote 393 rearmazenado em 001 na secao 004
0002643 pacote 164 rearmazenado em 001 na secao 004
0002643 pacote 181 rearmazenado em 001 na secao 004
0002643 pacote 182 rearmazenado em 001 na secao 004
0002643 pacote 188 rearmazenado em 001 na secao 004
0002643 pacote 192 rearmazenado em 001 na secao 004
0002643 pacote 195 rearmazenado em 001 na secao 004
0002643 pacote 199 rearmazenado em 001 na secao 004
0002643 pacote 212 rearmazenado em 001 na secao 004
0002643 pacote 223 rearmazenado em 001 na secao 004
0002643 pacote 235 rearmazenado em 001 na secao 004
0002643 pacote 241 rearmazenado em 001 na secao 004
0002603 pacote 394 removido de 002 na secao 000
0002604 pacote 384 removido de 002 na secao 000
0002605 pacote 377 removido de 002 na secao 000
0002606 pacote 366 removido de 002 na secao 000
0002607 pacote 357 removido de 002 na secao 000
0002608 pacote 356 removido de 002 na secao 000
0002609 pacote 355 removido de 002 na secao 000
0002610 pacote 352 removido de 002 na secao 000
0002611 pacote 347 removido de 002 na secao 000
0002612 pacote 325 removido de 002 na secao 000
0002613 pacote 320 removido de 002 na secao 000
0002614 pacote 315 removido de 002 na secao 000
0002615 pacote 311 removido de 002 na secao 000
0002616 pacote 308 removido de 002 na secao 000
0002617 pacote 300 removido de 002 na secao 000
0002618 pacote 299 removido de 002 na secao 000
0002619 pacote 297 removido de 002 na secao 000
0002620 pacote 292 removido de 002 na secao 000
0002621 pacote 288 removido de 002 na secao 000
0002622 pacote 266 removido de 002 na secao 000
0002623 pacote 264 removido de 002 na secao 000
0002624 pacote 261 removido de 002 na secao 000
0002624 pacote 261 em transito de 002 para 000
0002624 pacote 264 em transito de 002 para 000
0002624 pacote 266 rearmazenado em 002 na secao 000
0002624 pacote 288 rearmazenado em 002 na secao 000
0002624 pacote 292 rearmazenado em 002 na secao 000
0002624 pacote 297 rearmazenado em 002 na secao 000
0002624 pacote 299 rearmazenado em 002 na secao 000
0002624 pacote 300 rearmazenado em 002 na secao 000
0002624 pacote 308 rearmazenado em 002 na secao 000
0002624 pacote 311 rearmazenado em 002 na secao 000
0002624 pacote 315 rearmazenado em 002 na secao 000
0002624 pacote 320 rearmazenado em 002 na secao 000
0002624 pacote 325 rearmazenado em 002 na secao 000
0002624 pacote 347 rearmazenado em 002 na secao 000
0002624 pacote 352 rearmazenado em 002 na secao 000
0002624 pacote 355 rearmazenado em 002 na secao 000
0002624 pacote 356 rearmazenado em 002 na secao 000
0002624 pacote 357 rearmazenado em 002 na secao 000
0002624 pacote 366 rearmazenado em 002 na secao 000
0002624 pacote 377 rearmazenado em 002 na secao 000
0002624 pacote 384 rearmazenado em 002 na secao 000
0002624 pacote 394 rearmazenado em 002 na secao 000
0002603 pacote 392 removido de 003 na secao 001
0002604 pacote 388 removido de 003 na secao 001
0002605 pacote 385 removido de 003 na secao 001
0002606 pacote 382 removido de 003 na secao 001
0002607 pacote 374 removido de 003 na secao 001
0002608 pacote 371 removido de 003 na secao 001
0002609 pacote 369 removido de 003 na secao 001
0002610 pacote 353 removido de 003 na secao 001
0002611 pacote 350 removido de 003 na secao 001
0002612 pacote 348 removido de 003 na secao 001
0002613 pacote 342 removido de 003 na secao 001
0002614 pacote 337 removido de 003 na secao 001
0002615 pacote 330 removido de 003 na secao 001
0002616 pacote 324 removido de 003 na secao 001
0002617 pacote 322 removido de 003 na secao 001
0002618 pacote 305 removido de 003 na secao 001
0002619 pacote 302 removido de 003 na secao 001
0002620 pacote 291 removido de 003 na secao 001
0002621 pacote 290 removido de 003 na secao 001
0002622 pacote 289 removido de 003 na secao 001
0002623 pacote 284 removido de 003 na secao 001
0002624 pacote 279 removido de 003 na secao 001
0002625 pacote 276 removido de 003 na secao 001
0002626 pacote 274 removido de 003 na secao 001
0002627 pacote 271 removido de 003 na secao 001
0002628 pacote 259 removido de 003 na secao 001
0002629 pacote 256 removido de 003 na secao 001
0002630 pacote 255 removido de 003 na secao 001
0002631 pacote 254 removido de 003 na secao 001
0002632 pacote 253 removido de 003 na secao 001
0002633 pacote 252 removido de 003 na secao 001
0002634 pacote 242 removido de 003 na secao 001
0002634 pacote 242 em transito de 003 para 001
0002634 pacote 252 em transito de 003 para 001
0002634 pacote 253 rearmazenado em 003 na secao 001
0002634 pacote 254 rearmazenado em 003 na secao 001
0002634 pacote 255 rearmazenado em 003 na secao 001
0002634 pacote 256 rearmazenado em 003 na secao 001
0002634 pacote 259 rearmazenado em 003 na secao 001
0002634 pacote 271 rearmazenado em 003 na secao 001
0002634 pacote 274 rearmazenado em 003 na secao 001
0002634 pacote 276 rearmazenado em 003 na secao 001
0002634 pacote 279 rearmazenado em 003 na secao 001
0002634 pacote 284 rearmazenado em 003 na secao 001
0002634 pacote 289 rearmazenado em 003 na secao 001
0002634 pacote 290 rearmazenado em 003 na secao 001
0002634 pacote 291 rearmazenado em 003 na secao 001
0002634 pacote 302 rearmazenado em 003 na secao 001
0002634 pacote 305 rearmazenado em 003 na secao 001
0002634 pacote 322 rearmazenado em 003 na secao 001
0002634 pacote 324 rearmazenado em 003 na secao 001
0002634 pacote 330 rearmazenado em 003 na secao 001
0002634 pacote 337 rearmazenado em 003 na secao 001
0002634 pacote 342 rearmazenado em 003 na secao 001
0002634 pacote 348 rearmazenado em 003 na secao 001
0002634 pacote 350 rearmazenado em 003 na secao 001
0002634 pacote 353 rearmazenado em 003 na secao 001
0002634 pacote 369 rearmazenado em 003 na secao 001
0002634 pacote 371 rearmazenado em 003 na secao 001
0002634 pacote 374 rearmazenado em 003 na secao 001
0002634 pacote 382 rearmazenado em 003 na secao 001
0002634 pacote 385 rearmazenado em 003 na secao 001
0002634 pacote 388 rearmazenado em 003 na secao 001
0002634 pacote 392 rearmazenado em 003 na secao 001
0002603 pacote 260 removido de 004 na secao 000
0002604 pacote 243 removido de 004 na secao 000
0002605 pacote 105 removido de 004 na secao 000
0002606 pacote 237 removido de 004 na secao 000
0002607 pacote 098 removido de 004 na secao 000
0002608 pacote 095 removido de 004 na secao 000
0002609 pacote 218 removido de 004 na secao 000
0002610 pacote 211 removido de 004 na secao 000
0002611 pacote 204 removido de 004 na secao 000
0002612 pacote 082 removido de 004 na secao 000
0002613 pacote 194 removido de 004 na secao 000
0002614 pacote 080 removido de 004 na secao 000
0002615 pacote 395 removido de 004 na secao 000
0002616 pacote 141 removido de 004 na secao 000
0002617 pacote 073 removido de 004 na secao 000
0002618 pacote 373 removido de 004 na secao 000
0002619 pacote 372 removido de 004 na secao 000
0002620 pacote 370 removido de 004 na secao 000
0002621 pacote 367 removido de 004 na secao 000
0002622 pacote 361 removido de 004 na secao 000
0002623 pacote 360 removido de 004 na secao 000
0002624 pacote 346 removido de 004 na secao 000
0002625 pacote 135 removido de 004 na secao 000
0002626 pacote 335 removido de 004 na secao 000
0002627 pacote 328 removido de 004 na secao 000
0002628 pacote 323 removido de 004 na secao 000
0002629 pacote 128 removido de 004 na secao 000
0002630 pacote 124 removido de 004 na secao 000
0002631 pacote 303 removido de 004 na secao 000
0002632 pacote 286 removido de 004 na secao 000
0002633 pacote 062 removido de 004 na secao 000
0002633 pacote 062 em transito de 004 para 000
0002633 pacote 286 em transito de 004 para 000
0002633 pacote 303 rearmazenado em 004 na secao 000
0002633 pacote 124 rearmazenado em 004 na secao 000
0002633 pacote 128 rearmazenado em 004 na secao 000
0002633 pacote 323 rearmazenado em 004 na secao 000
0002633 pacote 328 rearmazenado em 004 na secao 000
0002633 pacote 335 rearmazenado em 004 na secao 000
0002633 pacote 135 rearmazenado em 004 na secao 000
0002633 pacote 346 rearmazenado em 004 na secao 000
0002633 pacote 360 rearmazenado em 004 na secao 000
0002633 pacote 361 rearmazenado em 004 na secao 000
0002633 pacote 367 rearmazenado em 004 na secao 000
0002633 pacote 370 rearmazenado em 004 na secao 000
0002633 pacote 372 rearmazenado em 004 na secao 000
0002633 pacote 373 rearmazenado em 004 na secao 000
0002633 pacote 073 rearmazenado em 004 na secao 000
0002633 pacote 141 rearmazenado em 004 na secao 000
0002633 pacote 395 rearmazenado em 004 na secao 000
0002633 pacote 080 rearmazenado em 004 na secao 000
0002633 pacote 194 rearmazenado em 004 na secao 000
0002633 pacote 082 rearmazenado em 004 na secao 000
0002633 pacote 204 rearmazenado em 004 na secao 000
0002633 pacote 211 rearmazenado em 004 na secao 000
0002633 pacote 218 rearmazenado em 004 na secao 000
0002633 pacote 095 rearmazenado em 004 na secao 000
0002633 pacote 098 rearmazenado em 004 na secao 000
0002633 pacote 237 rearmazenado em 004 na secao 000
0002633 pacote 105 rearmazenado em 004 na secao 000
0002633 pacote 243 rearmazenado em 004 na secao 000
0002633 pacote 260 rearmazenado em 004 na secao 000
0002603 pacote 116 removido de 004 na secao 001
0002604 pacote 263 removido de 004 na secao 001
0002605 pacote 113 removido de 004 na secao 001
0002606 pacote 239 removido de 004 na secao 001
0002607 pacote 111 removido de 004 na secao 001
0002608 pacote 233 removido de 004 na secao 001
0002609 pacote 099 removido de 004 na secao 001
0002610 pacote 220 removido de 004 na secao 001
0002611 pacote 217 removido de 004 na secao 001
0002612 pacote 094 removido de 004 na secao 001
0002613 pacote 091 removido de 004 na secao 001
0002614 pacote 193 removido de 004 na secao 001
0002615 pacote 187 removido de 004 na secao 001
0002616 pacote 398 removido de 004 na secao 001
0002617 pacote 176 removido de 004 na secao 001
0002618 pacote 396 removido de 004 na secao 001
0002619 pacote 363 removido de 004 na secao 001
0002620 pacote 359 removido de 004 na secao 001
0002621 pacote 358 removido de 004 na secao 001
0002622 pacote 170 removido de 004 na secao 001
0002623 pacote 169 removido de 004 na secao 001
0002624 pacote 345 removido de 004 na secao 001
0002625 pacote 343 removido de 004 na secao 001
0002626 pacote 338 removido de 004 na secao 001
0002627 pacote 165 removido de 004 na secao 001
0002628 pacote 161 removido de 004 na secao 001
0002629 pacote 336 removido de 004 na secao 001
0002630 pacote 333 removido de 004 na secao 001
0002631 pacote 327 removido de 004 na secao 001
0002632 pacote 321 removido de 004 na secao 001
0002633 pacote 319 removido de 004 na secao 001
0002634 pacote 318 removido de 004 na secao 001
0002635 pacote 156 removido de 004 na secao 001
0002636 pacote 153 removido de 004 na secao 001
0002637 pacote 296 removido de 004 na secao 001
0002637 pacote 296 em transito de 004 para 001
0002637 pacote 153 em transito de 004 para 001
0002637 pacote 156 rearmazenado em 004 na secao 001
0002637 pacote 318 rearmazenado em 004 na secao 001
0002637 pacote 319 rearmazenado em 004 na secao 001
0002637 pacote 321 rearmazenado em 004 na secao 001
0002637 pacote 327 rearmazenado em 004 na secao 001
0002637 pacote 333 rearmazenado em 004 na secao 001
0002637 pacote 336 rearmazenado em 004 na secao 001
0002637 pacote 161 rearmazenado em 004 na secao 001
0002637 pacote 165 rearmazenado em 004 na secao 001
0002637 pacote 338 rearmazenado em 004 na secao 001
0002637 pacote 343 rearmazenado em 004 na secao 001
0002637 pacote 345 rearmazenado em 004 na secao 001
0002637 pacote 169 rearmazenado em 004 na secao 001
0002637 pacote 170 rearmazenado em 004 na secao 001
0002637 pacote 358 rearmazenado em 004 na secao 001
0002637 pacote 359 rearmazenado em 004 na secao 001
0002637 pacote 363 rearmazenado em 004 na secao 001
0002637 pacote 396 rearmazenado em 004 na secao 001
0002637 pacote 176 rearmazenado em 004 na secao 001
0002637 pacote 398 rearmazenado em 004 na secao 001
0002637 pacote 187 rearmazenado em 004 na secao 001
0002637 pacote 193 rearmazenado em 004 na secao 001
0002637 pacote 091 rearmazenado em 004 na secao 001
0002637 pacote 094 rearmazenado em 004 na secao 001
0002637 pacote 217 rearmazenado em 004 na secao 001
0002637 pacote 220 rearmazenado em 004 na secao 001
0002637 pacote 099 rearmazenado em 004 na secao 001
0002637 pacote 233 rearmazenado em 004 na secao 001
0002637 pacote 111 rearmazenado em 004 na secao 001
0002637 pacote 239 rearmazenado em 004 na secao 001
0002637 pacote 113 rearmazenado em 004 na secao 001
0002637 pacote 263 rearmazenado em 004 na secao 001
0002637 pacote 116 rearmazenado em 004 na secao 001
0002623 pacote 081 entregue em 003
0002628 pacote 078 entregue em 002
0002628 pacote 224 entregue em 002
0002644 pacote 261 entregue em 000
0002644 pacote 264 armazenado em 000 na secao 004
0002653 pacote 062 armazenado em 000 na secao 002
0002653 pacote 286 armazenado em 000 na secao 002
0002654 pacote 242 armazenado em 001 na secao 004
0002654 pacote 252 armazenado em 001 na secao 004
0002657 pacote 153 armazenado em 001 na secao 003
0002657 pacote 296 entregue em 001
0002659 pacote 275 armazenado em 004 na secao 001
0002659 pacote 278 entregue em 004
0002663 pacote 269 armazenado em 004 na secao 000
0002663 pacote 270 entregue em 004
0002703 pacote 286 removido de 000 na secao 002
0002704 pacote 062 removido de 000 na secao 002
0002705 pacote 249 removido de 000 na secao 002
0002706 pacote 247 removido de 000 na secao 002
0002707 pacote 244 removido de 000 na secao 002
0002708 pacote 059 removido de 000 na secao 002
0002708 pacote 059 em transito de 000 para 002
0002708 pacote 244 em transito de 000 para 002
0002708 pacote 247 rearmazenado em 000 na secao 002
0002708 pacote 249 rearmazenado em 000 na secao 002
0002708 pacote 062 rearmazenado em 000 na secao 002
0002708 pacote 286 rearmazenado em 000 na secao 002
0002703 pacote 264 removido de 000 na secao 004
0002704 pacote 257 removido de 000 na secao 004
0002705 pacote 250 removido de 000 na secao 004
0002706 pacote 230 removido de 000 na secao 004
0002707 pacote 228 removido de 000 na secao 004
0002708 pacote 227 removido de 000 na secao 004
0002709 pacote 221 removido de 000 na secao 004
0002710 pacote 207 removido de 000 na secao 004
0002711 pacote 205 removido de 000 na secao 004
0002712 pacote 198 removido de 000 na secao 004
0002713 pacote 196 removido de 000 na secao 004
0002714 pacote 184 removido de 000 na secao 004
0002715 pacote 179 removido de 000 na secao 004
0002716 pacote 177 removido de 000 na secao 004
0002717 pacote 174 removido de 000 na secao 004
0002718 pacote 172 removido de 000 na secao 004
0002719 pacote 397 removido de 000 na secao 004
0002720 pacote 391 removido de 000 na secao 004
0002721 pacote 390 removido de 000 na secao 004
0002722 pacote 381 removido de 000 na secao 004
0002723 pacote 380 removido de 000 na secao 004
0002724 pacote 149 removido de 000 na secao 004
0002725 pacote 148 removido de 000 na secao 004
0002726 pacote 365 removido de 000 na secao 004
0002727 pacote 351 removido de 000 na secao 004
0002728 pacote 349 removido de 000 na secao 004
0002729 pacote 143 removido de 000 na secao 004
0002730 pacote 142 removido de 000 na secao 004
0002731 pacote 334 removido de 000 na secao 004
0002732 pacote 331 removido de 000 na secao 004
0002733 pacote 313 removido de 000 na secao 004
0002734 pacote 136 removido de 000 na secao 004
0002735 pacote 304 removido de 000 na secao 004
0002736 pacote 298 removido de 000 na secao 004
0002737 pacote 120 removido de 000 na secao 004
0002738 pacote 280 removido de 000 na secao 004
0002738 pacote 280 em transito de 000 para 004
0002738 pacote 120 em transito de 000 para 004
0002738 pacote 298 rearmazenado em 000 na secao 004
0002738 pacote 304 rearmazenado em 000 na secao 004
0002738 pacote 136 rearmazenado em 000 na secao 004
0002738 pacote 313 rearmazenado em 000 na secao 004
0002738 pacote 331 rearmazenado em 000 na secao 004
0002738 pacote 334 rearmazenado em 000 na secao 004
0002738 pacote 142 rearmazenado em 000 na secao 004
0002738 pacote 143 rearmazenado em 000 na secao 004
0002738 pacote 349 rearmazenado em 000 na secao 004
0002738 pacote 351 rearmazenado em 000 na secao 004
0002738 pacote 365 rearmazenado em 000 na secao 004
0002738 pacote 148 rearmazenado em 000 na secao 004
0002738 pacote 149 rearmazenado em 000 na secao 004
0002738 pacote 380 rearmazenado em 000 na secao 004
0002738 pacote 381 rearmazenado em 000 na secao 004
0002738 pacote 390 rearmazenado em 000 na secao 004
0002738 pacote 391 rearmazenado em 000 na secao 004
0002738 pacote 397 rearmazenado em 000 na secao 004
0002738 pacote 172 rearmazenado em 000 na secao 004
0002738 pacote 174 rearmazenado em 000 na secao 004
0002738 pacote 177 rearmazenado em 000 na secao 004
0002738 pacote 179 rearmazenado em 000 na secao 004
0002738 pacote 184 rearmazenado em 000 na secao 004
0002738 pacote 196 rearmazenado em 000 na secao 004
0002738 pacote 198 rearmazenado em 000 na secao 004
0002738 pacote 205 rearmazenado em 000 na secao 004
0002738 pacote 207 rearmazenado em 000 na secao 004
0002738 pacote 221 rearmazenado em 000 na secao 004
0002738 pacote 227 rearmazenado em 000 na secao 004
0002738 pacote 228 rearmazenado em 000 na secao 004
0002738 pacote 230 rearmazenado em 000 na secao 004
0002738 pacote 250 rearmazenado em 000 na secao 004
0002738 pacote 257 rearmazenado em 000 na secao 004
0002738 pacote 264 rearmazenado em 000 na secao 004
0002703 pacote 153 removido de 001 na secao 003
0002703 pacote 153 em transito de 001 para 003
0002703 pacote 252 removido de 001 na secao 004
0002704 pacote 242 removido de 001 na secao 004
0002705 pacote 241 removido de 001 na secao 004
0002706 pacote 235 removido de 001 na secao 004
0002707 pacote 223 removido de 001 na secao 004
0002708 pacote 212 removido de 001 na secao 004
0002709 pacote 199 removido de 001 na secao 004
0002710 pacote 195 removido de 001 na secao 004
0002711 pacote 192 removido de 001 na secao 004
0002712 pacote 188 removido de 001 na secao 004
0002713 pacote 182 removido de 001 na secao 004
0002714 pacote 181 removido de 001 na secao 004
0002715 pacote 164 removido de 001 na secao 004
0002716 pacote 393 removido de 001 na secao 004
0002717 pacote 389 removido de 001 na secao 004
0002718 pacote 387 removido de 001 na secao 004
0002719 pacote 386 removido de 001 na secao 004
0002720 pacote 379 removido de 001 na secao 004
0002721 pacote 159 removido de 001 na secao 004
0002722 pacote 152 removido de 001 na secao 004
0002723 pacote 364 removido de 001 na secao 004
0002724 pacote 144 removido de 001 na secao 004
0002725 pacote 129 removido de 001 na secao 004
0002726 pacote 344 removido de 001 na secao 004
0002727 pacote 340 removido de 001 na secao 004
0002728 pacote 126 removido de 001 na secao 004
0002729 pacote 332 removido de 001 na secao 004
0002730 pacote 326 removido de 001 na secao 004
0002731 pacote 317 removido de 001 na secao 004
0002732 pacote 316 removido de 001 na secao 004
0002733 pacote 314 removido de 001 na secao 004
0002734 pacote 123 removido de 001 na secao 004
0002735 pacote 121 removido de 001 na secao 004
0002736 pacote 309 removido de 001 na secao 004
0002737 pacote 306 removido de 001 na secao 004
0002738 pacote 294 removido de 001 na secao 004
0002739 pacote 293 removido de 001 na secao 004
0002740 pacote 287 removido de 001 na secao 004
0002741 pacote 117 removido de 001 na secao 004
0002742 pacote 277 removido de 001 na secao 004
0002743 pacote 273 removido de 001 na secao 004
0002743 pacote 273 em transito de 001 para 004
0002743 pacote 277 em transito de 001 para 004
0002743 pacote 117 rearmazenado em 001 na secao 004
0002743 pacote 287 rearmazenado em 001 na secao 004
0002743 pacote 293 rearmazenado em 001 na secao 004
0002743 pacote 294 rearmazenado em 001 na secao 004
0002743 pacote 306 rearmazenado em 001 na secao 004
0002743 pacote 309 rearmazenado em 001 na secao 004
0002743 pacote 121 rearmazenado em 001 na secao 004
0002743 pacote 123 rearmazenado em 001 na secao 004
0002743 pacote 314 rearmazenado em 001 na secao 004
0002743 pacote 316 rearmazenado em 001 na secao 004
0002743 pacote 317 rearmazenado em 001 na secao 004
0002743 pacote 326 rearmazenado em 001 na secao 004
0002743 pacote 332 rearmazenado em 001 na secao 004
0002743 pacote 126 rearmazenado em 001 na secao 004
0002743 pacote 340 rearmazenado em 001 na secao 004
0002743 pacote 344 rearmazenado em 001 na secao 004
0002743 pacote 129 rearmazenado em 001 na secao 004
0002743 pacote 144 rearmazenado em 001 na secao 004
0002743 pacote 364 rearmazenado em 001 na secao 004
0002743 pacote 152 rearmazenado em 001 na secao 004
0002743 pacote 159 rearmazenado em 001 na secao 004
0002743 pacote 379 rearmazenado em 001 na secao 004
0002743 pacote 386 rearmazenado em 001 na secao 004
0002743 pacote 387 rearmazenado em 001 na secao 004
0002743 pacote 389 rearmazenado em 001 na secao 004
0002743 pacote 393 rearmazenado em 001 na secao 004
0002743 pacote 164 rearmazenado em 001 na secao 004
0002743 pacote 181 rearmazenado em 001 na secao 004
0002743 pacote 182 rearmazenado em 001 na secao 004
0002743 pacote 188 rearmazenado em 001 na secao 004
0002743 pacote 192 rearmazenado em 001 na secao 004
0002743 pacote 195 rearmazenado em 001 na secao 004
0002743 pacote 199 rearmazenado em 001 na secao 004
0002743 pacote 212 rearmazenado em 001 na secao 004
0002743 pacote 223 rearmazenado em 001 na secao 004
0002743 pacote 235 rearmazenado em 001 na secao 004
0002743 pacote 241 rearmazenado em 001 na secao 004
0002743 pacote 242 rearmazenado em 001 na secao 004
0002743 pacote 252 rearmazenado em 001 na secao 004
0002703 pacote 394 removido de 002 na secao 000
0002704 pacote 384 removido de 002 na secao 000
0002705 pacote 377 removido de 002 na secao 000
0002706 pacote 366 removido de 002 na secao 000
0002707 pacote 357 removido de 002 na secao 000
0002708 pacote 356 removido de 002 na secao 000
0002709 pacote 355 removido de 002 na secao 000
0002710 pacote 352 removido de 002 na secao 000
0002711 pacote 347 removido de 002 na secao 000
0002712 pacote 325 removido de 002 na secao 000
0002713 pacote 320 removido de 002 na secao 000
0002714 pacote 315 removido de 002 na secao 000
0002715 pacote 311 removido de 002 na secao 000
0002716 pacote 308 removido de 002 na secao 000
0002717 pacote 300 removido de 002 na secao 000
0002718 pacote 299 removido de 002 na secao 000
0002719 pacote 297 removido de 002 na secao 000
0002720 pacote 292 removido de 002 na secao 000
0002721 pacote 288 removido de 002 na secao 000
0002722 pacote 266 removido de 002 na secao 000
0002722 pacote 266 em transito de 002 para 000
0002722 pacote 288 em transito de 002 para 000
0002722 pacote 292 rearmazenado em 002 na secao 000
0002722 pacote 297 rearmazenado em 002 na secao 000
0002722 pacote 299 rearmazenado em 002 na secao 000
0002722 pacote 300 rearmazenado em 002 na secao 000
0002722 pacote 308 rearmazenado em 002 na secao 000
0002722 pacote 311 rearmazenado em 002 na secao 000
0002722 pacote 315 rearmazenado em 002 na secao 000
0002722 pacote 320 rearmazenado em 002 na secao 000
0002722 pacote 325 rearmazenado em 002 na secao 000
0002722 pacote 347 rearmazenado em 002 na secao 000
0002722 pacote 352 rearmazenado em 002 na secao 000
0002722 pacote 355 rearmazenado em 002 na secao 000
0002722 pacote 356 rearmazenado em 002 na secao 000
0002722 pacote 357 rearmazenado em 002 na secao 000
0002722 pacote 366 rearmazenado em 002 na secao 000
0002722 pacote 377 rearmazenado em 002 na secao 000
0002722 pacote 384 rearmazenado em 002 na secao 000
0002722 pacote 394 rearmazenado em 002 na secao 000
0002703 pacote 392 removido de 003 na secao 001
0002704 pacote 388 removido de 003 na secao 001
0002705 pacote 385 removido de 003 na secao 001
0002706 pacote 382 removido de 003 na secao 001
0002707 pacote 374 removido de 003 na secao 001
0002708 pacote 371 removido de 003 na secao 001
0002709 pacote 369 removido de 003 na secao 001
0002710 pacote 353 removido de 003 na secao 001
0002711 pacote 350 removido de 003 na secao 001
0002712 pacote 348 removido de 003 na secao 001
0002713 pacote 342 removido de 003 na secao 001
0002714 pacote 337 removido de 003 na secao 001
0002715 pacote 330 removido de 003 na secao 001
0002716 pacote 324 removido de 003 na secao 001
0002717 pacote 322 removido de 003 na secao 001
0002718 pacote 305 removido de 003 na secao 001
0002719 pacote 302 removido de 003 na secao 001
0002720 pacote 291 removido de 003 na secao 001
0002721 pacote 290 removido de 003 na secao 001
0002722 pacote 289 removido de 003 na secao 001
0002723 pacote 284 removido de 003 na secao 001
0002724 pacote 279 removido de 003 na secao 001
0002725 pacote 276 removido de 003 na secao 001
0002726 pacote 274 removido de 003 na secao 001
0002727 pacote 271 removido de 003 na secao 001
0002728 pacote 259 removido de 003 na secao 001
0002729 pacote 256 removido de 003 na secao 001
0002730 pacote 255 removido de 003 na secao 001
0002731 pacote 254 removido de 003 na secao 001
0002732 pacote 253 removido de 003 na secao 001
0002732 pacote 253 em transito de 003 para 001
0002732 pacote 254 em transito de 003 para 001
0002732 pacote 255 rearmazenado em 003 na secao 001
0002732 pacote 256 rearmazenado em 003 na secao 001
0002732 pacote 259 rearmazenado em 003 na secao 001
0002732 pacote 271 rearmazenado em 003 na secao 001
0002732 pacote 274 rearmazenado em 003 na secao 001
0002732 pacote 276 rearmazenado em 003 na secao 001
0002732 pacote 279 rearmazenado em 003 na secao 001
0002732 pacote 284 rearmazenado em 003 na secao 001
0002732 pacote 289 rearmazenado em 003 na secao 001
0002732 pacote 290 rearmazenado em 003 na secao 001
0002732 pacote 291 rearmazenado em 003 na secao 001
0002732 pacote 302 rearmazenado em 003 na secao 001
0002732 pacote 305 rearmazenado em 003 na secao 001
0002732 pacote 322 rearmazenado em 003 na secao 001
0002732 pacote 324 rearmazenado em 003 na secao 001
0002732 pacote 330 rearmazenado em 003 na secao 001
0002732 pacote 337 rearmazenado em 003 na secao 001
0002732 pacote 342 rearmazenado em 003 na secao 001
0002732 pacote 348 rearmazenado em 003 na secao 001
0002732 pacote 350 rearmazenado em 003 na secao 001
0002732 pacote 353 rearmazenado em 003 na secao 001
0002732 pacote 369 rearmazenado em 003 na secao 001
0002732 pacote 371 rearmazenado em 003 na secao 001
0002732 pacote 374 rearmazenado em 003 na secao 001
0002732 pacote 382 rearmazenado em 003 na secao 001
0002732 pacote 385 rearmazenado em 003 na secao 001
0002732 pacote 388 rearmazenado em 003 na secao 001
0002732 pacote 392 rearmazenado em 003 na secao 001
0002703 pacote 269 removido de 004 na secao 000
0002704 pacote 260 removido de 004 na secao 000
0002705 pacote 243 removido de 004 na secao 000
0002706 pacote 105 removido de 004 na secao 000
0002707 pacote 237 removido de 004 na secao 000
0002708 pacote 098 removido de 004 na secao 000
0002709 pacote 095 removido de 004 na secao 000
0002710 pacote 218 removido de 004 na secao 000
0002711 pacote 211 removido de 004 na secao 000
0002712 pacote 204 removido de 004 na secao 000
0002713 pacote 082 removido de 004 na secao 000
0002714 pacote 194 removido de 004 na secao 000
0002715 pacote 080 removido de 004 na secao 000
0002716 pacote 395 removido de 004 na secao 000
0002717 pacote 141 removido de 004 na secao 000
0002718 pacote 073 removido de 004 na secao 000
0002719 pacote 373 removido de 004 na secao 000
0002720 pacote 372 removido de 004 na secao 000
0002721 pacote 370 removido de 004 na secao 000
0002722 pacote 367 removido de 004 na secao 000
0002723 pacote 361 removido de 004 na secao 000
0002724 pacote 360 removido de 004 na secao 000
0002725 pacote 346 removido de 004 na secao 000
0002726 pacote 135 removido de 004 na secao 000
0002727 pacote 335 removido de 004 na secao 000
0002728 pacote 328 removido de 004 na secao 000
0002729 pacote 323 removido de 004 na secao 000
0002730 pacote 128 removido de 004 na secao 000
0002731 pacote 124 removido de 004 na secao 000
0002732 pacote 303 removido de 004 na secao 000
0002732 pacote 303 em transito de 004 para 000
0002732 pacote 124 em transito de 004 para 000
0002732 pacote 128 rearmazenado em 004 na secao 000
0002732 pacote 323 rearmazenado em 004 na secao 000
0002732 pacote 328 rearmazenado em 004 na secao 000
0002732 pacote 335 rearmazenado em 004 na secao 000
0002732 pacote 135 rearmazenado em 004 na secao 000
0002732 pacote 346 rearmazenado em 004 na secao 000
0002732 pacote 360 rearmazenado em 004 na secao 000
0002732 pacote 361 rearmazenado em 004 na secao 000
0002732 pacote 367 rearmazenado em 004 na secao 000
0002732 pacote 370 rearmazenado em 004 na secao 000
0002732 pacote 372 rearmazenado em 004 na secao 000
0002732 pacote 373 rearmazenado em 004 na secao 000
0002732 pacote 073 rearmazenado em 004 na secao 000
0002732 pacote 141 rearmazenado em 004 na secao 000
0002732 pacote 395 rearmazenado em 004 na secao 000
0002732 pacote 080 rearmazenado em 004 na secao 000
0002732 pacote 194 rearmazenado em 004 na secao 000
0002732 pacote 082 rearmazenado em 004 na secao 000
0002732 pacote 204 rearmazenado em 004 na secao 000
0002732 pacote 211 rearmazenado em 004 na secao 000
0002732 pacote 218 rearmazenado em 004 na secao 000
0002732 pacote 095 rearmazenado em 004 na secao 000
0002732 pacote 098 rearmazenado em 004 na secao 000
0002732 pacote 237 rearmazenado em 004 na secao 000
0002732 pacote 105 rearmazenado em 004 na secao 000
0002732 pacote 243 rearmazenado em 004 na secao 000
0002732 pacote 260 rearmazenado em 004 na secao 000
0002732 pacote 269 rearmazenado em 004 na secao 000
0002703 pacote 275 removido de 004 na secao 001
0002704 pacote 116 removido de 004 na secao 001
0002705 pacote 263 removido de 004 na secao 001
0002706 pacote 113 removido de 004 na secao 001
0002707 pacote 239 removido de 004 na secao 001
0002708 pacote 111 removido de 004 na secao 001
0002709 pacote 233 removido de 004 na secao 001
0002710 pacote 099 removido de 004 na secao 001
0002711 pacote 220 removido de 004 na secao 001
0002712 pacote 217 removido de 004 na secao 001
0002713 pacote 094 removido de 004 na secao 001
0002714 pacote 091 removido de 004 na secao 001
0002715 pacote 193 removido de 004 na secao 001
0002716 pacote 187 removido de 004 na secao 001
0002717 pacote 398 removido de 004 na secao 001
0002718 pacote 176 removido de 004 na secao 001
0002719 pacote 396 removido de 004 na secao 001
0002720 pacote 363 removido de 004 na secao 001
0002721 pacote 359 removido de 004 na secao 001
0002722 pacote 358 removido de 004 na secao 001
0002723 pacote 170 removido de 004 na secao 001
0002724 pacote 169 removido de 004 na secao 001
0002725 pacote 345 removido de 004 na secao 001
0002726 pacote 343 removido de 004 na secao 001
0002727 pacote 338 removido de 004 na secao 001
0002728 pacote 165 removido de 004 na secao 001
0002729 pacote 161 removido de 004 na secao 001
0002730 pacote 336 removido de 004 na secao 001
0002731 pacote 333 removido de 004 na secao 001
0002732 pacote 327 removido de 004 na secao 001
0002733 pacote 321 removido de 004 na secao 001
0002734 pacote 319 removido de 004 na secao 001
0002735 pacote 318 removido de 004 na secao 001
0002736 pacote 156 removido de 004 na secao 001
0002736 pacote 156 em transito de 004 para 001
0002736 pacote 318 em transito de 004 para 001
0002736 pacote 319 rearmazenado em 004 na secao 001
0002736 pacote 321 rearmazenado em 004 na secao 001
0002736 pacote 327 rearmazenado em 004 na secao 001
0002736 pacote 333 rearmazenado em 004 na secao 001
0002736 pacote 336 rearmazenado em 004 na secao 001
0002736 pacote 161 rearmazenado em 004 na secao 001
0002736 pacote 165 rearmazenado em 004 na secao 001
0002736 pacote 338 rearmazenado em 004 na secao 001
0002736 pacote 343 rearmazenado em 004 na secao 001
0002736 pacote 345 rearmazenado em 004 na secao 001
0002736 pacote 169 rearmazenado em 004 na secao 001
0002736 pacote 170 rearmazenado em 004 na secao 001
0002736 pacote 358 rearmazenado em 004 na secao 001
0002736 pacote 359 rearmazenado em 004 na secao 001
0002736 pacote 363 rearmazenado em 004 na secao 001
0002736 pacote 396 rearmazenado em 004 na secao 001
0002736 pacote 176 rearmazenado em 004 na secao 001
0002736 pacote 398 rearmazenado em 004 na secao 001
0002736 pacote 187 rearmazenado em 004 na secao 001
0002736 pacote 193 rearmazenado em 004 na secao 001
0002736 pacote 091 rearmazenado em 004 na secao 001
0002736 pacote 094 rearmazenado em 004 na secao 001
0002736 pacote 217 rearmazenado em 004 na secao 001
0002736 pacote 220 rearmazenado em 004 na secao 001
0002736 pacote 099 rearmazenado em 004 na secao 001
0002736 pacote 233 rearmazenado em 004 na secao 001
0002736 pacote 111 rearmazenado em 004 na secao 001
0002736 pacote 239 rearmazenado em 004 na secao 001
0002736 pacote 113 rearmazenado em 004 na secao 001
0002736 pacote 263 rearmazenado em 004 na secao 001
0002736 pacote 116 rearmazenado em 004 na secao 001
0002736 pacote 275 rearmazenado em 004 na secao 001
0002723 pacote 153 entregue em 003
0002728 pacote 059 entregue em 002
0002728 pacote 244 entregue em 002
0002742 pacote 266 armazenado em 000 na secao 004
0002742 pacote 288 armazenado em 000 na secao 004
0002752 pacote 124 entregue em 000
0002752 pacote 253 armazenado em 001 na secao 004
0002752 pacote 254 entregue em 001
0002752 pacote 303 armazenado em 000 na secao 002
0002756 pacote 156 armazenado em 001 na secao 003
0002756 pacote 318 entregue em 001
0002758 pacote 120 armazenado em 004 na secao 001
0002758 pacote 280 entregue em 004
0002763 pacote 273 armazenado em 004 na secao 000
0002763 pacote 277 armazenado em 004 na secao 000
0002803 pacote 303 removido de 000 na secao 002
0002804 pacote 286 removido de 000 na secao 002
0002805 pacote 062 removido de 000 na secao 002
0002806 pacote 249 removido de 000 na secao 002
0002807 pacote 247 removido de 000 na secao 002
0002807 pacote 247 em transito de 000 para 002
0002807 pacote 249 em transito de 000 para 002
0002807 pacote 062 rearmazenado em 000 na secao 002
0002807 pacote 286 rearmazenado em 000 na secao 002
0002807 pacote 303 rearmazenado em 000 na secao 002
0002803 pacote 288 removido de 000 na secao 004
0002804 pacote 266 removido de 000 na secao 004
0002805 pacote 264 removido de 000 na secao 004
0002806 pacote 257 removido de 000 na secao 004
0002807 pacote 250 removido de 000 na secao 004
0002808 pacote 230 removido de 000 na secao 004
0002809 pacote 228 removido de 000 na secao 004
0002810 pacote 227 removido de 000 na secao 004
0002811 pacote 221 removido de 000 na secao 004
0002812 pacote 207 removido de 000 na secao 004
0002813 pacote 205 removido de 000 na secao 004
0002814 pacote 198 removido de 000 na secao 004
0002815 pacote 196 removido de 000 na secao 004
0002816 pacote 184 removido de 000 na secao 004
0002817 pacote 179 removido de 000 na secao 004
0002818 pacote 177 removido de 000 na secao 004
0002819 pacote 174 removido de 000 na secao 004
0002820 pacote 172 removido de 000 na secao 004
0002821 pacote 397 removido de 000 na secao 004
0002822 pacote 391 removido de 000 na secao 004
0002823 pacote 390 removido de 000 na secao 004
0002824 pacote 381 removido de 000 na secao 004
0002825 pacote 380 removido de 000 na secao 004
0002826 pacote 149 removido de 000 na secao 004
0002827 pacote 148 removido de 000 na secao 004
0002828 pacote 365 removido de 000 na secao 004
0002829 pacote 351 removido de 000 na secao 004
0002830 pacote 349 removido de 000 na secao 004
0002831 pacote 143 removido de 000 na secao 004
0002832 pacote 142 removido de 000 na secao 004
0002833 pacote 334 removido de 000 na secao 004
0002834 pacote 331 removido de 000 na secao 004
0002835 pacote 313 removido de 000 na secao 004
0002836 pacote 136 removido de 000 na secao 004
0002837 pacote 304 removido de 000 na secao 004
0002838 pacote 298 removido de 000 na secao 004
0002838 pacote 298 em transito de 000 para 004
0002838 pacote 304 em transito de 000 para 004
0002838 pacote 136 rearmazenado em 000 na secao 004
0002838 pacote 313 rearmazenado em 000 na secao 004
0002838 pacote 331 rearmazenado em 000 na secao 004
0002838 pacote 334 rearmazenado em 000 na secao 004
0002838 pacote 142 rearmazenado em 000 na secao 004
0002838 pacote 143 rearmazenado em 000 na secao 004
0002838 pacote 349 rearmazenado em 000 na secao 004
0002838 pacote 351 rearmazenado em 000 na secao 004
0002838 pacote 365 rearmazenado em 000 na secao 004
0002838 pacote 148 rearmazenado em 000 na secao 004
0002838 pacote 149 rearmazenado em 000 na secao 004
0002838 pacote 380 rearmazenado em 000 na secao 004
0002838 pacote 381 rearmazenado em 000 na secao 004
0002838 pacote 390 rearmazenado em 000 na secao 004
0002838 pacote 391 rearmazenado em 000 na secao 004
0002838 pacote 397 rearmazenado em 000 na secao 004
0002838 pacote 172 rearmazenado em 000 na secao 004
0002838 pacote 174 rearmazenado em 000 na secao 004
0002838 pacote 177 rearmazenado em 000 na secao 004
0002838 pacote 179 rearmazenado em 000 na secao 004
0002838 pacote 184 rearmazenado em 000 na secao 004
0002838 pacote 196 rearmazenado em 000 na secao 004
0002838 pacote 198 rearmazenado em 000 na secao 004
0002838 pacote 205 rearmazenado em 000 na secao 004
0002838 pacote 207 rearmazenado em 000 na secao 004
0002838 pacote 221 rearmazenado em 000 na secao 004
0002838 pacote 227 rearmazenado em 000 na secao 004
0002838 pacote 228 rearmazenado em 000 na secao 004
0002838 pacote 230 rearmazenado em 000 na secao 004
0002838 pacote 250 rearmazenado em 000 na secao 004
0002838 pacote 257 rearmazenado em 000 na secao 004
0002838 pacote 264 rearmazenado em 000 na secao 004
0002838 pacote 266 rearmazenado em 000 na secao 004
0002838 pacote 288 rearmazenado em 000 na secao 004
0002803 pacote 156 removido de 001 na secao 003
0002803 pacote 156 em transito de 001 para 003
0002803 pacote 253 removido de 001 na secao 004
0002804 pacote 252 removido de 001 na secao 004
0002805 pacote 242 removido de 001 na secao 004
0002806 pacote 241 removido de 001 na secao 004
0002807 pacote 235 removido de 001 na secao 004
0002808 pacote 223 removido de 001 na secao 004
0002809 pacote 212 removido de 001 na secao 004
0002810 pacote 199 removido de 001 na secao 004
0002811 pacote 195 removido de 001 na secao 004
0002812 pacote 192 removido de 001 na secao 004
0002813 pacote 188 removido de 001 na secao 004
0002814 pacote 182 removido de 001 na secao 004
0002815 pacote 181 removido de 001 na secao 004
0002816 pacote 164 removido de 001 na secao 004
0002817 pacote 393 removido de 001 na secao 004
0002818 pacote 389 removido de 001 na secao 004
0002819 pacote 387 removido de 001 na secao 004
0002820 pacote 386 removido de 001 na secao 004
0002821 pacote 379 removido de 001 na secao 004
0002822 pacote 159 removido de 001 na secao 004
0002823 pacote 152 removido de 001 na secao 004
0002824 pacote 364 removido de 001 na secao 004
0002825 pacote 144 removido de 001 na secao 004
0002826 pacote 129 removido de 001 na secao 004
0002827 pacote 344 removido de 001 na secao 004
0002828 pacote 340 removido de 001 na secao 004
0002829 pacote 126 removido de 001 na secao 004
0002830 pacote 332 removido de 001 na secao 004
0002831 pacote 326 removido de 001 na secao 004
0002832 pacote 317 removido de 001 na secao 004
0002833 pacote 316 removido de 001 na secao 004
0002834 pacote 314 removido de 001 na secao 004
0002835 pacote 123 removido de 001 na secao 004
0002836 pacote 121 removido de 001 na secao 004
0002837 pacote 309 removido de 001 na secao 004
0002838 pacote 306 removido de 001 na secao 004
0002839 pacote 294 removido de 001 na secao 004
0002840 pacote 293 removido de 001 na secao 004
0002841 pacote 287 removido de 001 na secao 004
0002842 pacote 117 removido de 001 na secao 004
0002842 pacote 117 em transito de 001 para 004
0002842 pacote 287 em transito de 001 para 004
0002842 pacote 293 rearmazenado em 001 na secao 004
0002842 pacote 294 rearmazenado em 001 na secao 004
0002842 pacote 306 rearmazenado em 001 na secao 004
0002842 pacote 309 rearmazenado em 001 na secao 004
0002842 pacote 121 rearmazenado em 001 na secao 004
0002842 pacote 123 rearmazenado em 001 na secao 004
0002842 pacote 314 rearmazenado em 001 na secao 004
0002842 pacote 316 rearmazenado em 001 na secao 004
0002842 pacote 317 rearmazenado em 001 na secao 004
0002842 pacote 326 rearmazenado em 001 na secao 004
0002842 pacote 332 rearmazenado em 001 na secao 004
0002842 pacote 126 rearmazenado em 001 na secao 004
0002842 pacote 340 rearmazenado em 001 na secao 004
0002842 pacote 344 rearmazenado em 001 na secao 004
0002842 pacote 129 rearmazenado em 001 na secao 004
0002842 pacote 144 rearmazenado em 001 na secao 004
0002842 pacote 364 rearmazenado em 001 na secao 004
0002842 pacote 152 rearmazenado em 001 na secao 004
0002842 pacote 159 rearmazenado em 001 na secao 004
0002842 pacote 379 rearmazenado em 001 na secao 004
0002842 pacote 386 rearmazenado em 001 na secao 004
0002842 pacote 387 rearmazenado em 001 na secao 004
0002842 pacote 389 rearmazenado em 001 na secao 004
0002842 pacote 393 rearmazenado em 001 na secao 004
0002842 pacote 164 rearmazenado em 001 na secao 004
0002842 pacote 181 rearmazenado em 001 na secao 004
0002842 pacote 182 rearmazenado em 001 na secao 004
0002842 pacote 188 rearmazenado em 001 na secao 004
0002842 pacote 192 rearmazenado em 001 na secao 004
0002842 pacote 195 rearmazenado em 001 na secao 004
0002842 pacote 199 rearmazenado em 001 na secao 004
0002842 pacote 212 rearmazenado em 001 na secao 004
0002842 pacote 223 rearmazenado em 001 na secao 004
0002842 pacote 235 rearmazenado em 001 na secao 004
0002842 pacote 241 rearmazenado em 001 na secao 004
0002842 pacote 242 rearmazenado em 001 na secao 004
0002842 pacote 252 rearmazenado em 001 na secao 004
0002842 pacote 253 rearmazenado em 001 na secao 004
0002803 pacote 394 removido de 002 na secao 000
0002804 pacote 384 removido de 002 na secao 000
0002805 pacote 377 removido de 002 na secao 000
0002806 pacote 366 removido de 002 na secao 000
0002807 pacote 357 removido de 002 na secao 000
0002808 pacote 356 removido de 002 na secao 000
0002809 pacote 355 removido de 002 na secao 000
0002810 pacote 352 removido de 002 na secao 000
0002811 pacote 347 removido de 002 na secao 000
0002812 pacote 325 removido de 002 na secao 000
0002813 pacote 320 removido de 002 na secao 000
0002814 pacote 315 removido de 002 na secao 000
0002815 pacote 311 removido de 002 na secao 000
0002816 pacote 308 removido de 002 na secao 000
0002817 pacote 300 removido de 002 na secao 000
0002818 pacote 299 removido de 002 na secao 000
0002819 pacote 297 removido de 002 na secao 000
0002820 pacote 292 removido de 002 na secao 000
0002820 pacote 292 em transito de 002 para 000
0002820 pacote 297 em transito de 002 para 000
0002820 pacote 299 rearmazenado em 002 na secao 000
0002820 pacote 300 rearmazenado em 002 na secao 000
0002820 pacote 308 rearmazenado em 002 na secao 000
0002820 pacote 311 rearmazenado em 002 na secao 000
0002820 pacote 315 rearmazenado em 002 na secao 000
0002820 pacote 320 rearmazenado em 002 na secao 000
0002820 pacote 325 rearmazenado em 002 na secao 000
0002820 pacote 347 rearmazenado em 002 na secao 000
0002820 pacote 352 rearmazenado em 002 na secao 000
0002820 pacote 355 rearmazenado em 002 na secao 000
0002820 pacote 356 rearmazenado em 002 na secao 000
0002820 pacote 357 rearmazenado em 002 na secao 000
0002820 pacote 366 rearmazenado em 002 na secao 000
0002820 pacote 377 rearmazenado em 002 na secao 000
0002820 pacote 384 rearmazenado em 002 na secao 000
0002820 pacote 394 rearmazenado em 002 na secao 000
0002803 pacote 392 removido de 003 na secao 001
0002804 pacote 388 removido de 003 na secao 001
0002805 pacote 385 removido de 003 na secao 001
0002806 pacote 382 removido de 003 na secao 001
0002807 pacote 374 removido de 003 na secao 001
0002808 pacote 371 removido de 003 na secao 001
0002809 pacote 369 removido de 003 na secao 001
0002810 pacote 353 removido de 003 na secao 001
0002811 pacote 350 removido de 003 na secao 001
0002812 pacote 348 removido de 003 na secao 001
0002813 pacote 342 removido de 003 na secao 001
0002814 pacote 337 removido de 003 na secao 001
0002815 pacote 330 removido de 003 na secao 001
0002816 pacote 324 removido de 003 na secao 001
0002817 pacote 322 removido de 003 na secao 001
0002818 pacote 305 removido de 003 na secao 001
0002819 pacote 302 removido de 003 na secao 001
0002820 pacote 291 removido de 003 na secao 001
0002821 pacote 290 removido de 003 na secao 001
0002822 pacote 289 removido de 003 na secao 001
0002823 pacote 284 removido de 003 na secao 001
0002824 pacote 279 removido de 003 na secao 001
0002825 pacote 276 removido de 003 na secao 001
0002826 pacote 274 removido de 003 na secao 001
0002827 pacote 271 removido de 003 na secao 001
0002828 pacote 259 removido de 003 na secao 001
0002829 pacote 256 removido de 003 na secao 001
0002830 pacote 255 removido de 003 na secao 001
0002830 pacote 255 em transito de 003 para 001
0002830 pacote 256 em transito de 003 para 001
0002830 pacote 259 rearmazenado em 003 na secao 001
0002830 pacote 271 rearmazenado em 003 na secao 001
0002830 pacote 274 rearmazenado em 003 na secao 001
0002830 pacote 276 rearmazenado em 003 na secao 001
0002830 pacote 279 rearmazenado em 003 na secao 001
0002830 pacote 284 rearmazenado em 003 na secao 001
0002830 pacote 289 rearmazenado em 003 na secao 001
0002830 pacote 290 rearmazenado em 003 na secao 001
0002830 pacote 291 rearmazenado em 003 na secao 001
0002830 pacote 302 rearmazenado em 003 na secao 001
0002830 pacote 305 rearmazenado em 003 na secao 001
0002830 pacote 322 rearmazenado em 003 na secao 001
0002830 pacote 324 rearmazenado em 003 na secao 001
0002830 pacote 330 rearmazenado em 003 na secao 001
0002830 pacote 337 rearmazenado em 003 na secao 001
0002830 pacote 342 rearmazenado em 003 na secao 001
0002830 pacote 348 rearmazenado em 003 na secao 001
0002830 pacote 350 rearmazenado em 003 na secao 001
0002830 pacote 353 rearmazenado em 003 na secao 001
0002830 pacote 369 rearmazenado em 003 na secao 001
0002830 pacote 371 rearmazenado em 003 na secao 001
0002830 pacote 374 rearmazenado em 003 na secao 001
0002830 pacote 382 rearmazenado em 003 na secao 001
0002830 pacote 385 rearmazenado em 003 na secao 001
0002830 pacote 388 rearmazenado em 003 na secao 001
0002830 pacote 392 rearmazenado em 003 na secao 001
0002803 pacote 277 removido de 004 na secao 000
0002804 pacote 273 removido de 004 na secao 000
0002805 pacote 269 removido de 004 na secao 000
0002806 pacote 260 removido de 004 na secao 000
0002807 pacote 243 removido de 004 na secao 000
0002808 pacote 105 removido de 004 na secao 000
0002809 pacote 237 removido de 004 na secao 000
0002810 pacote 098 removido de 004 na secao 000
0002811 pacote 095 removido de 004 na secao 000
0002812 pacote 218 removido de 004 na secao 000
0002813 pacote 211 removido de 004 na secao 000
0002814 pacote 204 removido de 004 na secao 000
0002815 pacote 082 removido de 004 na secao 000
0002816 pacote 194 removido de 004 na secao 000
0002817 pacote 080 removido de 004 na secao 000
0002818 pacote 395 removido de 004 na secao 000
0002819 pacote 141 removido de 004 na secao 000
0002820 pacote 073 removido de 004 na secao 000
0002821 pacote 373 removido de 004 na secao 000
0002822 pacote 372 removido de 004 na secao 000
0002823 pacote 370 removido de 004 na secao 000
0002824 pacote 367 removido de 004 na secao 000
0002825 pacote 361 removido de 004 na secao 000
0002826 pacote 360 removido de 004 na secao 000
0002827 pacote 346 removido de 004 na secao 000
0002828 pacote 135 removido de 004 na secao 000
0002829 pacote 335 removido de 004 na secao 000
0002830 pacote 328 removido de 004 na secao 000
0002831 pacote 323 removido de 004 na secao 000
0002832 pacote 128 removido de 004 na secao 000
0002832 pacote 128 em transito de 004 para 000
0002832 pacote 323 em transito de 004 para 000
0002832 pacote 328 rearmazenado em 004 na secao 000
0002832 pacote 335 rearmazenado em 004 na secao 000
0002832 pacote 135 rearmazenado em 004 na secao 000
0002832 pacote 346 rearmazenado em 004 na secao 000
0002832 pacote 360 rearmazenado em 004 na secao 000
0002832 pacote 361 rearmazenado em 004 na secao 000
0002832 pacote 367 rearmazenado em 004 na secao 000
0002832 pacote 370 rearmazenado em 004 na secao 000
0002832 pacote 372 rearmazenado em 004 na secao 000
0002832 pacote 373 rearmazenado em 004 na secao 000
0002832 pacote 073 rearmazenado em 004 na secao 000
0002832 pacote 141 rearmazenado em 004 na secao 000
0002832 pacote 395 rearmazenado em 004 na secao 000
0002832 pacote 080 rearmazenado em 004 na secao 000
0002832 pacote 194 rearmazenado em 004 na secao 000
0002832 pacote 082 rearmazenado em 004 na secao 000
0002832 pacote 204 rearmazenado em 004 na secao 000
0002832 pacote 211 rearmazenado em 004 na secao 000
0002832 pacote 218 rearmazenado em 004 na secao 000
0002832 pacote 095 rearmazenado em 004 na secao 000
0002832 pacote 098 rearmazenado em 004 na secao 000
0002832 pacote 237 rearmazenado em 004 na secao 000
0002832 pacote 105 rearmazenado em 004 na secao 000
0002832 pacote 243 rearmazenado em 004 na secao 000
0002832 pacote 260 rearmazenado em 004 na secao 000
0002832 pacote 269 rearmazenado em 004 na secao 000
0002832 pacote 273 rearmazenado em 004 na secao 000
0002832 pacote 277 rearmazenado em 004 na secao 000
0002803 pacote 120 removido de 004 na secao 001
0002804 pacote 275 removido de 004 na secao 001
0002805 pacote 116 removido de 004 na secao 001
0002806 pacote 263 removido de 004 na secao 001
0002807 pacote 113 removido de 004 na secao 001
0002808 pacote 239 removido de 004 na secao 001
0002809 pacote 111 removido de 004 na secao 001
0002810 pacote 233 removido de 004 na secao 001
0002811 pacote 099 removido de 004 na secao 001
0002812 pacote 220 removido de 004 na secao 001
0002813 pacote 217 removido de 004 na secao 001
0002814 pacote 094 removido de 004 na secao 001
0002815 pacote 091 removido de 004 na secao 001
0002816 pacote 193 removido de 004 na secao 001
0002817 pacote 187 removido de 004 na secao 001
0002818 pacote 398 removido de 004 na secao 001
0002819 pacote 176 removido de 004 na secao 001
0002820 pacote 396 removido de 004 na secao 001
0002821 pacote 363 removido de 004 na secao 001
0002822 pacote 359 removido de 004 na secao 001
0002823 pacote 358 removido de 004 na secao 001
0002824 pacote 170 removido de 004 na secao 001
0002825 pacote 169 removido de 004 na secao 001
0002826 pacote 345 removido de 004 na secao 001
0002827 pacote 343 removido de 004 na secao 001
0002828 pacote 338 removido de 004 na secao 001
0002829 pacote 165 removido de 004 na secao 001
0002830 pacote 161 removido de 004 na secao 001
0002831 pacote 336 removido de 004 na secao 001
0002832 pacote 333 removido de 004 na secao 001
0002833 pacote 327 removido de 004 na secao 001
0002834 pacote 321 removido de 004 na secao 001
0002835 pacote 319 removido de 004 na secao 001
0002835 pacote 319 em transito de 004 para 001
0002835 pacote 321 em transito de 004 para 001
0002835 pacote 327 rearmazenado em 004 na secao 001
0002835 pacote 333 rearmazenado em 004 na secao 001
0002835 pacote 336 rearmazenado em 004 na secao 001
0002835 pacote 161 rearmazenado em 004 na secao 001
0002835 pacote 165 rearmazenado em 004 na secao 001
0002835 pacote 338 rearmazenado em 004 na secao 001
0002835 pacote 343 rearmazenado em 004 na secao 001
0002835 pacote 345 rearmazenado em 004 na secao 001
0002835 pacote 169 rearmazenado em 004 na secao 001
0002835 pacote 170 rearmazenado em 004 na secao 001
0002835 pacote 358 rearmazenado em 004 na secao 001
0002835 pacote 359 rearmazenado em 004 na secao 001
0002835 pacote 363 rearmazenado em 004 na secao 001
0002835 pacote 396 rearmazenado em 004 na secao 001
0002835 pacote 176 rearmazenado em 004 na secao 001
0002835 pacote 398 rearmazenado em 004 na secao 001
0002835 pacote 187 rearmazenado em 004 na secao 001
0002835 pacote 193 rearmazenado em 004 na secao 001
0002835 pacote 091 rearmazenado em 004 na secao 001
0002835 pacote 094 rearmazenado em 004 na secao 001
0002835 pacote 217 rearmazenado em 004 na secao 001
0002835 pacote 220 rearmazenado em 004 na secao 001
0002835 pacote 099 rearmazenado em 004 na secao 001
0002835 pacote 233 rearmazenado em 004 na secao 001
0002835 pacote 111 rearmazenado em 004 na secao 001
0002835 pacote 239 rearmazenado em 004 na secao 001
0002835 pacote 113 rearmazenado em 004 na secao 001
0002835 pacote 263 rearmazenado em 004 na secao 001
0002835 pacote 116 rearmazenado em 004 na secao 001
0002835 pacote 275 rearmazenado em 004 na secao 001
0002835 pacote 120 rearmazenado em 004 na secao 001
0002823 pacote 156 entregue em 003
0002827 pacote 247 entregue em 002
0002827 pacote 249 entregue em 002
0002840 pacote 292 armazenado em 000 na secao 004
0002840 pacote 297 armazenado em 000 na secao 004
0002850 pacote 255 armazenado em 001 na secao 004
0002850 pacote 256 armazenado em 001 na secao 004
0002852 pacote 128 entregue em 000
0002852 pacote 323 entregue em 000
0002855 pacote 319 armazenado em 001 na secao 003
0002855 pacote 321 entregue em 001
0002858 pacote 298 entregue em 004
0002858 pacote 304 entregue em 004
0002862 pacote 117 armazenado em 004 na secao 000
0002862 pacote 287 entregue em 004
0002903 pacote 303 removido de 000 na secao 002
0002904 pacote 286 removido de 000 na secao 002
0002905 pacote 062 removido de 000 na secao 002
0002905 pacote 062 em transito de 000 para 002
0002905 pacote 286 em transito de 000 para 002
0002905 pacote 303 rearmazenado em 000 na secao 002
0002903 pacote 297 removido de 000 na secao 004
0002904 pacote 292 removido de 000 na secao 004
0002905 pacote 288 removido de 000 na secao 004
0002906 pacote 266 removido de 000 na secao 004
0002907 pacote 264 removido de 000 na secao 004
0002908 pacote 257 removido de 000 na secao 004
0002909 pacote 250 removido de 000 na secao 004
0002910 pacote 230 removido de 000 na secao 004
0002911 pacote 228 removido de 000 na secao 004
0002912 pacote 227 removido de 000 na secao 004
0002913 pacote 221 removido de 000 na secao 004
0002914 pacote 207 removido de 000 na secao 004
0002915 pacote 205 removido de 000 na secao 004
0002916 pacote 198 removido de 000 na secao 004
0002917 pacote 196 removido de 000 na secao 004
0002918 pacote 184 removido de 000 na secao 004
0002919 pacote 179 removido de 000 na secao 004
0002920 pacote 177 removido de 000 na secao 004
0002921 pacote 174 removido de 000 na secao 004
0002922 pacote 172 removido de 000 na secao 004
0002923 pacote 397 removido de 000 na secao 004
0002924 pacote 391 removido de 000 na secao 004
0002925 pacote 390 removido de 000 na secao 004
0002926 pacote 381 removido de 000 na secao 004
0002927 pacote 380 removido de 000 na secao 004
0002928 pacote 149 removido de 000 na secao 004
0002929 pacote 148 removido de 000 na secao 004
0002930 pacote 365 removido de 000 na secao 004
0002931 pacote 351 removido de 000 na secao 004
0002932 pacote 349 removido de 000 na secao 004
0002933 pacote 143 removido de 000 na secao 004
0002934 pacote 142 removido de 000 na secao 004
0002935 pacote 334 removido de 000 na secao 004
0002936 pacote 331 removido de 000 na secao 004
0002937 pacote 313 removido de 000 na secao 004
0002938 pacote 136 removido de 000 na secao 004
0002938 pacote 136 em transito de 000 para 004
0002938 pacote 313 em transito de 000 para 004
0002938 pacote 331 rearmazenado em 000 na secao 004
0002938 pacote 334 rearmazenado em 000 na secao 004
0002938 pacote 142 rearmazenado em 000 na secao 004
0002938 pacote 143 rearmazenado em 000 na secao 004
0002938 pacote 349 rearmazenado em 000 na secao 004
0002938 pacote 351 rearmazenado em 000 na secao 004
0002938 pacote 365 rearmazenado em 000 na secao 004
0002938 pacote 148 rearmazenado em 000 na secao 004
0002938 pacote 149 rearmazenado em 000 na secao 004
0002938 pacote 380 rearmazenado em 000 na secao 004
0002938 pacote 381 rearmazenado em 000 na secao 004
0002938 pacote 390 rearmazenado em 000 na secao 004
0002938 pacote 391 rearmazenado em 000 na secao 004
0002938 pacote 397 rearmazenado em 000 na secao 004
0002938 pacote 172 rearmazenado em 000 na secao 004
0002938 pacote 174 rearmazenado em 000 na secao 004
0002938 pacote 177 rearmazenado em 000 na secao 004
0002938 pacote 179 rearmazenado em 000 na secao 004
0002938 pacote 184 rearmazenado em 000 na secao 004
0002938 pacote 196 rearmazenado em 000 na secao 004
0002938 pacote 198 rearmazenado em 000 na secao 004
0002938 pacote 205 rearmazenado em 000 na secao 004
0002938 pacote 207 rearmazenado em 000 na secao 004
0002938 pacote 221 rearmazenado em 000 na secao 004
0002938 pacote 227 rearmazenado em 000 na secao 004
0002938 pacote 228 rearmazenado em 000 na secao 004
0002938 pacote 230 rearmazenado em 000 na secao 004
0002938 pacote 250 rearmazenado em 000 na secao 004
0002938 pacote 257 rearmazenado em 000 na secao 004
0002938 pacote 264 rearmazenado em 000 na secao 004
0002938 pacote 266 rearmazenado em 000 na secao 004
0002938 pacote 288 rearmazenado em 000 na secao 004
0002938 pacote 292 rearmazenado em 000 na secao 004
0002938 pacote 297 rearmazenado em 000 na secao 004
0002903 pacote 319 removido de 001 na secao 003
0002903 pacote 319 em transito de 001 para 003
0002903 pacote 256 removido de 001 na secao 004
0002904 pacote 255 removido de 001 na secao 004
0002905 pacote 253 removido de 001 na secao 004
0002906 pacote 252 removido de 001 na secao 004
0002907 pacote 242 removido de 001 na secao 004
0002908 pacote 241 removido de 001 na secao 004
0002909 pacote 235 removido de 001 na secao 004
0002910 pacote 223 removido de 001 na secao 004
0002911 pacote 212 removido de 001 na secao 004
0002912 pacote 199 removido de 001 na secao 004
0002913 pacote 195 removido de 001 na secao 004
0002914 pacote 192 removido de 001 na secao 004
0002915 pacote 188 removido de 001 na secao 004
0002916 pacote 182 removido de 001 na secao 004
0002917 pacote 181 removido de 001 na secao 004
0002918 pacote 164 removido de 001 na secao 004
0002919 pacote 393 removido de 001 na secao 004
0002920 pacote 389 removido de 001 na secao 004
0002921 pacote 387 removido de 001 na secao 004
0002922 pacote 386 removido de 001 na secao 004
0002923 pacote 379 removido de 001 na secao 004
0002924 pacote 159 removido de 001 na secao 004
0002925 pacote 152 removido de 001 na secao 004
0002926 pacote 364 removido de 001 na secao 004
0002927 pacote 144 removido de 001 na secao 004
0002928 pacote 129 removido de 001 na secao 004
0002929 pacote 344 removido de 001 na secao 004
0002930 pacote 340 removido de 001 na secao 004
0002931 pacote 126 removido de 001 na secao 004
0002932 pacote 332 removido de 001 na secao 004
0002933 pacote 326 removido de 001 na secao 004
0002934 pacote 317 removido de 001 na secao 004
0002935 pacote 316 removido de 001 na secao 004
0002936 pacote 314 removido de 001 na secao 004
0002937 pacote 123 removido de 001 na secao 004
0002938 pacote 121 removido de 001 na secao 004
0002939 pacote 309 removido de 001 na secao 004
0002940 pacote 306 removido de 001 na secao 004
0002941 pacote 294 removido de 001 na secao 004
0002942 pacote 293 removido de 001 na secao 004
0002942 pacote 293 em transito de 001 para 004
0002942 pacote 294 em transito de 001 para 004
0002942 pacote 306 rearmazenado em 001 na secao 004
0002942 pacote 309 rearmazenado em 001 na secao 004
0002942 pacote 121 rearmazenado em 001 na secao 004
0002942 pacote 123 rearmazenado em 001 na secao 004
0002942 pacote 314 rearmazenado em 001 na secao 004
0002942 pacote 316 rearmazenado em 001 na secao 004
0002942 pacote 317 rearmazenado em 001 na secao 004
0002942 pacote 326 rearmazenado em 001 na secao 004
0002942 pacote 332 rearmazenado em 001 na secao 004
0002942 pacote 126 rearmazenado em 001 na secao 004
0002942 pacote 340 rearmazenado em 001 na secao 004
0002942 pacote 344 rearmazenado em 001 na secao 004
0002942 pacote 129 rearmazenado em 001 na secao 004
0002942 pacote 144 rearmazenado em 001 na secao 004
0002942 pacote 364 rearmazenado em 001 na secao 004
0002942 pacote 152 rearmazenado em 001 na secao 004
0002942 pacote 159 rearmazenado em 001 na secao 004
0002942 pacote 379 rearmazenado em 001 na secao 004
0002942 pacote 386 rearmazenado em 001 na secao 004
0002942 pacote 387 rearmazenado em 001 na secao 004
0002942 pacote 389 rearmazenado em 001 na secao 004
0002942 pacote 393 rearmazenado em 001 na secao 004
0002942 pacote 164 rearmazenado em 001 na secao 004
0002942 pacote 181 rearmazenado em 001 na secao 004
0002942 pacote 182 rearmazenado em 001 na secao 004
0002942 pacote 188 rearmazenado em 001 na secao 004
0002942 pacote 192 rearmazenado em 001 na secao 004
0002942 pacote 195 rearmazenado em 001 na secao 004
0002942 pacote 199 rearmazenado em 001 na secao 004
0002942 pacote 212 rearmazenado em 001 na secao 004
0002942 pacote 223 rearmazenado em 001 na secao 004
0002942 pacote 235 rearmazenado em 001 na secao 004
0002942 pacote 241 rearmazenado em 001 na secao 004
0002942 pacote 242 rearmazenado em 001 na secao 004
0002942 pacote 252 rearmazenado em 001 na secao 004
0002942 pacote 253 rearmazenado em 001 na secao 004
0002942 pacote 255 rearmazenado em 001 na secao 004
0002942 pacote 256 rearmazenado em 001 na secao 004
0002903 pacote 394 removido de 002 na secao 000
0002904 pacote 384 removido de 002 na secao 000
0002905 pacote 377 removido de 002 na secao 000
0002906 pacote 366 removido de 002 na secao 000
0002907 pacote 357 removido de 002 na secao 000
0002908 pacote 356 removido de 002 na secao 000
0002909 pacote 355 removido de 002 na secao 000
0002910 pacote 352 removido de 002 na secao 000
0002911 pacote 347 removido de 002 na secao 000
0002912 pacote 325 removido de 002 na secao 000
0002913 pacote 320 removido de 002 na secao 000
0002914 pacote 315 removido de 002 na secao 000
0002915 pacote 311 removido de 002 na secao 000
0002916 pacote 308 removido de 002 na secao 000
0002917 pacote 300 removido de 002 na secao 000
0002918 pacote 299 removido de 002 na secao 000
0002918 pacote 299 em transito de 002 para 000
0002918 pacote 300 em transito de 002 para 000
0002918 pacote 308 rearmazenado em 002 na secao 000
0002918 pacote 311 rearmazenado em 002 na secao 000
0002918 pacote 315 rearmazenado em 002 na secao 000
0002918 pacote 320 rearmazenado em 002 na secao 000
0002918 pacote 325 rearmazenado em 002 na secao 000
0002918 pacote 347 rearmazenado em 002 na secao 000
0002918 pacote 352 rearmazenado em 002 na secao 000
0002918 pacote 355 rearmazenado em 002 na secao 000
0002918 pacote 356 rearmazenado em 002 na secao 000
0002918 pacote 357 rearmazenado em 002 na secao 000
0002918 pacote 366 rearmazenado em 002 na secao 000
0002918 pacote 377 rearmazenado em 002 na secao 000
0002918 pacote 384 rearmazenado em 002 na secao 000
0002918 pacote 394 rearmazenado em 002 na secao 000
0002903 pacote 392 removido de 003 na secao 001
0002904 pacote 388 removido de 003 na secao 001
0002905 pacote 385 removido de 003 na secao 001
0002906 pacote 382 removido de 003 na secao 001
0002907 pacote 374 removido de 003 na secao 001
0002908 pacote 371 removido de 003 na secao 001
0002909 pacote 369 removido de 003 na secao 001
0002910 pacote 353 removido de 003 na secao 001
0002911 pacote 350 removido de 003 na secao 001
0002912 pacote 348 removido de 003 na secao 001
0002913 pacote 342 removido de 003 na secao 001
0002914 pacote 337 removido de 003 na secao 001
0002915 pacote 330 removido de 003 na secao 001
0002916 pacote 324 removido de 003 na secao 001
0002917 pacote 322 removido de 003 na secao 001
0002918 pacote 305 removido de 003 na secao 001
0002919 pacote 302 removido de 003 na secao 001
0002920 pacote 291 removido de 003 na secao 001
0002921 pacote 290 removido de 003 na secao 001
0002922 pacote 289 removido de 003 na secao 001
0002923 pacote 284 removido de 003 na secao 001
0002924 pacote 279 removido de 003 na secao 001
0002925 pacote 276 removido de 003 na secao 001
0002926 pacote 274 removido de 003 na secao 001
0002927 pacote 271 removido de 003 na secao 001
0002928 pacote 259 removido de 003 na secao 001
0002928 pacote 259 em transito de 003 para 001
0002928 pacote 271 em transito de 003 para 001
0002928 pacote 274 rearmazenado em 003 na secao 001
0002928 pacote 276 rearmazenado em 003 na secao 001
0002928 pacote 279 rearmazenado em 003 na secao 001
0002928 pacote 284 rearmazenado em 003 na secao 001
0002928 pacote 289 rearmazenado em 003 na secao 001
0002928 pacote 290 rearmazenado em 003 na secao 001
0002928 pacote 291 rearmazenado em 003 na secao 001
0002928 pacote 302 rearmazenado em 003 na secao 001
0002928 pacote 305 rearmazenado em 003 na secao 001
0002928 pacote 322 rearmazenado em 003 na secao 001
0002928 pacote 324 rearmazenado em 003 na secao 001
0002928 pacote 330 rearmazenado em 003 na secao 001
0002928 pacote 337 rearmazenado em 003 na secao 001
0002928 pacote 342 rearmazenado em 003 na secao 001
0002928 pacote 348 rearmazenado em 003 na secao 001
0002928 pacote 350 rearmazenado em 003 na secao 001
0002928 pacote 353 rearmazenado em 003 na secao 001
0002928 pacote 369 rearmazenado em 003 na secao 001
0002928 pacote 371 rearmazenado em 003 na secao 001
0002928 pacote 374 rearmazenado em 003 na secao 001
0002928 pacote 382 rearmazenado em 003 na secao 001
0002928 pacote 385 rearmazenado em 003 na secao 001
0002928 pacote 388 rearmazenado em 003 na secao 001
0002928 pacote 392 rearmazenado em 003 na secao 001
0002903 pacote 117 removido de 004 na secao 000
0002904 pacote 277 removido de 004 na secao 000
0002905 pacote 273 removido de 004 na secao 000
0002906 pacote 269 removido de 004 na secao 000
0002907 pacote 260 removido de 004 na secao 000
0002908 pacote 243 removido de 004 na secao 000
0002909 pacote 105 removido de 004 na secao 000
0002910 pacote 237 removido de 004 na secao 000
0002911 pacote 098 removido de 004 na secao 000
0002912 pacote 095 removido de 004 na secao 000
0002913 pacote 218 removido de 004 na secao 000
0002914 pacote 211 removido de 004 na secao 000
0002915 pacote 204 removido de 004 na secao 000
0002916 pacote 082 removido de 004 na secao 000
0002917 pacote 194 removido de 004 na secao 000
0002918 pacote 080 removido de 004 na secao 000
0002919 pacote 395 removido de 004 na secao 000
0002920 pacote 141 removido de 004 na secao 000
0002921 pacote 073 removido de 004 na secao 000
0002922 pacote 373 removido de 004 na secao 000
0002923 pacote 372 removido de 004 na secao 000
0002924 pacote 370 removido de 004 na secao 000
0002925 pacote 367 removido de 004 na secao 000
0002926 pacote 361 removido de 004 na secao 000
0002927 pacote 360 removido de 004 na secao 000
0002928 pacote 346 removido de 004 na secao 000
0002929 pacote 135 removido de 004 na secao 000
0002930 pacote 335 removido de 004 na secao 000
0002931 pacote 328 removido de 004 na secao 000
0002931 pacote 328 em transito de 004 para 000
0002931 pacote 335 em transito de 004 para 000
0002931 pacote 135 rearmazenado em 004 na secao 000
0002931 pacote 346 rearmazenado em 004 na secao 000
0002931 pacote 360 rearmazenado em 004 na secao 000
0002931 pacote 361 rearmazenado em 004 na secao 000
0002931 pacote 367 rearmazenado em 004 na secao 000
0002931 pacote 370 rearmazenado em 004 na secao 000
0002931 pacote 372 rearmazenado em 004 na secao 000
0002931 pacote 373 rearmazenado em 004 na secao 000
0002931 pacote 073 rearmazenado em 004 na secao 000
0002931 pacote 141 rearmazenado em 004 na secao 000
0002931 pacote 395 rearmazenado em 004 na secao 000
0002931 pacote 080 rearmazenado em 004 na secao 000
0002931 pacote 194 rearmazenado em 004 na secao 000
0002931 pacote 082 rearmazenado em 004 na secao 000
0002931 pacote 204 rearmazenado em 004 na secao 000
0002931 pacote 211 rearmazenado em 004 na secao 000
0002931 pacote 218 rearmazenado em 004 na secao 000
0002931 pacote 095 rearmazenado em 004 na secao 000
0002931 pacote 098 rearmazenado em 004 na secao 000
0002931 pacote 237 rearmazenado em 004 na secao 000
0002931 pacote 105 rearmazenado em 004 na secao 000
0002931 pacote 243 rearmazenado em 004 na secao 000
0002931 pacote 260 rearmazenado em 004 na secao 000
0002931 pacote 269 rearmazenado em 004 na secao 000
0002931 pacote 273 rearmazenado em 004 na secao 000
0002931 pacote 277 rearmazenado em 004 na secao 000
0002931 pacote 117 rearmazenado em 004 na secao 000
0002903 pacote 120 removido de 004 na secao 001
0002904 pacote 275 removido de 004 na secao 001
0002905 pacote 116 removido de 004 na secao 001
0002906 pacote 263 removido de 004 na secao 001
0002907 pacote 113 removido de 004 na secao 001
0002908 pacote 239 removido de 004 na secao 001
0002909 pacote 111 removido de 004 na secao 001
0002910 pacote 233 removido de 004 na secao 001
0002911 pacote 099 removido de 004 na secao 001
0002912 pacote 220 removido de 004 na secao 001
0002913 pacote 217 removido de 004 na secao 001
0002914 pacote 094 removido de 004 na secao 001
0002915 pacote 091 removido de 004 na secao 001
0002916 pacote 193 removido de 004 na secao 001
0002917 pacote 187 removido de 004 na secao 001
0002918 pacote 398 removido de 004 na secao 001
0002919 pacote 176 removido de 004 na secao 001
0002920 pacote 396 removido de 004 na secao 001
0002921 pacote 363 removido de 004 na secao 001
0002922 pacote 359 removido de 004 na secao 001
0002923 pacote 358 removido de 004 na secao 001
0002924 pacote 170 removido de 004 na secao 001
0002925 pacote 169 removido de 004 na secao 001
0002926 pacote 345 removido de 004 na secao 001
0002927 pacote 343 removido de 004 na secao 001
0002928 pacote 338 removido de 004 na secao 001
0002929 pacote 165 removido de 004 na secao 001
0002930 pacote 161 removido de 004 na secao 001
0002931 pacote 336 removido de 004 na secao 001
0002932 pacote 333 removido de 004 na secao 001
0002933 pacote 327 removido de 004 na secao 001
0002933 pacote 327 em transito de 004 para 001
0002933 pacote 333 em transito de 004 para 001
0002933 pacote 336 rearmazenado em 004 na secao 001
0002933 pacote 161 rearmazenado em 004 na secao 001
0002933 pacote 165 rearmazenado em 004 na secao 001
0002933 pacote 338 rearmazenado em 004 na secao 001
0002933 pacote 343 rearmazenado em 004 na secao 001
0002933 pacote 345 rearmazenado em 004 na secao 001
0002933 pacote 169 rearmazenado em 004 na secao 001
0002933 pacote 170 rearmazenado em 004 na secao 001
0002933 pacote 358 rearmazenado em 004 na secao 001
0002933 pacote 359 rearmazenado em 004 na secao 001
0002933 pacote 363 rearmazenado em 004 na secao 001
0002933 pacote 396 rearmazenado em 004 na secao 001
0002933 pacote 176 rearmazenado em 004 na secao 001
0002933 pacote 398 rearmazenado em 004 na secao 001
0002933 pacote 187 rearmazenado em 004 na secao 001
0002933 pacote 193 rearmazenado em 004 na secao 001
0002933 pacote 091 rearmazenado em 004 na secao 001
0002933 pacote 094 rearmazenado em 004 na secao 001
0002933 pacote 217 rearmazenado em 004 na secao 001
0002933 pacote 220 rearmazenado em 004 na secao 001
0002933 pacote 099 rearmazenado em 004 na secao 001
0002933 pacote 233 rearmazenado em 004 na secao 001
0002933 pacote 111 rearmazenado em 004 na secao 001
0002933 pacote 239 rearmazenado em 004 na secao 001
0002933 pacote 113 rearmazenado em 004 na secao 001
0002933 pacote 263 rearmazenado em 004 na secao 001
0002933 pacote 116 rearmazenado em 004 na secao 001
0002933 pacote 275 rearmazenado em 004 na secao 001
0002933 pacote 120 rearmazenado em 004 na secao 001
0002923 pacote 319 entregue em 003
0002925 pacote 062 entregue em 002
0002925 pacote 286 entregue em 002
0002938 pacote 299 armazenado em 000 na secao 004
0002938 pacote 300 armazenado em 000 na secao 004
0002948 pacote 259 armazenado em 001 na secao 004
0002948 pacote 271 entregue em 001
0002951 pacote 328 armazenado em 000 na secao 002
0002951 pacote 335 entregue em 000
0002953 pacote 327 armazenado em 001 na secao 003
0002953 pacote 333 armazenado em 001 na secao 003
0002958 pacote 136 armazenado em 004 na secao 001
0002958 pacote 313 armazenado em 004 na secao 001
0002962 pacote 293 entregue em 004
0002962 pacote 294 armazenado em 004 na secao 000
0003003 pacote 328 removido de 000 na secao 002
0003004 pacote 303 removido de 000 na secao 002
0003004 pacote 303 em transito de 000 para 002
0003004 pacote 328 em transito de 000 para 002
0003003 pacote 300 removido de 000 na secao 004
0003004 pacote 299 removido de 000 na secao 004
0003005 pacote 297 removido de 000 na secao 004
0003006 pacote 292 removido de 000 na secao 004
0003007 pacote 288 removido de 000 na secao 004
0003008 pacote 266 removido de 000 na secao 004
0003009 pacote 264 removido de 000 na secao 004
0003010 pacote 257 removido de 000 na secao 004
0003011 pacote 250 removido de 000 na secao 004
0003012 pacote 230 removido de 000 na secao 004
0003013 pacote 228 removido de 000 na secao 004
0003014 pacote 227 removido de 000 na secao 004
0003015 pacote 221 removido de 000 na secao 004
0003016 pacote 207 removido de 000 na secao 004
0003017 pacote 205 removido de 000 na secao 004
0003018 pacote 198 removido de 000 na secao 004
0003019 pacote 196 removido de 000 na secao 004
0003020 pacote 184 removido de 000 na secao 004
0003021 pacote 179 removido de 000 na secao 004
0003022 pacote 177 removido de 000 na secao 004
0003023 pacote 174 removido de 000 na secao 004
0003024 pacote 172 removido de 000 na secao 004
0003025 pacote 397 removido de 000 na secao 004
0003026 pacote 391 removido de 000 na secao 004
0003027 pacote 390 removido de 000 na secao 004
0003028 pacote 381 removido de 000 na secao 004
0003029 pacote 380 removido de 000 na secao 004
0003030 pacote 149 removido de 000 na secao 004
0003031 pacote 148 removido de 000 na secao 004
0003032 pacote 365 removido de 000 na secao 004
0003033 pacote 351 removido de 000 na secao 004
0003034 pacote 349 removido de 000 na secao 004
0003035 pacote 143 removido de 000 na secao 004
0003036 pacote 142 removido de 000 na secao 004
0003037 pacote 334 removido de 000 na secao 004
0003038 pacote 331 removido de 000 na secao 004
0003038 pacote 331 em transito de 000 para 004
0003038 pacote 334 em transito de 000 para 004
0003038 pacote 142 rearmazenado em 000 na secao 004
0003038 pacote 143 rearmazenado em 000 na secao 004
0003038 pacote 349 rearmazenado em 000 na secao 004
0003038 pacote 351 rearmazenado em 000 na secao 004
0003038 pacote 365 rearmazenado em 000 na secao 004
0003038 pacote 148 rearmazenado em 000 na secao 004
0003038 pacote 149 rearmazenado em 000 na secao 004
0003038 pacote 380 rearmazenado em 000 na secao 004
0003038 pacote 381 rearmazenado em 000 na secao 004
0003038 pacote 390 rearmazenado em 000 na secao 004
0003038 pacote 391 rearmazenado em 000 na secao 004
0003038 pacote 397 rearmazenado em 000 na secao 004
0003038 pacote 172 rearmazenado em 000 na secao 004
0003038 pacote 174 rearmazenado em 000 na secao 004
0003038 pacote 177 rearmazenado em 000 na secao 004
0003038 pacote 179 rearmazenado em 000 na secao 004
0003038 pacote 184 rearmazenado em 000 na secao 004
0003038 pacote 196 rearmazenado em 000 na secao 004
0003038 pacote 198 rearmazenado em 000 na secao 004
0003038 pacote 205 rearmazenado em 000 na secao 004
0003038 pacote 207 rearmazenado em 000 na secao 004
0003038 pacote 221 rearmazenado em 000 na secao 004
0003038 pacote 227 rearmazenado em 000 na secao 004
0003038 pacote 228 rearmazenado em 000 na secao 004
0003038 pacote 230 rearmazenado em 000 na secao 004
0003038 pacote 250 rearmazenado em 000 na secao 004
0003038 pacote 257 rearmazenado em 000 na secao 004
0003038 pacote 264 rearmazenado em 000 na secao 004
0003038 pacote 266 rearmazenado em 000 na secao 004
0003038 pacote 288 rearmazenado em 000 na secao 004
0003038 pacote 292 rearmazenado em 000 na secao 004
0003038 pacote 297 rearmazenado em 000 na secao 004
0003038 pacote 299 rearmazenado em 000 na secao 004
0003038 pacote 300 rearmazenado em 000 na secao 004
0003003 pacote 333 removido de 001 na secao 003
0003004 pacote 327 removido de 001 na secao 003
0003004 pacote 327 em transito de 001 para 003
0003004 pacote 333 em transito de 001 para 003
0003003 pacote 259 removido de 001 na secao 004
0003004 pacote 256 removido de 001 na secao 004
0003005 pacote 255 removido de 001 na secao 004
0003006 pacote 253 removido de 001 na secao 004
0003007 pacote 252 removido de 001 na secao 004
0003008 pacote 242 removido de 001 na secao 004
0003009 pacote 241 removido de 001 na secao 004
0003010 pacote 235 removido de 001 na secao 004
0003011 pacote 223 removido de 001 na secao 004
0003012 pacote 212 removido de 001 na secao 004
0003013 pacote 199 removido de 001 na secao 004
0003014 pacote 195 removido de 001 na secao 004
0003015 pacote 192 removido de 001 na secao 004
0003016 pacote 188 removido de 001 na secao 004
0003017 pacote 182 removido de 001 na secao 004
0003018 pacote 181 removido de 001 na secao 004
0003019 pacote 164 removido de 001 na secao 004
0003020 pacote 393 removido de 001 na secao 004
0003021 pacote 389 removido de 001 na secao 004
0003022 pacote 387 removido de 001 na secao 004
0003023 pacote 386 removido de 001 na secao 004
0003024 pacote 379 removido de 001 na secao 004
0003025 pacote 159 removido de 001 na secao 004
0003026 pacote 152 removido de 001 na secao 004
0003027 pacote 364 removido de 001 na secao 004
0003028 pacote 144 removido de 001 na secao 004
0003029 pacote 129 removido de 001 na secao 004
0003030 pacote 344 removido de 001 na secao 004
0003031 pacote 340 removido de 001 na secao 004
0003032 pacote 126 removido de 001 na secao 004
0003033 pacote 332 removido de 001 na secao 004
0003034 pacote 326 removido de 001 na secao 004
0003035 pacote 317 removido de 001 na secao 004
0003036 pacote 316 removido de 001 na secao 004
0003037 pacote 314 removido de 001 na secao 004
0003038 pacote 123 removido de 001 na secao 004
0003039 pacote 121 removido de 001 na secao 004
0003040 pacote 309 removido de 001 na secao 004
0003041 pacote 306 removido de 001 na secao 004
0003041 pacote 306 em transito de 001 para 004
0003041 pacote 309 em transito de 001 para 004
0003041 pacote 121 rearmazenado em 001 na secao 004
0003041 pacote 123 rearmazenado em 001 na secao 004
0003041 pacote 314 rearmazenado em 001 na secao 004
0003041 pacote 316 rearmazenado em 001 na secao 004
0003041 pacote 317 rearmazenado em 001 na secao 004
0003041 pacote 326 rearmazenado em 001 na secao 004
0003041 pacote 332 rearmazenado em 001 na secao 004
0003041 pacote 126 rearmazenado em 001 na secao 004
0003041 pacote 340 rearmazenado em 001 na secao 004
0003041 pacote 344 rearmazenado em 001 na secao 004
0003041 pacote 129 rearmazenado em 001 na secao 004
0003041 pacote 144 rearmazenado em 001 na secao 004
0003041 pacote 364 rearmazenado em 001 na secao 004
0003041 pacote 152 rearmazenado em 001 na secao 004
0003041 pacote 159 rearmazenado em 001 na secao 004
0003041 pacote 379 rearmazenado em 001 na secao 004
0003041 pacote 386 rearmazenado em 001 na secao 004
0003041 pacote 387 rearmazenado em 001 na secao 004
0003041 pacote 389 rearmazenado em 001 na secao 004
0003041 pacote 393 rearmazenado em 001 na secao 004
0003041 pacote 164 rearmazenado em 001 na secao 004
0003041 pacote 181 rearmazenado em 001 na secao 004
0003041 pacote 182 rearmazenado em 001 na secao 004
0003041 pacote 188 rearmazenado em 001 na secao 004
0003041 pacote 192 rearmazenado em 001 na secao 004
0003041 pacote 195 rearmazenado em 001 na secao 004
0003041 pacote 199 rearmazenado em 001 na secao 004
0003041 pacote 212 rearmazenado em 001 na secao 004
0003041 pacote 223 rearmazenado em 001 na secao 004
0003041 pacote 235 rearmazenado em 001 na secao 004
0003041 pacote 241 rearmazenado em 001 na secao 004
0003041 pacote 242 rearmazenado em 001 na secao 004
0003041 pacote 252 rearmazenado em 001 na secao 004
0003041 pacote 253 rearmazenado em 001 na secao 004
0003041 pacote 255 rearmazenado em 001 na secao 004
0003041 pacote 256 rearmazenado em 001 na secao 004
0003041 pacote 259 rearmazenado em 001 na secao 004
0003003 pacote 394 removido de 002 na secao 000
0003004 pacote 384 removido de 002 na secao 000
0003005 pacote 377 removido de 002 na secao 000
0003006 pacote 366 removido de 002 na secao 000
0003007 pacote 357 removido de 002 na secao 000
0003008 pacote 356 removido de 002 na secao 000
0003009 pacote 355 removido de 002 na secao 000
0003010 pacote 352 removido de 002 na secao 000
0003011 pacote 347 removido de 002 na secao 000
0003012 pacote 325 removido de 002 na secao 000
0003013 pacote 320 removido de 002 na secao 000
0003014 pacote 315 removido de 002 na secao 000
0003015 pacote 311 removido de 002 na secao 000
0003016 pacote 308 removido de 002 na secao 000
0003016 pacote 308 em transito de 002 para 000
0003016 pacote 311 em transito de 002 para 000
0003016 pacote 315 rearmazenado em 002 na secao 000
0003016 pacote 320 rearmazenado em 002 na secao 000
0003016 pacote 325 rearmazenado em 002 na secao 000
0003016 pacote 347 rearmazenado em 002 na secao 000
0003016 pacote 352 rearmazenado em 002 na secao 000
0003016 pacote 355 rearmazenado em 002 na secao 000
0003016 pacote 356 rearmazenado em 002 na secao 000
0003016 pacote 357 rearmazenado em 002 na secao 000
0003016 pacote 366 rearmazenado em 002 na secao 000
0003016 pacote 377 rearmazenado em 002 na secao 000
0003016 pacote 384 rearmazenado em 002 na secao 000
0003016 pacote 394 rearmazenado em 002 na secao 000
0003003 pacote 392 removido de 003 na secao 001
0003004 pacote 388 removido de 003 na secao 001
0003005 pacote 385 removido de 003 na secao 001
0003006 pacote 382 removido de 003 na secao 001
0003007 pacote 374 removido de 003 na secao 001
0003008 pacote 371 removido de 003 na secao 001
0003009 pacote 369 removido de 003 na secao 001
0003010 pacote 353 removido de 003 na secao 001
0003011 pacote 350 removido de 003 na secao 001
0003012 pacote 348 removido de 003 na secao 001
0003013 pacote 342 removido de 003 na secao 001
0003014 pacote 337 removido de 003 na secao 001
0003015 pacote 330 removido de 003 na secao 001
0003016 pacote 324 removido de 003 na secao 001
0003017 pacote 322 removido de 003 na secao 001
0003018 pacote 305 removido de 003 na secao 001
0003019 pacote 302 removido de 003 na secao 001
0003020 pacote 291 removido de 003 na secao 001
0003021 pacote 290 removido de 003 na secao 001
0003022 pacote 289 removido de 003 na secao 001
0003023 pacote 284 removido de 003 na secao 001
0003024 pacote 279 removido de 003 na secao 001
0003025 pacote 276 removido de 003 na secao 001
0003026 pacote 274 removido de 003 na secao 001
0003026 pacote 274 em transito de 003 para 001
0003026 pacote 276 em transito de 003 para 001
0003026 pacote 279 rearmazenado em 003 na secao 001
0003026 pacote 284 rearmazenado em 003 na secao 001
0003026 pacote 289 rearmazenado em 003 na secao 001
0003026 pacote 290 rearmazenado em 003 na secao 001
0003026 pacote 291 rearmazenado em 003 na secao 001
0003026 pacote 302 rearmazenado em 003 na secao 001
0003026 pacote 305 rearmazenado em 003 na secao 001
0003026 pacote 322 rearmazenado em 003 na secao 001
0003026 pacote 324 rearmazenado em 003 na secao 001
0003026 pacote 330 rearmazenado em 003 na secao 001
0003026 pacote 337 rearmazenado em 003 na secao 001
0003026 pacote 342 rearmazenado em 003 na secao 001
0003026 pacote 348 rearmazenado em 003 na secao 001
0003026 pacote 350 rearmazenado em 003 na secao 001
0003026 pacote 353 rearmazenado em 003 na secao 001
0003026 pacote 369 rearmazenado em 003 na secao 001
0003026 pacote 371 rearmazenado em 003 na secao 001
0003026 pacote 374 rearmazenado em 003 na secao 001
0003026 pacote 382 rearmazenado em 003 na secao 001
0003026 pacote 385 rearmazenado em 003 na secao 001
0003026 pacote 388 rearmazenado em 003 na secao 001
0003026 pacote 392 rearmazenado em 003 na secao 001
0003003 pacote 294 removido de 004 na secao 000
0003004 pacote 117 removido de 004 na secao 000
0003005 pacote 277 removido de 004 na secao 000
0003006 pacote 273 removido de 004 na secao 000
0003007 pacote 269 removido de 004 na secao 000
0003008 pacote 260 removido de 004 na secao 000
0003009 pacote 243 removido de 004 na secao 000
0003010 pacote 105 removido de 004 na secao 000
0003011 pacote 237 removido de 004 na secao 000
0003012 pacote 098 removido de 004 na secao 000
0003013 pacote 095 removido de 004 na secao 000
0003014 pacote 218 removido de 004 na secao 000
0003015 pacote 211 removido de 004 na secao 000
0003016 pacote 204 removido de 004 na secao 000
0003017 pacote 082 removido de 004 na secao 000
0003018 pacote 194 removido de 004 na secao 000
0003019 pacote 080 removido de 004 na secao 000
0003020 pacote 395 removido de 004 na secao 000
0003021 pacote 141 removido de 004 na secao 000
0003022 pacote 073 removido de 004 na secao 000
0003023 pacote 373 removido de 004 na secao 000
0003024 pacote 372 removido de 004 na secao 000
0003025 pacote 370 removido de 004 na secao 000
0003026 pacote 367 removido de 004 na secao 000
0003027 pacote 361 removido de 004 na secao 000
0003028 pacote 360 removido de 004 na secao 000
0003029 pacote 346 removido de 004 na secao 000
0003030 pacote 135 removido de 004 na secao 000
0003030 pacote 135 em transito de 004 para 000
0003030 pacote 346 em transito de 004 para 000
0003030 pacote 360 rearmazenado em 004 na secao 000
0003030 pacote 361 rearmazenado em 004 na secao 000
0003030 pacote 367 rearmazenado em 004 na secao 000
0003030 pacote 370 rearmazenado em 004 na secao 000
0003030 pacote 372 rearmazenado em 004 na secao 000
0003030 pacote 373 rearmazenado em 004 na secao 000
0003030 pacote 073 rearmazenado em 004 na secao 000
0003030 pacote 141 rearmazenado em 004 na secao 000
0003030 pacote 395 rearmazenado em 004 na secao 000
0003030 pacote 080 rearmazenado em 004 na secao 000
0003030 pacote 194 rearmazenado em 004 na secao 000
0003030 pacote 082 rearmazenado em 004 na secao 000
0003030 pacote 204 rearmazenado em 004 na secao 000
0003030 pacote 211 rearmazenado em 004 na secao 000
0003030 pacote 218 rearmazenado em 004 na secao 000
0003030 pacote 095 rearmazenado em 004 na secao 000
0003030 pacote 098 rearmazenado em 004 na secao 000
0003030 pacote 237 rearmazenado em 004 na secao 000
0003030 pacote 105 rearmazenado em 004 na secao 000
0003030 pacote 243 rearmazenado em 004 na secao 000
0003030 pacote 260 rearmazenado em 004 na secao 000
0003030 pacote 269 rearmazenado em 004 na secao 000
0003030 pacote 273 rearmazenado em 004 na secao 000
0003030 pacote 277 rearmazenado em 004 na secao 000
0003030 pacote 117 rearmazenado em 004 na secao 000
0003030 pacote 294 rearmazenado em 004 na secao 000
0003003 pacote 313 removido de 004 na secao 001
0003004 pacote 136 removido de 004 na secao 001
0003005 pacote 120 removido de 004 na secao 001
0003006 pacote 275 removido de 004 na secao 001
0003007 pacote 116 removido de 004 na secao 001
0003008 pacote 263 removido de 004 na secao 001
0003009 pacote 113 removido de 004 na secao 001
0003010 pacote 239 removido de 004 na secao 001
0003011 pacote 111 removido de 004 na secao 001
0003012 pacote 233 removido de 004 na secao 001
0003013 pacote 099 removido de 004 na secao 001
0003014 pacote 220 removido de 004 na secao 001
0003015 pacote 217 removido de 004 na secao 001
0003016 pacote 094 removido de 004 na secao 001
0003017 pacote 091 removido de 004 na secao 001
0003018 pacote 193 removido de 004 na secao 001
0003019 pacote 187 removido de 004 na secao 001
0003020 pacote 398 removido de 004 na secao 001
0003021 pacote 176 removido de 004 na secao 001
0003022 pacote 396 removido de 004 na secao 001
0003023 pacote 363 removido de 004 na secao 001
0003024 pacote 359 removido de 004 na secao 001
0003025 pacote 358 removido de 004 na secao 001
0003026 pacote 170 removido de 004 na secao 001
0003027 pacote 169 removido de 004 na secao 001
0003028 pacote 345 removido de 004 na secao 001
0003029 pacote 343 removido de 004 na secao 001
0003030 pacote 338 removido de 004 na secao 001
0003031 pacote 165 removido de 004 na secao 001
0003032 pacote 161 removido de 004 na secao 001
0003033 pacote 336 removido de 004 na secao 001
0003033 pacote 336 em transito de 004 para 001
0003033 pacote 161 em transito de 004 para 001
0003033 pacote 165 rearmazenado em 004 na secao 001
0003033 pacote 338 rearmazenado em 004 na secao 001
0003033 pacote 343 rearmazenado em 004 na secao 001
0003033 pacote 345 rearmazenado em 004 na secao 001
0003033 pacote 169 rearmazenado em 004 na secao 001
0003033 pacote 170 rearmazenado em 004 na secao 001
0003033 pacote 358 rearmazenado em 004 na secao 001
0003033 pacote 359 rearmazenado em 004 na secao 001
0003033 pacote 363 rearmazenado em 004 na secao 001
0003033 pacote 396 rearmazenado em 004 na secao 001
0003033 pacote 176 rearmazenado em 004 na secao 001
0003033 pacote 398 rearmazenado em 004 na secao 001
0003033 pacote 187 rearmazenado em 004 na secao 001
0003033 pacote 193 rearmazenado em 004 na secao 001
0003033 pacote 091 rearmazenado em 004 na secao 001
0003033 pacote 094 rearmazenado em 004 na secao 001
0003033 pacote 217 rearmazenado em 004 na secao 001
0003033 pacote 220 rearmazenado em 004 na secao 001
0003033 pacote 099 rearmazenado em 004 na secao 001
0003033 pacote 233 rearmazenado em 004 na secao 001
0003033 pacote 111 rearmazenado em 004 na secao 001
0003033 pacote 239 rearmazenado em 004 na secao 001
0003033 pacote 113 rearmazenado em 004 na secao 001
0003033 pacote 263 rearmazenado em 004 na secao 001
0003033 pacote 116 rearmazenado em 004 na secao 001
0003033 pacote 275 rearmazenado em 004 na secao 001
0003033 pacote 120 rearmazenado em 004 na secao 001
0003033 pacote 136 rearmazenado em 004 na secao 001
0003033 pacote 313 rearmazenado em 004 na secao 001
0003024 pacote 303 entregue em 002
0003024 pacote 327 entregue em 003
0003024 pacote 328 entregue em 002
0003024 pacote 333 entregue em 003
0003036 pacote 308 armazenado em 000 na secao 004
0003036 pacote 311 entregue em 000
0003046 pacote 274 armazenado em 001 na secao 004
0003046 pacote 276 armazenado em 001 na secao 004
0003050 pacote 135 entregue em 000
0003050 pacote 346 armazenado em 000 na secao 002
0003053 pacote 161 armazenado em 001 na secao 003
0003053 pacote 336 entregue em 001
0003058 pacote 331 armazenado em 004 na secao 001
0003058 pacote 334 entregue em 004
0003061 pacote 306 entregue em 004
0003061 pacote 309 armazenado em 004 na secao 000
0003103 pacote 346 removido de 000 na secao 002
0003103 pacote 346 em transito de 000 para 002
0003103 pacote 308 removido de 000 na secao 004
0003104 pacote 300 removido de 000 na secao 004
0003105 pacote 299 removido de 000 na secao 004
0003106 pacote 297 removido de 000 na secao 004
0003107 pacote 292 removido de 000 na secao 004
0003108 pacote 288 removido de 000 na secao 004
0003109 pacote 266 removido de 000 na secao 004
0003110 pacote 264 removido de 000 na secao 004
0003111 pacote 257 removido de 000 na secao 004
0003112 pacote 250 removido de 000 na secao 004
0003113 pacote 230 removido de 000 na secao 004
0003114 pacote 228 removido de 000 na secao 004
0003115 pacote 227 removido de 000 na secao 004
0003116 pacote 221 removido de 000 na secao 004
0003117 pacote 207 removido de 000 na secao 004
0003118 pacote 205 removido de 000 na secao 004
0003119 pacote 198 removido de 000 na secao 004
0003120 pacote 196 removido de 000 na secao 004
0003121 pacote 184 removido de 000 na secao 004
0003122 pacote 179 removido de 000 na secao 004
0003123 pacote 177 removido de 000 na secao 004
0003124 pacote 174 removido de 000 na secao 004
0003125 pacote 172 removido de 000 na secao 004
0003126 pacote 397 removido de 000 na secao 004
0003127 pacote 391 removido de 000 na secao 004
0003128 pacote 390 removido de 000 na secao 004
0003129 pacote 381 removido de 000 na secao 004
0003130 pacote 380 removido de 000 na secao 004
0003131 pacote 149 removido de 000 na secao 004
0003132 pacote 148 removido de 000 na secao 004
0003133 pacote 365 removido de 000 na secao 004
0003134 pacote 351 removido de 000 na secao 004
0003135 pacote 349 removido de 000 na secao 004
0003136 pacote 143 removido de 000 na secao 004
0003137 pacote 142 removido de 000 na secao 004
0003137 pacote 142 em transito de 000 para 004
0003137 pacote 143 em transito de 000 para 004
0003137 pacote 349 rearmazenado em 000 na secao 004
0003137 pacote 351 rearmazenado em 000 na secao 004
0003137 pacote 365 rearmazenado em 000 na secao 004
0003137 pacote 148 rearmazenado em 000 na secao 004
0003137 pacote 149 rearmazenado em 000 na secao 004
0003137 pacote 380 rearmazenado em 000 na secao 004
0003137 pacote 381 rearmazenado em 000 na secao 004
0003137 pacote 390 rearmazenado em 000 na secao 004
0003137 pacote 391 rearmazenado em 000 na secao 004
0003137 pacote 397 rearmazenado em 000 na secao 004
0003137 pacote 172 rearmazenado em 000 na secao 004
0003137 pacote 174 rearmazenado em 000 na secao 004
0003137 pacote 177 rearmazenado em 000 na secao 004
0003137 pacote 179 rearmazenado em 000 na secao 004
0003137 pacote 184 rearmazenado em 000 na secao 004
0003137 pacote 196 rearmazenado em 000 na secao 004
0003137 pacote 198 rearmazenado em 000 na secao 004
0003137 pacote 205 rearmazenado em 000 na secao 004
0003137 pacote 207 rearmazenado em 000 na secao 004
0003137 pacote 221 rearmazenado em 000 na secao 004
0003137 pacote 227 rearmazenado em 000 na secao 004
0003137 pacote 228 rearmazenado em 000 na secao 004
0003137 pacote 230 rearmazenado em 000 na secao 004
0003137 pacote 250 rearmazenado em 000 na secao 004
0003137 pacote 257 rearmazenado em 000 na secao 004
0003137 pacote 264 rearmazenado em 000 na secao 004
0003137 pacote 266 rearmazenado em 000 na secao 004
0003137 pacote 288 rearmazenado em 000 na secao 004
0003137 pacote 292 rearmazenado em 000 na secao 004
0003137 pacote 297 rearmazenado em 000 na secao 004
0003137 pacote 299 rearmazenado em 000 na secao 004
0003137 pacote 300 rearmazenado em 000 na secao 004
0003137 pacote 308 rearmazenado em 000 na secao 004
0003103 pacote 161 removido de 001 na secao 003
0003103 pacote 161 em transito de 001 para 003
0003103 pacote 276 removido de 001 na secao 004
0003104 pacote 274 removido de 001 na secao 004
0003105 pacote 259 removido de 001 na secao 004
0003106 pacote 256 removido de 001 na secao 004
0003107 pacote 255 removido de 001 na secao 004
0003108 pacote 253 removido de 001 na secao 004
0003109 pacote 252 removido de 001 na secao 004
0003110 pacote 242 removido de 001 na secao 004
0003111 pacote 241 removido de 001 na secao 004
0003112 pacote 235 removido de 001 na secao 004
0003113 pacote 223 removido de 001 na secao 004
0003114 pacote 212 removido de 001 na secao 004
0003115 pacote 199 removido de 001 na secao 004
0003116 pacote 195 removido de 001 na secao 004
0003117 pacote 192 removido de 001 na secao 004
0003118 pacote 188 removido de 001 na secao 004
0003119 pacote 182 removido de 001 na secao 004
0003120 pacote 181 removido de 001 na secao 004
0003121 pacote 164 removido de 001 na secao 004
0003122 pacote 393 removido de 001 na secao 004
0003123 pacote 389 removido de 001 na secao 004
0003124 pacote 387 removido de 001 na secao 004
0003125 pacote 386 removido de 001 na secao 004
0003126 pacote 379 removido de 001 na secao 004
0003127 pacote 159 removido de 001 na secao 004
0003128 pacote 152 removido de 001 na secao 004
0003129 pacote 364 removido de 001 na secao 004
0003130 pacote 144 removido de 001 na secao 004
0003131 pacote 129 removido de 001 na secao 004
0003132 pacote 344 removido de 001 na secao 004
0003133 pacote 340 removido de 001 na secao 004
0003134 pacote 126 removido de 001 na secao 004
0003135 pacote 332 removido de 001 na secao 004
0003136 pacote 326 removido de 001 na secao 004
0003137 pacote 317 removido de 001 na secao 004
0003138 pacote 316 removido de 001 na secao 004
0003139 pacote 314 removido de 001 na secao 004
0003140 pacote 123 removido de 001 na secao 004
0003141 pacote 121 removido de 001 na secao 004
0003141 pacote 121 em transito de 001 para 004
0003141 pacote 123 em transito de 001 para 004
0003141 pacote 314 rearmazenado em 001 na secao 004
0003141 pacote 316 rearmazenado em 001 na secao 004
0003141 pacote 317 rearmazenado em 001 na secao 004
0003141 pacote 326 rearmazenado em 001 na secao 004
0003141 pacote 332 rearmazenado em 001 na secao 004
0003141 pacote 126 rearmazenado em 001 na secao 004
0003141 pacote 340 rearmazenado em 001 na secao 004
0003141 pacote 344 rearmazenado em 001 na secao 004
0003141 pacote 129 rearmazenado em 001 na secao 004
0003141 pacote 144 rearmazenado em 001 na secao 004
0003141 pacote 364 rearmazenado em 001 na secao 004
0003141 pacote 152 rearmazenado em 001 na secao 004
0003141 pacote 159 rearmazenado em 001 na secao 004
0003141 pacote 379 rearmazenado em 001 na secao 004
0003141 pacote 386 rearmazenado em 001 na secao 004
0003141 pacote 387 rearmazenado em 001 na secao 004
0003141 pacote 389 rearmazenado em 001 na secao 004
0003141 pacote 393 rearmazenado em 001 na secao 004
0003141 pacote 164 rearmazenado em 001 na secao 004
0003141 pacote 181 rearmazenado em 001 na secao 004
0003141 pacote 182 rearmazenado em 001 na secao 004
0003141 pacote 188 rearmazenado em 001 na secao 004
0003141 pacote 192 rearmazenado em 001 na secao 004
0003141 pacote 195 rearmazenado em 001 na secao 004
0003141 pacote 199 rearmazenado em 001 na secao 004
0003141 pacote 212 rearmazenado em 001 na secao 004
0003141 pacote 223 rearmazenado em 001 na secao 004
0003141 pacote 235 rearmazenado em 001 na secao 004
0003141 pacote 241 rearmazenado em 001 na secao 004
0003141 pacote 242 rearmazenado em 001 na secao 004
0003141 pacote 252 rearmazenado em 001 na secao 004
0003141 pacote 253 rearmazenado em 001 na secao 004
0003141 pacote 255 rearmazenado em 001 na secao 004
0003141 pacote 256 rearmazenado em 001 na secao 004
0003141 pacote 259 rearmazenado em 001 na secao 004
0003141 pacote 274 rearmazenado em 001 na secao 004
0003141 pacote 276 rearmazenado em 001 na secao 004
0003103 pacote 394 removido de 002 na secao 000
0003104 pacote 384 removido de 002 na secao 000
0003105 pacote 377 removido de 002 na secao 000
0003106 pacote 366 removido de 002 na secao 000
0003107 pacote 357 removido de 002 na secao 000
0003108 pacote 356 removido de 002 na secao 000
0003109 pacote 355 removido de 002 na secao 000
0003110 pacote 352 removido de 002 na secao 000
0003111 pacote 347 removido de 002 na secao 000
0003112 pacote 325 removido de 002 na secao 000
0003113 pacote 320 removido de 002 na secao 000
0003114 pacote 315 removido de 002 na secao 000
0003114 pacote 315 em transito de 002 para 000
0003114 pacote 320 em transito de 002 para 000
0003114 pacote 325 rearmazenado em 002 na secao 000
0003114 pacote 347 rearmazenado em 002 na secao 000
0003114 pacote 352 rearmazenado em 002 na secao 000
0003114 pacote 355 rearmazenado em 002 na secao 000
0003114 pacote 356 rearmazenado em 002 na secao 000
0003114 pacote 357 rearmazenado em 002 na secao 000
0003114 pacote 366 rearmazenado em 002 na secao 000
0003114 pacote 377 rearmazenado em 002 na secao 000
0003114 pacote 384 rearmazenado em 002 na secao 000
0003114 pacote 394 rearmazenado em 002 na secao 000
0003103 pacote 392 removido de 003 na secao 001
0003104 pacote 388 removido de 003 na secao 001
0003105 pacote 385 removido de 003 na secao 001
0003106 pacote 382 removido de 003 na secao 001
0003107 pacote 374 removido de 003 na secao 001
0003108 pacote 371 removido de 003 na secao 001
0003109 pacote 369 removido de 003 na secao 001
0003110 pacote 353 removido de 003 na secao 001
0003111 pacote 350 removido de 003 na secao 001
0003112 pacote 348 removido de 003 na secao 001
0003113 pacote 342 removido de 003 na secao 001
0003114 pacote 337 removido de 003 na secao 001
0003115 pacote 330 removido de 003 na secao 001
0003116 pacote 324 removido de 003 na secao 001
0003117 pacote 322 removido de 003 na secao 001
0003118 pacote 305 removido de 003 na secao 001
0003119 pacote 302 removido de 003 na secao 001
0003120 pacote 291 removido de 003 na secao 001
0003121 pacote 290 removido de 003 na secao 001
0003122 pacote 289 removido de 003 na secao 001
0003123 pacote 284 removido de 003 na secao 001
0003124 pacote 279 removido de 003 na secao 001
0003124 pacote 279 em transito de 003 para 001
0003124 pacote 284 em transito de 003 para 001
0003124 pacote 289 rearmazenado em 003 na secao 001
0003124 pacote 290 rearmazenado em 003 na secao 001
0003124 pacote 291 rearmazenado em 003 na secao 001
0003124 pacote 302 rearmazenado em 003 na secao 001
0003124 pacote 305 rearmazenado em 003 na secao 001
0003124 pacote 322 rearmazenado em 003 na secao 001
0003124 pacote 324 rearmazenado em 003 na secao 001
0003124 pacote 330 rearmazenado em 003 na secao 001
0003124 pacote 337 rearmazenado em 003 na secao 001
0003124 pacote 342 rearmazenado em 003 na secao 001
0003124 pacote 348 rearmazenado em 003 na secao 001
0003124 pacote 350 rearmazenado em 003 na secao 001
0003124 pacote 353 rearmazenado em 003 na secao 001
0003124 pacote 369 rearmazenado em 003 na secao 001
0003124 pacote 371 rearmazenado em 003 na secao 001
0003124 pacote 374 rearmazenado em 003 na secao 001
0003124 pacote 382 rearmazenado em 003 na secao 001
0003124 pacote 385 rearmazenado em 003 na secao 001
0003124 pacote 388 rearmazenado em 003 na secao 001
0003124 pacote 392 rearmazenado em 003 na secao 001
0003103 pacote 309 removido de 004 na secao 000
0003104 pacote 294 removido de 004 na secao 000
0003105 pacote 117 removido de 004 na secao 000
0003106 pacote 277 removido de 004 na secao 000
0003107 pacote 273 removido de 004 na secao 000
0003108 pacote 269 removido de 004 na secao 000
0003109 pacote 260 removido de 004 na secao 000
0003110 pacote 243 removido de 004 na secao 000
0003111 pacote 105 removido de 004 na secao 000
0003112 pacote 237 removido de 004 na secao 000
0003113 pacote 098 removido de 004 na secao 000
0003114 pacote 095 removido de 004 na secao 000
0003115 pacote 218 removido de 004 na secao 000
0003116 pacote 211 removido de 004 na secao 000
0003117 pacote 204 removido de 004 na secao 000
0003118 pacote 082 removido de 004 na secao 000
0003119 pacote 194 removido de 004 na secao 000
0003120 pacote 080 removido de 004 na secao 000
0003121 pacote 395 removido de 004 na secao 000
0003122 pacote 141 removido de 004 na secao 000
0003123 pacote 073 removido de 004 na secao 000
0003124 pacote 373 removido de 004 na secao 000
0003125 pacote 372 removido de 004 na secao 000
0003126 pacote 370 removido de 004 na secao 000
0003127 pacote 367 removido de 004 na secao 000
0003128 pacote 361 removido de 004 na secao 000
0003129 pacote 360 removido de 004 na secao 000
0003129 pacote 360 em transito de 004 para 000
0003129 pacote 361 em transito de 004 para 000
0003129 pacote 367 rearmazenado em 004 na secao 000
0003129 pacote 370 rearmazenado em 004 na secao 000
0003129 pacote 372 rearmazenado em 004 na secao 000
0003129 pacote 373 rearmazenado em 004 na secao 000
0003129 pacote 073 rearmazenado em 004 na secao 000
0003129 pacote 141 rearmazenado em 004 na secao 000
0003129 pacote 395 rearmazenado em 004 na secao 000
0003129 pacote 080 rearmazenado em 004 na secao 000
0003129 pacote 194 rearmazenado em 004 na secao 000
0003129 pacote 082 rearmazenado em 004 na secao 000
0003129 pacote 204 rearmazenado em 004 na secao 000
0003129 pacote 211 rearmazenado em 004 na secao 000
0003129 pacote 218 rearmazenado em 004 na secao 000
0003129 pacote 095 rearmazenado em 004 na secao 000
0003129 pacote 098 rearmazenado em 004 na secao 000
0003129 pacote 237 rearmazenado em 004 na secao 000
0003129 pacote 105 rearmazenado em 004 na secao 000
0003129 pacote 243 rearmazenado em 004 na secao 000
0003129 pacote 260 rearmazenado em 004 na secao 000
0003129 pacote 269 rearmazenado em 004 na secao 000
0003129 pacote 273 rearmazenado em 004 na secao 000
0003129 pacote 277 rearmazenado em 004 na secao 000
0003129 pacote 117 rearmazenado em 004 na secao 000
0003129 pacote 294 rearmazenado em 004 na secao 000
0003129 pacote 309 rearmazenado em 004 na secao 000
0003103 pacote 331 removido de 004 na secao 001
0003104 pacote 313 removido de 004 na secao 001
0003105 pacote 136 removido de 004 na secao 001
0003106 pacote 120 removido de 004 na secao 001
0003107 pacote 275 removido de 004 na secao 001
0003108 pacote 116 removido de 004 na secao 001
0003109 pacote 263 removido de 004 na secao 001
0003110 pacote 113 removido de 004 na secao 001
0003111 pacote 239 removido de 004 na secao 001
0003112 pacote 111 removido de 004 na secao 001
0003113 pacote 233 removido de 004 na secao 001
0003114 pacote 099 removido de 004 na secao 001
0003115 pacote 220 removido de 004 na secao 001
0003116 pacote 217 removido de 004 na secao 001
0003117 pacote 094 removido de 004 na secao 001
0003118 pacote 091 removido de 004 na secao 001
0003119 pacote 193 removido de 004 na secao 001
0003120 pacote 187 removido de 004 na secao 001
0003121 pacote 398 removido de 004 na secao 001
0003122 pacote 176 removido de 004 na secao 001
0003123 pacote 396 removido de 004 na secao 001
0003124 pacote 363 removido de 004 na secao 001
0003125 pacote 359 removido de 004 na secao 001
0003126 pacote 358 removido de 004 na secao 001
0003127 pacote 170 removido de 004 na secao 001
0003128 pacote 169 removido de 004 na secao 001
0003129 pacote 345 removido de 004 na secao 001
0003130 pacote 343 removido de 004 na secao 001
0003131 pacote 338 removido de 004 na secao 001
0003132 pacote 165 removido de 004 na secao 001
0003132 pacote 165 em transito de 004 para 001
0003132 pacote 338 em transito de 004 para 001
0003132 pacote 343 rearmazenado em 004 na secao 001
0003132 pacote 345 rearmazenado em 004 na secao 001
0003132 pacote 169 rearmazenado em 004 na secao 001
0003132 pacote 170 rearmazenado em 004 na secao 001
0003132 pacote 358 rearmazenado em 004 na secao 001
0003132 pacote 359 rearmazenado em 004 na secao 001
0003132 pacote 363 rearmazenado em 004 na secao 001
0003132 pacote 396 rearmazenado em 004 na secao 001
0003132 pacote 176 rearmazenado em 004 na secao 001
0003132 pacote 398 rearmazenado em 004 na secao 001
0003132 pacote 187 rearmazenado em 004 na secao 001
0003132 pacote 193 rearmazenado em 004 na secao 001
0003132 pacote 091 rearmazenado em 004 na secao 001
0003132 pacote 094 rearmazenado em 004 na secao 001
0003132 pacote 217 rearmazenado em 004 na secao 001
0003132 pacote 220 rearmazenado em 004 na secao 001
0003132 pacote 099 rearmazenado em 004 na secao 001
0003132 pacote 233 rearmazenado em 004 na secao 001
0003132 pacote 111 rearmazenado em 004 na secao 001
0003132 pacote 239 rearmazenado em 004 na secao 001
0003132 pacote 113 rearmazenado em 004 na secao 001
0003132 pacote 263 rearmazenado em 004 na secao 001
0003132 pacote 116 rearmazenado em 004 na secao 001
0003132 pacote 275 rearmazenado em 004 na secao 001
0003132 pacote 120 rearmazenado em 004 na secao 001
0003132 pacote 136 rearmazenado em 004 na secao 001
0003132 pacote 313 rearmazenado em 004 na secao 001
0003132 pacote 331 rearmazenado em 004 na secao 001
0003123 pacote 161 entregue em 003
0003123 pacote 346 entregue em 002
0003134 pacote 315 armazenado em 000 na secao 004
0003134 pacote 320 entregue em 000
0003144 pacote 279 armazenado em 001 na secao 004
0003144 pacote 284 entregue em 001
0003149 pacote 360 entregue em 000
0003149 pacote 361 armazenado em 000 na secao 002
0003152 pacote 165 armazenado em 001 na secao 003
0003152 pacote 338 armazenado em 001 na secao 003
0003157 pacote 142 armazenado em 004 na secao 001
0003157 pacote 143 armazenado em 004 na secao 001
0003161 pacote 121 entregue em 004
0003161 pacote 123 armazenado em 004 na secao 000
0003203 pacote 361 removido de 000 na secao 002
0003203 pacote 361 em transito de 000 para 002
0003203 pacote 315 removido de 000 na secao 004
0003204 pacote 308 removido de 000 na secao 004
0003205 pacote 300 removido de 000 na secao 004
0003206 pacote 299 removido de 000 na secao 004
0003207 pacote 297 removido de 000 na secao 004
0003208 pacote 292 removido de 000 na secao 004
0003209 pacote 288 removido de 000 na secao 004
0003210 pacote 266 removido de 000 na secao 004
0003211 pacote 264 removido de 000 na secao 004
0003212 pacote 257 removido de 000 na secao 004
0003213 pacote 250 removido de 000 na secao 004
0003214 pacote 230 removido de 000 na secao 004
0003215 pacote 228 removido de 000 na secao 004
0003216 pacote 227 removido de 000 na secao 004
0003217 pacote 221 removido de 000 na secao 004
0003218 pacote 207 removido de 000 na secao 004
0003219 pacote 205 removido de 000 na secao 004
0003220 pacote 198 removido de 000 na secao 004
0003221 pacote 196 removido de 000 na secao 004
0003222 pacote 184 removido de 000 na secao 004
0003223 pacote 179 removido de 000 na secao 004
0003224 pacote 177 removido de 000 na secao 004
0003225 pacote 174 removido de 000 na secao 004
0003226 pacote 172 removido de 000 na secao 004
0003227 pacote 397 removido de 000 na secao 004
0003228 pacote 391 removido de 000 na secao 004
0003229 pacote 390 removido de 000 na secao 004
0003230 pacote 381 removido de 000 na secao 004
0003231 pacote 380 removido de 000 na secao 004
0003232 pacote 149 removido de 000 na secao 004
0003233 pacote 148 removido de 000 na secao 004
0003234 pacote 365 removido de 000 na secao 004
0003235 pacote 351 removido de 000 na secao 004
0003236 pacote 349 removido de 000 na secao 004
0003236 pacote 349 em transito de 000 para 004
0003236 pacote 351 em transito de 000 para 004
0003236 pacote 365 rearmazenado em 000 na secao 004
0003236 pacote 148 rearmazenado em 000 na secao 004
0003236 pacote 149 rearmazenado em 000 na secao 004
0003236 pacote 380 rearmazenado em 000 na secao 004
0003236 pacote 381 rearmazenado em 000 na secao 004
0003236 pacote 390 rearmazenado em 000 na secao 004
0003236 pacote 391 rearmazenado em 000 na secao 004
0003236 pacote 397 rearmazenado em 000 na secao 004
0003236 pacote 172 rearmazenado em 000 na secao 004
0003236 pacote 174 rearmazenado em 000 na secao 004
0003236 pacote 177 rearmazenado em 000 na secao 004
0003236 pacote 179 rearmazenado em 000 na secao 004
0003236 pacote 184 rearmazenado em 000 na secao 004
0003236 pacote 196 rearmazenado em 000 na secao 004
0003236 pacote 198 rearmazenado em 000 na secao 004
0003236 pacote 205 rearmazenado em 000 na secao 004
0003236 pacote 207 rearmazenado em 000 na secao 004
0003236 pacote 221 rearmazenado em 000 na secao 004
0003236 pacote 227 rearmazenado em 000 na secao 004
0003236 pacote 228 rearmazenado em 000 na secao 004
0003236 pacote 230 rearmazenado em 000 na secao 004
0003236 pacote 250 rearmazenado em 000 na secao 004
0003236 pacote 257 rearmazenado em 000 na secao 004
0003236 pacote 264 rearmazenado em 000 na secao 004
0003236 pacote 266 rearmazenado em 000 na secao 004
0003236 pacote 288 rearmazenado em 000 na secao 004
0003236 pacote 292 rearmazenado em 000 na secao 004
0003236 pacote 297 rearmazenado em 000 na secao 004
0003236 pacote 299 rearmazenado em 000 na secao 004
0003236 pacote 300 rearmazenado em 000 na secao 004
0003236 pacote 308 rearmazenado em 000 na secao 004
0003236 pacote 315 rearmazenado em 000 na secao 004
0003203 pacote 338 removido de 001 na secao 003
0003204 pacote 165 removido de 001 na secao 003
0003204 pacote 165 em transito de 001 para 003
0003204 pacote 338 em transito de 001 para 003
0003203 pacote 279 removido de 001 na secao 004
0003204 pacote 276 removido de 001 na secao 004
0003205 pacote 274 removido de 001 na secao 004
0003206 pacote 259 removido de 001 na secao 004
0003207 pacote 256 removido de 001 na secao 004
0003208 pacote 255 removido de 001 na secao 004
0003209 pacote 253 removido de 001 na secao 004
0003210 pacote 252 removido de 001 na secao 004
0003211 pacote 242 removido de 001 na secao 004
0003212 pacote 241 removido de 001 na secao 004
0003213 pacote 235 removido de 001 na secao 004
0003214 pacote 223 removido de 001 na secao 004
0003215 pacote 212 removido de 001 na secao 004
0003216 pacote 199 removido de 001 na secao 004
0003217 pacote 195 removido de 001 na secao 004
0003218 pacote 192 removido de 001 na secao 004
0003219 pacote 188 removido de 001 na secao 004
0003220 pacote 182 removido de 001 na secao 004
0003221 pacote 181 removido de 001 na secao 004
0003222 pacote 164 removido de 001 na secao 004
0003223 pacote 393 removido de 001 na secao 004
0003224 pacote 389 removido de 001 na secao 004
0003225 pacote 387 removido de 001 na secao 004
0003226 pacote 386 removido de 001 na secao 004
0003227 pacote 379 removido de 001 na secao 004
0003228 pacote 159 removido de 001 na secao 004
0003229 pacote 152 removido de 001 na secao 004
0003230 pacote 364 removido de 001 na secao 004
0003231 pacote 144 removido de 001 na secao 004
0003232 pacote 129 removido de 001 na secao 004
0003233 pacote 344 removido de 001 na secao 004
0003234 pacote 340 removido de 001 na secao 004
0003235 pacote 126 removido de 001 na secao 004
0003236 pacote 332 removido de 001 na secao 004
0003237 pacote 326 removido de 001 na secao 004
0003238 pacote 317 removido de 001 na secao 004
0003239 pacote 316 removido de 001 na secao 004
0003240 pacote 314 removido de 001 na secao 004
0003240 pacote 314 em transito de 001 para 004
0003240 pacote 316 em transito de 001 para 004
0003240 pacote 317 rearmazenado em 001 na secao 004
0003240 pacote 326 rearmazenado em 001 na secao 004
0003240 pacote 332 rearmazenado em 001 na secao 004
0003240 pacote 126 rearmazenado em 001 na secao 004
0003240 pacote 340 rearmazenado em 001 na secao 004
0003240 pacote 344 rearmazenado em 001 na secao 004
0003240 pacote 129 rearmazenado em 001 na secao 004
0003240 pacote 144 rearmazenado em 001 na secao 004
0003240 pacote 364 rearmazenado em 001 na secao 004
0003240 pacote 152 rearmazenado em 001 na secao 004
0003240 pacote 159 rearmazenado em 001 na secao 004
0003240 pacote 379 rearmazenado em 001 na secao 004
0003240 pacote 386 rearmazenado em 001 na secao 004
0003240 pacote 387 rearmazenado em 001 na secao 004
0003240 pacote 389 rearmazenado em 001 na secao 004
0003240 pacote 393 rearmazenado em 001 na secao 004
0003240 pacote 164 rearmazenado em 001 na secao 004
0003240 pacote 181 rearmazenado em 001 na secao 004
0003240 pacote 182 rearmazenado em 001 na secao 004
0003240 pacote 188 rearmazenado em 001 na secao 004
0003240 pacote 192 rearmazenado em 001 na secao 004
0003240 pacote 195 rearmazenado em 001 na secao 004
0003240 pacote 199 rearmazenado em 001 na secao 004
0003240 pacote 212 rearmazenado em 001 na secao 004
0003240 pacote 223 rearmazenado em 001 na secao 004
0003240 pacote 235 rearmazenado em 001 na secao 004
0003240 pacote 241 rearmazenado em 001 na secao 004
0003240 pacote 242 rearmazenado em 001 na secao 004
0003240 pacote 252 rearmazenado em 001 na secao 004
0003240 pacote 253 rearmazenado em 001 na secao 004
0003240 pacote 255 rearmazenado em 001 na secao 004
0003240 pacote 256 rearmazenado em 001 na secao 004
0003240 pacote 259 rearmazenado em 001 na secao 004
0003240 pacote 274 rearmazenado em 001 na secao 004
0003240 pacote 276 rearmazenado em 001 na secao 004
0003240 pacote 279 rearmazenado em 001 na secao 004
0003203 pacote 394 removido de 002 na secao 000
0003204 pacote 384 removido de 002 na secao 000
0003205 pacote 377 removido de 002 na secao 000
0003206 pacote 366 removido de 002 na secao 000
0003207 pacote 357 removido de 002 na secao 000
0003208 pacote 356 removido de 002 na secao 000
0003209 pacote 355 removido de 002 na secao 000
0003210 pacote 352 removido de 002 na secao 000
0003211 pacote 347 removido de 002 na secao 000
0003212 pacote 325 removido de 002 na secao 000
0003212 pacote 325 em transito de 002 para 000
0003212 pacote 347 em transito de 002 para 000
0003212 pacote 352 rearmazenado em 002 na secao 000
0003212 pacote 355 rearmazenado em 002 na secao 000
0003212 pacote 356 rearmazenado em 002 na secao 000
0003212 pacote 357 rearmazenado em 002 na secao 000
0003212 pacote 366 rearmazenado em 002 na secao 000
0003212 pacote 377 rearmazenado em 002 na secao 000
0003212 pacote 384 rearmazenado em 002 na secao 000
0003212 pacote 394 rearmazenado em 002 na secao 000
0003203 pacote 392 removido de 003 na secao 001
0003204 pacote 388 removido de 003 na secao 001
0003205 pacote 385 removido de 003 na secao 001
0003206 pacote 382 removido de 003 na secao 001
0003207 pacote 374 removido de 003 na secao 001
0003208 pacote 371 removido de 003 na secao 001
0003209 pacote 369 removido de 003 na secao 001
0003210 pacote 353 removido de 003 na secao 001
0003211 pacote 350 removido de 003 na secao 001
0003212 pacote 348 removido de 003 na secao 001
0003213 pacote 342 removido de 003 na secao 001
0003214 pacote 337 removido de 003 na secao 001
0003215 pacote 330 removido de 003 na secao 001
0003216 pacote 324 removido de 003 na secao 001
0003217 pacote 322 removido de 003 na secao 001
0003218 pacote 305 removido de 003 na secao 001
0003219 pacote 302 removido de 003 na secao 001
0003220 pacote 291 removido de 003 na secao 001
0003221 pacote 290 removido de 003 na secao 001
0003222 pacote 289 removido de 003 na secao 001
0003222 pacote 289 em transito de 003 para 001
0003222 pacote 290 em transito de 003 para 001
0003222 pacote 291 rearmazenado em 003 na secao 001
0003222 pacote 302 rearmazenado em 003 na secao 001
0003222 pacote 305 rearmazenado em 003 na secao 001
0003222 pacote 322 rearmazenado em 003 na secao 001
0003222 pacote 324 rearmazenado em 003 na secao 001
0003222 pacote 330 rearmazenado em 003 na secao 001
0003222 pacote 337 rearmazenado em 003 na secao 001
0003222 pacote 342 rearmazenado em 003 na secao 001
0003222 pacote 348 rearmazenado em 003 na secao 001
0003222 pacote 350 rearmazenado em 003 na secao 001
0003222 pacote 353 rearmazenado em 003 na secao 001
0003222 pacote 369 rearmazenado em 003 na secao 001
0003222 pacote 371 rearmazenado em 003 na secao 001
0003222 pacote 374 rearmazenado em 003 na secao 001
0003222 pacote 382 rearmazenado em 003 na secao 001
0003222 pacote 385 rearmazenado em 003 na secao 001
0003222 pacote 388 rearmazenado em 003 na secao 001
0003222 pacote 392 rearmazenado em 003 na secao 001
0003203 pacote 123 removido de 004 na secao 000
0003204 pacote 309 removido de 004 na secao 000
0003205 pacote 294 removido de 004 na secao 000
0003206 pacote 117 removido de 004 na secao 000
0003207 pacote 277 removido de 004 na secao 000
0003208 pacote 273 removido de 004 na secao 000
0003209 pacote 269 removido de 004 na secao 000
0003210 pacote 260 removido de 004 na secao 000
0003211 pacote 243 removido de 004 na secao 000
0003212 pacote 105 removido de 004 na secao 000
0003213 pacote 237 removido de 004 na secao 000
0003214 pacote 098 removido de 004 na secao 000
0003215 pacote 095 removido de 004 na secao 000
0003216 pacote 218 removido de 004 na secao 000
0003217 pacote 211 removido de 004 na secao 000
0003218 pacote 204 removido de 004 na secao 000
0003219 pacote 082 removido de 004 na secao 000
0003220 pacote 194 removido de 004 na secao 000
0003221 pacote 080 removido de 004 na secao 000
0003222 pacote 395 removido de 004 na secao 000
0003223 pacote 141 removido de 004 na secao 000
0003224 pacote 073 removido de 004 na secao 000
0003225 pacote 373 removido de 004 na secao 000
0003226 pacote 372 removido de 004 na secao 000
0003227 pacote 370 removido de 004 na secao 000
0003228 pacote 367 removido de 004 na secao 000
0003228 pacote 367 em transito de 004 para 000
0003228 pacote 370 em transito de 004 para 000
0003228 pacote 372 rearmazenado em 004 na secao 000
0003228 pacote 373 rearmazenado em 004 na secao 000
0003228 pacote 073 rearmazenado em 004 na secao 000
0003228 pacote 141 rearmazenado em 004 na secao 000
0003228 pacote 395 rearmazenado em 004 na secao 000
0003228 pacote 080 rearmazenado em 004 na secao 000
0003228 pacote 194 rearmazenado em 004 na secao 000
0003228 pacote 082 rearmazenado em 004 na secao 000
0003228 pacote 204 rearmazenado em 004 na secao 000
0003228 pacote 211 rearmazenado em 004 na secao 000
0003228 pacote 218 rearmazenado em 004 na secao 000
0003228 pacote 095 rearmazenado em 004 na secao 000
0003228 pacote 098 rearmazenado em 004 na secao 000
0003228 pacote 237 rearmazenado em 004 na secao 000
0003228 pacote 105 rearmazenado em 004 na secao 000
0003228 pacote 243 rearmazenado em 004 na secao 000
0003228 pacote 260 rearmazenado em 004 na secao 000
0003228 pacote 269 rearmazenado em 004 na secao 000
0003228 pacote 273 rearmazenado em 004 na secao 000
0003228 pacote 277 rearmazenado em 004 na secao 000
0003228 pacote 117 rearmazenado em 004 na secao 000
0003228 pacote 294 rearmazenado em 004 na secao 000
0003228 pacote 309 rearmazenado em 004 na secao 000
0003228 pacote 123 rearmazenado em 004 na secao 000
0003203 pacote 143 removido de 004 na secao 001
0003204 pacote 142 removido de 004 na secao 001
0003205 pacote 331 removido de 004 na secao 001
0003206 pacote 313 removido de 004 na secao 001
0003207 pacote 136 removido de 004 na secao 001
0003208 pacote 120 removido de 004 na secao 001
0003209 pacote 275 removido de 004 na secao 001
0003210 pacote 116 removido de 004 na secao 001
0003211 pacote 263 removido de 004 na secao 001
0003212 pacote 113 removido de 004 na secao 001
0003213 pacote 239 removido de 004 na secao 001
0003214 pacote 111 removido de 004 na secao 001
0003215 pacote 233 removido de 004 na secao 001
0003216 pacote 099 removido de 004 na secao 001
0003217 pacote 220 removido de 004 na secao 001
0003218 pacote 217 removido de 004 na secao 001
0003219 pacote 094 removido de 004 na secao 001
0003220 pacote 091 removido de 004 na secao 001
0003221 pacote 193 removido de 004 na secao 001
0003222 pacote 187 removido de 004 na secao 001
0003223 pacote 398 removido de 004 na secao 001
0003224 pacote 176 removido de 004 na secao 001
0003225 pacote 396 removido de 004 na secao 001
0003226 pacote 363 removido de 004 na secao 001
0003227 pacote 359 removido de 004 na secao 001
0003228 pacote 358 removido de 004 na secao 001
0003229 pacote 170 removido de 004 na secao 001
0003230 pacote 169 removido de 004 na secao 001
0003231 pacote 345 removido de 004 na secao 001
0003232 pacote 343 removido de 004 na secao 001
0003232 pacote 343 em transito de 004 para 001
0003232 pacote 345 em transito de 004 para 001
0003232 pacote 169 rearmazenado em 004 na secao 001
0003232 pacote 170 rearmazenado em 004 na secao 001
0003232 pacote 358 rearmazenado em 004 na secao 001
0003232 pacote 359 rearmazenado em 004 na secao 001
0003232 pacote 363 rearmazenado em 004 na secao 001
0003232 pacote 396 rearmazenado em 004 na secao 001
0003232 pacote 176 rearmazenado em 004 na secao 001
0003232 pacote 398 rearmazenado em 004 na secao 001
0003232 pacote 187 rearmazenado em 004 na secao 001
0003232 pacote 193 rearmazenado em 004 na secao 001
0003232 pacote 091 rearmazenado em 004 na secao 001
0003232 pacote 094 rearmazenado em 004 na secao 001
0003232 pacote 217 rearmazenado em 004 na secao 001
0003232 pacote 220 rearmazenado em 004 na secao 001
0003232 pacote 099 rearmazenado em 004 na secao 001
0003232 pacote 233 rearmazenado em 004 na secao 001
0003232 pacote 111 rearmazenado em 004 na secao 001
0003232 pacote 239 rearmazenado em 004 na secao 001
0003232 pacote 113 rearmazenado em 004 na secao 001
0003232 pacote 263 rearmazenado em 004 na secao 001
0003232 pacote 116 rearmazenado em 004 na secao 001
0003232 pacote 275 rearmazenado em 004 na secao 001
0003232 pacote 120 rearmazenado em 004 na secao 001
0003232 pacote 136 rearmazenado em 004 na secao 001
0003232 pacote 313 rearmazenado em 004 na secao 001
0003232 pacote 331 rearmazenado em 004 na secao 001
0003232 pacote 142 rearmazenado em 004 na secao 001
0003232 pacote 143 rearmazenado em 004 na secao 001
0003223 pacote 361 entregue em 002
0003224 pacote 165 entregue em 003
0003224 pacote 338 entregue em 003
0003232 pacote 325 armazenado em 000 na secao 004
0003232 pacote 347 armazenado em 000 na secao 004
0003242 pacote 289 armazenado em 001 na secao 004
0003242 pacote 290 armazenado em 001 na secao 004
0003248 pacote 367 armazenado em 000 na secao 002
0003248 pacote 370 armazenado em 000 na secao 002
0003252 pacote 343 entregue em 001
0003252 pacote 345 entregue em 001
0003256 pacote 349 armazenado em 004 na secao 001
0003256 pacote 351 armazenado em 004 na secao 001
0003260 pacote 314 entregue em 004
0003260 pacote 316 entregue em 004
0003303 pacote 370 removido de 000 na secao 002
0003304 pacote 367 removido de 000 na secao 002
0003304 pacote 367 em transito de 000 para 002
0003304 pacote 370 em transito de 000 para 002
0003303 pacote 347 removido de 000 na secao 004
0003304 pacote 325 removido de 000 na secao 004
0003305 pacote 315 removido de 000 na secao 004
0003306 pacote 308 removido de 000 na secao 004
0003307 pacote 300 removido de 000 na secao 004
0003308 pacote 299 removido de 000 na secao 004
0003309 pacote 297 removido de 000 na secao 004
0003310 pacote 292 removido de 000 na secao 004
0003311 pacote 288 removido de 000 na secao 004
0003312 pacote 266 removido de 000 na secao 004
0003313 pacote 264 removido de 000 na secao 004
0003314 pacote 257 removido de 000 na secao 004
0003315 pacote 250 removido de 000 na secao 004
0003316 pacote 230 removido de 000 na secao 004
0003317 pacote 228 removido de 000 na secao 004
0003318 pacote 227 removido de 000 na secao 004
0003319 pacote 221 removido de 000 na secao 004
0003320 pacote 207 removido de 000 na secao 004
0003321 pacote 205 removido de 000 na secao 004
0003322 pacote 198 removido de 000 na secao 004
0003323 pacote 196 removido de 000 na secao 004
0003324 pacote 184 removido de 000 na secao 004
0003325 pacote 179 removido de 000 na secao 004
0003326 pacote 177 removido de 000 na secao 004
0003327 pacote 174 removido de 000 na secao 004
0003328 pacote 172 removido de 000 na secao 004
0003329 pacote 397 removido de 000 na secao 004
0003330 pacote 391 removido de 000 na secao 004
0003331 pacote 390 removido de 000 na secao 004
0003332 pacote 381 removido de 000 na secao 004
0003333 pacote 380 removido de 000 na secao 004
0003334 pacote 149 removido de 000 na secao 004
0003335 pacote 148 removido de 000 na secao 004
0003336 pacote 365 removido de 000 na secao 004
0003336 pacote 365 em transito de 000 para 004
0003336 pacote 148 em transito de 000 para 004
0003336 pacote 149 rearmazenado em 000 na secao 004
0003336 pacote 380 rearmazenado em 000 na secao 004
0003336 pacote 381 rearmazenado em 000 na secao 004
0003336 pacote 390 rearmazenado em 000 na secao 004
0003336 pacote 391 rearmazenado em 000 na secao 004
0003336 pacote 397 rearmazenado em 000 na secao 004
0003336 pacote 172 rearmazenado em 000 na secao 004
0003336 pacote 174 rearmazenado em 000 na secao 004
0003336 pacote 177 rearmazenado em 000 na secao 004
0003336 pacote 179 rearmazenado em 000 na secao 004
0003336 pacote 184 rearmazenado em 000 na secao 004
0003336 pacote 196 rearmazenado em 000 na secao 004
0003336 pacote 198 rearmazenado em 000 na secao 004
0003336 pacote 205 rearmazenado em 000 na secao 004
0003336 pacote 207 rearmazenado em 000 na secao 004
0003336 pacote 221 rearmazenado em 000 na secao 004
0003336 pacote 227 rearmazenado em 000 na secao 004
0003336 pacote 228 rearmazenado em 000 na secao 004
0003336 pacote 230 rearmazenado em 000 na secao 004
0003336 pacote 250 rearmazenado em 000 na secao 004
0003336 pacote 257 rearmazenado em 000 na secao 004
0003336 pacote 264 rearmazenado em 000 na secao 004
0003336 pacote 266 rearmazenado em 000 na secao 004
0003336 pacote 288 rearmazenado em 000 na secao 004
0003336 pacote 292 rearmazenado em 000 na secao 004
0003336 pacote 297 rearmazenado em 000 na secao 004
0003336 pacote 299 rearmazenado em 000 na secao 004
0003336 pacote 300 rearmazenado em 000 na secao 004
0003336 pacote 308 rearmazenado em 000 na secao 004
0003336 pacote 315 rearmazenado em 000 na secao 004
0003336 pacote 325 rearmazenado em 000 na secao 004
0003336 pacote 347 rearmazenado em 000 na secao 004
0003303 pacote 290 removido de 001 na secao 004
0003304 pacote 289 removido de 001 na secao 004
0003305 pacote 279 removido de 001 na secao 004
0003306 pacote 276 removido de 001 na secao 004
0003307 pacote 274 removido de 001 na secao 004
0003308 pacote 259 removido de 001 na secao 004
0003309 pacote 256 removido de 001 na secao 004
0003310 pacote 255 removido de 001 na secao 004
0003311 pacote 253 removido de 001 na secao 004
0003312 pacote 252 removido de 001 na secao 004
0003313 pacote 242 removido de 001 na secao 004
0003314 pacote 241 removido de 001 na secao 004
0003315 pacote 235 removido de 001 na secao 004
0003316 pacote 223 removido de 001 na secao 004
0003317 pacote 212 removido de 001 na secao 004
0003318 pacote 199 removido de 001 na secao 004
0003319 pacote 195 removido de 001 na secao 004
0003320 pacote 192 removido de 001 na secao 004
0003321 pacote 188 removido de 001 na secao 004
0003322 pacote 182 removido de 001 na secao 004
0003323 pacote 181 removido de 001 na secao 004
0003324 pacote 164 removido de 001 na secao 004
0003325 pacote 393 removido de 001 na secao 004
0003326 pacote 389 removido de 001 na secao 004
0003327 pacote 387 removido de 001 na secao 004
0003328 pacote 386 removido de 001 na secao 004
0003329 pacote 379 removido de 001 na secao 004
0003330 pacote 159 removido de 001 na secao 004
0003331 pacote 152 removido de 001 na secao 004
0003332 pacote 364 removido de 001 na secao 004
0003333 pacote 144 removido de 001 na secao 004
0003334 pacote 129 removido de 001 na secao 004
0003335 pacote 344 removido de 001 na secao 004
0003336 pacote 340 removido de 001 na secao 004
0003337 pacote 126 removido de 001 na secao 004
0003338 pacote 332 removido de 001 na secao 004
0003339 pacote 326 removido de 001 na secao 004
0003340 pacote 317 removido de 001 na secao 004
0003340 pacote 317 em transito de 001 para 004
0003340 pacote 326 em transito de 001 para 004
0003340 pacote 332 rearmazenado em 001 na secao 004
0003340 pacote 126 rearmazenado em 001 na secao 004
0003340 pacote 340 rearmazenado em 001 na secao 004
0003340 pacote 344 rearmazenado em 001 na secao 004
0003340 pacote 129 rearmazenado em 001 na secao 004
0003340 pacote 144 rearmazenado em 001 na secao 004
0003340 pacote 364 rearmazenado em 001 na secao 004
0003340 pacote 152 rearmazenado em 001 na secao 004
0003340 pacote 159 rearmazenado em 001 na secao 004
0003340 pacote 379 rearmazenado em 001 na secao 004
0003340 pacote 386 rearmazenado em 001 na secao 004
0003340 pacote 387 rearmazenado em 001 na secao 004
0003340 pacote 389 rearmazenado em 001 na secao 004
0003340 pacote 393 rearmazenado em 001 na secao 004
0003340 pacote 164 rearmazenado em 001 na secao 004
0003340 pacote 181 rearmazenado em 001 na secao 004
0003340 pacote 182 rearmazenado em 001 na secao 004
0003340 pacote 188 rearmazenado em 001 na secao 004
0003340 pacote 192 rearmazenado em 001 na secao 004
0003340 pacote 195 rearmazenado em 001 na secao 004
0003340 pacote 199 rearmazenado em 001 na secao 004
0003340 pacote 212 rearmazenado em 001 na secao 004
0003340 pacote 223 rearmazenado em 001 na secao 004
0003340 pacote 235 rearmazenado em 001 na secao 004
0003340 pacote 241 rearmazenado em 001 na secao 004
0003340 pacote 242 rearmazenado em 001 na secao 004
0003340 pacote 252 rearmazenado em 001 na secao 004
0003340 pacote 253 rearmazenado em 001 na secao 004
0003340 pacote 255 rearmazenado em 001 na secao 004
0003340 pacote 256 rearmazenado em 001 na secao 004
0003340 pacote 259 rearmazenado em 001 na secao 004
0003340 pacote 274 rearmazenado em 001 na secao 004
0003340 pacote 276 rearmazenado em 001 na secao 004
0003340 pacote 279 rearmazenado em 001 na secao 004
0003340 pacote 289 rearmazenado em 001 na secao 004
0003340 pacote 290 rearmazenado em 001 na secao 004
0003303 pacote 394 removido de 002 na secao 000
0003304 pacote 384 removido de 002 na secao 000
0003305 pacote 377 removido de 002 na secao 000
0003306 pacote 366 removido de 002 na secao 000
0003307 pacote 357 removido de 002 na secao 000
0003308 pacote 356 removido de 002 na secao 000
0003309 pacote 355 removido de 002 na secao 000
0003310 pacote 352 removido de 002 na secao 000
0003310 pacote 352 em transito de 002 para 000
0003310 pacote 355 em transito de 002 para 000
0003310 pacote 356 rearmazenado em 002 na secao 000
0003310 pacote 357 rearmazenado em 002 na secao 000
0003310 pacote 366 rearmazenado em 002 na secao 000
0003310 pacote 377 rearmazenado em 002 na secao 000
0003310 pacote 384 rearmazenado em 002 na secao 000
0003310 pacote 394 rearmazenado em 002 na secao 000
0003303 pacote 392 removido de 003 na secao 001
0003304 pacote 388 removido de 003 na secao 001
0003305 pacote 385 removido de 003 na secao 001
0003306 pacote 382 removido de 003 na secao 001
0003307 pacote 374 removido de 003 na secao 001
0003308 pacote 371 removido de 003 na secao 001
0003309 pacote 369 removido de 003 na secao 001
0003310 pacote 353 removido de 003 na secao 001
0003311 pacote 350 removido de 003 na secao 001
0003312 pacote 348 removido de 003 na secao 001
0003313 pacote 342 removido de 003 na secao 001
0003314 pacote 337 removido de 003 na secao 001
0003315 pacote 330 removido de 003 na secao 001
0003316 pacote 324 removido de 003 na secao 001
0003317 pacote 322 removido de 003 na secao 001
0003318 pacote 305 removido de 003 na secao 001
0003319 pacote 302 removido de 003 na secao 001
0003320 pacote 291 removido de 003 na secao 001
0003320 pacote 291 em transito de 003 para 001
0003320 pacote 302 em transito de 003 para 001
0003320 pacote 305 rearmazenado em 003 na secao 001
0003320 pacote 322 rearmazenado em 003 na secao 001
0003320 pacote 324 rearmazenado em 003 na secao 001
0003320 pacote 330 rearmazenado em 003 na secao 001
0003320 pacote 337 rearmazenado em 003 na secao 001
0003320 pacote 342 rearmazenado em 003 na secao 001
0003320 pacote 348 rearmazenado em 003 na secao 001
0003320 pacote 350 rearmazenado em 003 na secao 001
0003320 pacote 353 rearmazenado em 003 na secao 001
0003320 pacote 369 rearmazenado em 003 na secao 001
0003320 pacote 371 rearmazenado em 003 na secao 001
0003320 pacote 374 rearmazenado em 003 na secao 001
0003320 pacote 382 rearmazenado em 003 na secao 001
0003320 pacote 385 rearmazenado em 003 na secao 001
0003320 pacote 388 rearmazenado em 003 na secao 001
0003320 pacote 392 rearmazenado em 003 na secao 001
0003303 pacote 123 removido de 004 na secao 000
0003304 pacote 309 removido de 004 na secao 000
0003305 pacote 294 removido de 004 na secao 000
0003306 pacote 117 removido de 004 na secao 000
0003307 pacote 277 removido de 004 na secao 000
0003308 pacote 273 removido de 004 na secao 000
0003309 pacote 269 removido de 004 na secao 000
0003310 pacote 260 removido de 004 na secao 000
0003311 pacote 243 removido de 004 na secao 000
0003312 pacote 105 removido de 004 na secao 000
0003313 pacote 237 removido de 004 na secao 000
0003314 pacote 098 removido de 004 na secao 000
0003315 pacote 095 removido de 004 na secao 000
0003316 pacote 218 removido de 004 na secao 000
0003317 pacote 211 removido de 004 na secao 000
0003318 pacote 204 removido de 004 na secao 000
0003319 pacote 082 removido de 004 na secao 000
0003320 pacote 194 removido de 004 na secao 000
0003321 pacote 080 removido de 004 na secao 000
0003322 pacote 395 removido de 004 na secao 000
0003323 pacote 141 removido de 004 na secao 000
0003324 pacote 073 removido de 004 na secao 000
0003325 pacote 373 removido de 004 na secao 000
0003326 pacote 372 removido de 004 na secao 000
0003326 pacote 372 em transito de 004 para 000
0003326 pacote 373 em transito de 004 para 000
0003326 pacote 073 rearmazenado em 004 na secao 000
0003326 pacote 141 rearmazenado em 004 na secao 000
0003326 pacote 395 rearmazenado em 004 na secao 000
0003326 pacote 080 rearmazenado em 004 na secao 000
0003326 pacote 194 rearmazenado em 004 na secao 000
0003326 pacote 082 rearmazenado em 004 na secao 000
0003326 pacote 204 rearmazenado em 004 na secao 000
0003326 pacote 211 rearmazenado em 004 na secao 000
0003326 pacote 218 rearmazenado em 004 na secao 000
0003326 pacote 095 rearmazenado em 004 na secao 000
0003326 pacote 098 rearmazenado em 004 na secao 000
0003326 pacote 237 rearmazenado em 004 na secao 000
0003326 pacote 105 rearmazenado em 004 na secao 000
0003326 pacote 243 rearmazenado em 004 na secao 000
0003326 pacote 260 rearmazenado em 004 na secao 000
0003326 pacote 269 rearmazenado em 004 na secao 000
0003326 pacote 273 rearmazenado em 004 na secao 000
0003326 pacote 277 rearmazenado em 004 na secao 000
0003326 pacote 117 rearmazenado em 004 na secao 000
0003326 pacote 294 rearmazenado em 004 na secao 000
0003326 pacote 309 rearmazenado em 004 na secao 000
0003326 pacote 123 rearmazenado em 004 na secao 000
0003303 pacote 351 removido de 004 na secao 001
0003304 pacote 349 removido de 004 na secao 001
0003305 pacote 143 removido de 004 na secao 001
0003306 pacote 142 removido de 004 na secao 001
0003307 pacote 331 removido de 004 na secao 001
0003308 pacote 313 removido de 004 na secao 001
0003309 pacote 136 removido de 004 na secao 001
0003310 pacote 120 removido de 004 na secao 001
0003311 pacote 275 removido de 004 na secao 001
0003312 pacote 116 removido de 004 na secao 001
0003313 pacote 263 removido de 004 na secao 001
0003314 pacote 113 removido de 004 na secao 001
0003315 pacote 239 removido de 004 na secao 001
0003316 pacote 111 removido de 004 na secao 001
0003317 pacote 233 removido de 004 na secao 001
0003318 pacote 099 removido de 004 na secao 001
0003319 pacote 220 removido de 004 na secao 001
0003320 pacote 217 removido de 004 na secao 001
0003321 pacote 094 removido de 004 na secao 001
0003322 pacote 091 removido de 004 na secao 001
0003323 pacote 193 removido de 004 na secao 001
0003324 pacote 187 removido de 004 na secao 001
0003325 pacote 398 removido de 004 na secao 001
0003326 pacote 176 removido de 004 na secao 001
0003327 pacote 396 removido de 004 na secao 001
0003328 pacote 363 removido de 004 na secao 001
0003329 pacote 359 removido de 004 na secao 001
0003330 pacote 358 removido de 004 na secao 001
0003331 pacote 170 removido de 004 na secao 001
0003332 pacote 169 removido de 004 na secao 001
0003332 pacote 169 em transito de 004 para 001
0003332 pacote 170 em transito de 004 para 001
0003332 pacote 358 rearmazenado em 004 na secao 001
0003332 pacote 359 rearmazenado em 004 na secao 001
0003332 pacote 363 rearmazenado em 004 na secao 001
0003332 pacote 396 rearmazenado em 004 na secao 001
0003332 pacote 176 rearmazenado em 004 na secao 001
0003332 pacote 398 rearmazenado em 004 na secao 001
0003332 pacote 187 rearmazenado em 004 na secao 001
0003332 pacote 193 rearmazenado em 004 na secao 001
0003332 pacote 091 rearmazenado em 004 na secao 001
0003332 pacote 094 rearmazenado em 004 na secao 001
0003332 pacote 217 rearmazenado em 004 na secao 001
0003332 pacote 220 rearmazenado em 004 na secao 001
0003332 pacote 099 rearmazenado em 004 na secao 001
0003332 pacote 233 rearmazenado em 004 na secao 001
0003332 pacote 111 rearmazenado em 004 na secao 001
0003332 pacote 239 rearmazenado em 004 na secao 001
0003332 pacote 113 rearmazenado em 004 na secao 001
0003332 pacote 263 rearmazenado em 004 na secao 001
0003332 pacote 116 rearmazenado em 004 na secao 001
0003332 pacote 275 rearmazenado em 004 na secao 001
0003332 pacote 120 rearmazenado em 004 na secao 001
0003332 pacote 136 rearmazenado em 004 na secao 001
0003332 pacote 313 rearmazenado em 004 na secao 001
0003332 pacote 331 rearmazenado em 004 na secao 001
0003332 pacote 142 rearmazenado em 004 na secao 001
0003332 pacote 143 rearmazenado em 004 na secao 001
0003332 pacote 349 rearmazenado em 004 na secao 001
0003332 pacote 351 rearmazenado em 004 na secao 001
0003324 pacote 367 entregue em 002
0003324 pacote 370 entregue em 002
0003330 pacote 352 armazenado em 000 na secao 004
0003330 pacote 355 armazenado em 000 na secao 004
0003340 pacote 291 armazenado em 001 na secao 004
0003340 pacote 302 armazenado em 001 na secao 004
0003346 pacote 372 armazenado em 000 na secao 002
0003346 pacote 373 entregue em 000
0003352 pacote 169 armazenado em 001 na secao 003
0003352 pacote 170 armazenado em 001 na secao 003
0003356 pacote 148 armazenado em 004 na secao 001
0003356 pacote 365 armazenado em 004 na secao 001
0003360 pacote 317 armazenado em 004 na secao 000
0003360 pacote 326 armazenado em 004 na secao 000
0003403 pacote 372 removido de 000 na secao 002
0003403 pacote 372 em transito de 000 para 002
0003403 pacote 355 removido de 000 na secao 004
0003404 pacote 352 removido de 000 na secao 004
0003405 pacote 347 removido de 000 na secao 004
0003406 pacote 325 removido de 000 na secao 004
0003407 pacote 315 removido de 000 na secao 004
0003408 pacote 308 removido de 000 na secao 004
0003409 pacote 300 removido de 000 na secao 004
0003410 pacote 299 removido de 000 na secao 004
0003411 pacote 297 removido de 000 na secao 004
0003412 pacote 292 removido de 000 na secao 004
0003413 pacote 288 removido de 000 na secao 004
0003414 pacote 266 removido de 000 na secao 004
0003415 pacote 264 removido de 000 na secao 004
0003416 pacote 257 removido de 000 na secao 004
0003417 pacote 250 removido de 000 na secao 004
0003418 pacote 230 removido de 000 na secao 004
0003419 pacote 228 removido de 000 na secao 004
0003420 pacote 227 removido de 000 na secao 004
0003421 pacote 221 removido de 000 na secao 004
0003422 pacote 207 removido de 000 na secao 004
0003423 pacote 205 removido de 000 na secao 004
0003424 pacote 198 removido de 000 na secao 004
0003425 pacote 196 removido de 000 na secao 004
0003426 pacote 184 removido de 000 na secao 004
0003427 pacote 179 removido de 000 na secao 004
0003428 pacote 177 removido de 000 na secao 004
0003429 pacote 174 removido de 000 na secao 004
0003430 pacote 172 removido de 000 na secao 004
0003431 pacote 397 removido de 000 na secao 004
0003432 pacote 391 removido de 000 na secao 004
0003433 pacote 390 removido de 000 na secao 004
0003434 pacote 381 removido de 000 na secao 004
0003435 pacote 380 removido de 000 na secao 004
0003436 pacote 149 removido de 000 na secao 004
0003436 pacote 149 em transito de 000 para 004
0003436 pacote 380 em transito de 000 para 004
0003436 pacote 381 rearmazenado em 000 na secao 004
0003436 pacote 390 rearmazenado em 000 na secao 004
0003436 pacote 391 rearmazenado em 000 na secao 004
0003436 pacote 397 rearmazenado em 000 na secao 004
0003436 pacote 172 rearmazenado em 000 na secao 004
0003436 pacote 174 rearmazenado em 000 na secao 004
0003436 pacote 177 rearmazenado em 000 na secao 004
0003436 pacote 179 rearmazenado em 000 na secao 004
0003436 pacote 184 rearmazenado em 000 na secao 004
0003436 pacote 196 rearmazenado em 000 na secao 004
0003436 pacote 198 rearmazenado em 000 na secao 004
0003436 pacote 205 rearmazenado em 000 na secao 004
0003436 pacote 207 rearmazenado em 000 na secao 004
0003436 pacote 221 rearmazenado em 000 na secao 004
0003436 pacote 227 rearmazenado em 000 na secao 004
0003436 pacote 228 rearmazenado em 000 na secao 004
0003436 pacote 230 rearmazenado em 000 na secao 004
0003436 pacote 250 rearmazenado em 000 na secao 004
0003436 pacote 257 rearmazenado em 000 na secao 004
0003436 pacote 264 rearmazenado em 000 na secao 004
0003436 pacote 266 rearmazenado em 000 na secao 004
0003436 pacote 288 rearmazenado em 000 na secao 004
0003436 pacote 292 rearmazenado em 000 na secao 004
0003436 pacote 297 rearmazenado em 000 na secao 004
0003436 pacote 299 rearmazenado em 000 na secao 004
0003436 pacote 300 rearmazenado em 000 na secao 004
0003436 pacote 308 rearmazenado em 000 na secao 004
0003436 pacote 315 rearmazenado em 000 na secao 004
0003436 pacote 325 rearmazenado em 000 na secao 004
0003436 pacote 347 rearmazenado em 000 na secao 004
0003436 pacote 352 rearmazenado em 000 na secao 004
0003436 pacote 355 rearmazenado em 000 na secao 004
0003403 pacote 170 removido de 001 na secao 003
0003404 pacote 169 removido de 001 na secao 003
0003404 pacote 169 em transito de 001 para 003
0003404 pacote 170 em transito de 001 para 003
0003403 pacote 302 removido de 001 na secao 004
0003404 pacote 291 removido de 001 na secao 004
0003405 pacote 290 removido de 001 na secao 004
0003406 pacote 289 removido de 001 na secao 004
0003407 pacote 279 removido de 001 na secao 004
0003408 pacote 276 removido de 001 na secao 004
0003409 pacote 274 removido de 001 na secao 004
0003410 pacote 259 removido de 001 na secao 004
0003411 pacote 256 removido de 001 na secao 004
0003412 pacote 255 removido de 001 na secao 004
0003413 pacote 253 removido de 001 na secao 004
0003414 pacote 252 removido de 001 na secao 004
0003415 pacote 242 removido de 001 na secao 004
0003416 pacote 241 removido de 001 na secao 004
0003417 pacote 235 removido de 001 na secao 004
0003418 pacote 223 removido de 001 na secao 004
0003419 pacote 212 removido de 001 na secao 004
0003420 pacote 199 removido de 001 na secao 004
0003421 pacote 195 removido de 001 na secao 004
0003422 pacote 192 removido de 001 na secao 004
0003423 pacote 188 removido de 001 na secao 004
0003424 pacote 182 removido de 001 na secao 004
0003425 pacote 181 removido de 001 na secao 004
0003426 pacote 164 removido de 001 na secao 004
0003427 pacote 393 removido de 001 na secao 004
0003428 pacote 389 removido de 001 na secao 004
0003429 pacote 387 removido de 001 na secao 004
0003430 pacote 386 removido de 001 na secao 004
0003431 pacote 379 removido de 001 na secao 004
0003432 pacote 159 removido de 001 na secao 004
0003433 pacote 152 removido de 001 na secao 004
0003434 pacote 364 removido de 001 na secao 004
0003435 pacote 144 removido de 001 na secao 004
0003436 pacote 129 removido de 001 na secao 004
0003437 pacote 344 removido de 001 na secao 004
0003438 pacote 340 removido de 001 na secao 004
0003439 pacote 126 removido de 001 na secao 004
0003440 pacote 332 removido de 001 na secao 004
0003440 pacote 332 em transito de 001 para 004
0003440 pacote 126 em transito de 001 para 004
0003440 pacote 340 rearmazenado em 001 na secao 004
0003440 pacote 344 rearmazenado em 001 na secao 004
0003440 pacote 129 rearmazenado em 001 na secao 004
0003440 pacote 144 rearmazenado em 001 na secao 004
0003440 pacote 364 rearmazenado em 001 na secao 004
0003440 pacote 152 rearmazenado em 001 na secao 004
0003440 pacote 159 rearmazenado em 001 na secao 004
0003440 pacote 379 rearmazenado em 001 na secao 004
0003440 pacote 386 rearmazenado em 001 na secao 004
0003440 pacote 387 rearmazenado em 001 na secao 004
0003440 pacote 389 rearmazenado em 001 na secao 004
0003440 pacote 393 rearmazenado em 001 na secao 004
0003440 pacote 164 rearmazenado em 001 na secao 004
0003440 pacote 181 rearmazenado em 001 na secao 004
0003440 pacote 182 rearmazenado em 001 na secao 004
0003440 pacote 188 rearmazenado em 001 na secao 004
0003440 pacote 192 rearmazenado em 001 na secao 004
0003440 pacote 195 rearmazenado em 001 na secao 004
0003440 pacote 199 rearmazenado em 001 na secao 004
0003440 pacote 212 rearmazenado em 001 na secao 004
0003440 pacote 223 rearmazenado em 001 na secao 004
0003440 pacote 235 rearmazenado em 001 na secao 004
0003440 pacote 241 rearmazenado em 001 na secao 004
0003440 pacote 242 rearmazenado em 001 na secao 004
0003440 pacote 252 rearmazenado em 001 na secao 004
0003440 pacote 253 rearmazenado em 001 na secao 004
0003440 pacote 255 rearmazenado em 001 na secao 004
0003440 pacote 256 rearmazenado em 001 na secao 004
0003440 pacote 259 rearmazenado em 001 na secao 004
0003440 pacote 274 rearmazenado em 001 na secao 004
0003440 pacote 276 rearmazenado em 001 na secao 004
0003440 pacote 279 rearmazenado em 001 na secao 004
0003440 pacote 289 rearmazenado em 001 na secao 004
0003440 pacote 290 rearmazenado em 001 na secao 004
0003440 pacote 291 rearmazenado em 001 na secao 004
0003440 pacote 302 rearmazenado em 001 na secao 004
0003403 pacote 394 removido de 002 na secao 000
0003404 pacote 384 removido de 002 na secao 000
0003405 pacote 377 removido de 002 na secao 000
0003406 pacote 366 removido de 002 na secao 000
0003407 pacote 357 removido de 002 na secao 000
0003408 pacote 356 removido de 002 na secao 000
0003408 pacote 356 em transito de 002 para 000
0003408 pacote 357 em transito de 002 para 000
0003408 pacote 366 rearmazenado em 002 na secao 000
0003408 pacote 377 rearmazenado em 002 na secao 000
0003408 pacote 384 rearmazenado em 002 na secao 000
0003408 pacote 394 rearmazenado em 002 na secao 000
0003403 pacote 392 removido de 003 na secao 001
0003404 pacote 388 removido de 003 na secao 001
0003405 pacote 385 removido de 003 na secao 001
0003406 pacote 382 removido de 003 na secao 001
0003407 pacote 374 removido de 003 na secao 001
0003408 pacote 371 removido de 003 na secao 001
0003409 pacote 369 removido de 003 na secao 001
0003410 pacote 353 removido de 003 na secao 001
0003411 pacote 350 removido de 003 na secao 001
0003412 pacote 348 removido de 003 na secao 001
0003413 pacote 342 removido de 003 na secao 001
0003414 pacote 337 removido de 003 na secao 001
0003415 pacote 330 removido de 003 na secao 001
0003416 pacote 324 removido de 003 na secao 001
0003417 pacote 322 removido de 003 na secao 001
0003418 pacote 305 removido de 003 na secao 001
0003418 pacote 305 em transito de 003 para 001
0003418 pacote 322 em transito de 003 para 001
0003418 pacote 324 rearmazenado em 003 na secao 001
0003418 pacote 330 rearmazenado em 003 na secao 001
0003418 pacote 337 rearmazenado em 003 na secao 001
0003418 pacote 342 rearmazenado em 003 na secao 001
0003418 pacote 348 rearmazenado em 003 na secao 001
0003418 pacote 350 rearmazenado em 003 na secao 001
0003418 pacote 353 rearmazenado em 003 na secao 001
0003418 pacote 369 rearmazenado em 003 na secao 001
0003418 pacote 371 rearmazenado em 003 na secao 001
0003418 pacote 374 rearmazenado em 003 na secao 001
0003418 pacote 382 rearmazenado em 003 na secao 001
0003418 pacote 385 rearmazenado em 003 na secao 001
0003418 pacote 388 rearmazenado em 003 na secao 001
0003418 pacote 392 rearmazenado em 003 na secao 001
0003403 pacote 326 removido de 004 na secao 000
0003404 pacote 317 removido de 004 na secao 000
0003405 pacote 123 removido de 004 na secao 000
0003406 pacote 309 removido de 004 na secao 000
0003407 pacote 294 removido de 004 na secao 000
0003408 pacote 117 removido de 004 na secao 000
0003409 pacote 277 removido de 004 na secao 000
0003410 pacote 273 removido de 004 na secao 000
0003411 pacote 269 removido de 004 na secao 000
0003412 pacote 260 removido de 004 na secao 000
0003413 pacote 243 removido de 004 na secao 000
0003414 pacote 105 removido de 004 na secao 000
0003415 pacote 237 removido de 004 na secao 000
0003416 pacote 098 removido de 004 na secao 000
0003417 pacote 095 removido de 004 na secao 000
0003418 pacote 218 removido de 004 na secao 000
0003419 pacote 211 removido de 004 na secao 000
0003420 pacote 204 removido de 004 na secao 000
0003421 pacote 082 removido de 004 na secao 000
0003422 pacote 194 removido de 004 na secao 000
0003423 pacote 080 removido de 004 na secao 000
0003424 pacote 395 removido de 004 na secao 000
0003425 pacote 141 removido de 004 na secao 000
0003426 pacote 073 removido de 004 na secao 000
0003426 pacote 073 em transito de 004 para 000
0003426 pacote 141 em transito de 004 para 000
0003426 pacote 395 rearmazenado em 004 na secao 000
0003426 pacote 080 rearmazenado em 004 na secao 000
0003426 pacote 194 rearmazenado em 004 na secao 000
0003426 pacote 082 rearmazenado em 004 na secao 000
0003426 pacote 204 rearmazenado em 004 na secao 000
0003426 pacote 211 rearmazenado em 004 na secao 000
0003426 pacote 218 rearmazenado em 004 na secao 000
0003426 pacote 095 rearmazenado em 004 na secao 000
0003426 pacote 098 rearmazenado em 004 na secao 000
0003426 pacote 237 rearmazenado em 004 na secao 000
0003426 pacote 105 rearmazenado em 004 na secao 000
0003426 pacote 243 rearmazenado em 004 na secao 000
0003426 pacote 260 rearmazenado em 004 na secao 000
0003426 pacote 269 rearmazenado em 004 na secao 000
0003426 pacote 273 rearmazenado em 004 na secao 000
0003426 pacote 277 rearmazenado em 004 na secao 000
0003426 pacote 117 rearmazenado em 004 na secao 000
0003426 pacote 294 rearmazenado em 004 na secao 000
0003426 pacote 309 rearmazenado em 004 na secao 000
0003426 pacote 123 rearmazenado em 004 na secao 000
0003426 pacote 317 rearmazenado em 004 na secao 000
0003426 pacote 326 rearmazenado em 004 na secao 000
0003403 pacote 365 removido de 004 na secao 001
0003404 pacote 148 removido de 004 na secao 001
0003405 pacote 351 removido de 004 na secao 001
0003406 pacote 349 removido de 004 na secao 001
0003407 pacote 143 removido de 004 na secao 001
0003408 pacote 142 removido de 004 na secao 001
0003409 pacote 331 removido de 004 na secao 001
0003410 pacote 313 removido de 004 na secao 001
0003411 pacote 136 removido de 004 na secao 001
0003412 pacote 120 removido de 004 na secao 001
0003413 pacote 275 removido de 004 na secao 001
0003414 pacote 116 removido de 004 na secao 001
0003415 pacote 263 removido de 004 na secao 001
0003416 pacote 113 removido de 004 na secao 001
0003417 pacote 239 removido de 004 na secao 001
0003418 pacote 111 removido de 004 na secao 001
0003419 pacote 233 removido de 004 na secao 001
0003420 pacote 099 removido de 004 na secao 001
0003421 pacote 220 removido de 004 na secao 001
0003422 pacote 217 removido de 004 na secao 001
0003423 pacote 094 removido de 004 na secao 001
0003424 pacote 091 removido de 004 na secao 001
0003425 pacote 193 removido de 004 na secao 001
0003426 pacote 187 removido de 004 na secao 001
0003427 pacote 398 removido de 004 na secao 001
0003428 pacote 176 removido de 004 na secao 001
0003429 pacote 396 removido de 004 na secao 001
0003430 pacote 363 removido de 004 na secao 001
0003431 pacote 359 removido de 004 na secao 001
0003432 pacote 358 removido de 004 na secao 001
0003432 pacote 358 em transito de 004 para 001
0003432 pacote 359 em transito de 004 para 001
0003432 pacote 363 rearmazenado em 004 na secao 001
0003432 pacote 396 rearmazenado em 004 na secao 001
0003432 pacote 176 rearmazenado em 004 na secao 001
0003432 pacote 398 rearmazenado em 004 na secao 001
0003432 pacote 187 rearmazenado em 004 na secao 001
0003432 pacote 193 rearmazenado em 004 na secao 001
0003432 pacote 091 rearmazenado em 004 na secao 001
0003432 pacote 094 rearmazenado em 004 na secao 001
0003432 pacote 217 rearmazenado em 004 na secao 001
0003432 pacote 220 rearmazenado em 004 na secao 001
0003432 pacote 099 rearmazenado em 004 na secao 001
0003432 pacote 233 rearmazenado em 004 na secao 001
0003432 pacote 111 rearmazenado em 004 na secao 001
0003432 pacote 239 rearmazenado em 004 na secao 001
0003432 pacote 113 rearmazenado em 004 na secao 001
0003432 pacote 263 rearmazenado em 004 na secao 001
0003432 pacote 116 rearmazenado em 004 na secao 001
0003432 pacote 275 rearmazenado em 004 na secao 001
0003432 pacote 120 rearmazenado em 004 na secao 001
0003432 pacote 136 rearmazenado em 004 na secao 001
0003432 pacote 313 rearmazenado em 004 na secao 001
0003432 pacote 331 rearmazenado em 004 na secao 001
0003432 pacote 142 rearmazenado em 004 na secao 001
0003432 pacote 143 rearmazenado em 004 na secao 001
0003432 pacote 349 rearmazenado em 004 na secao 001
0003432 pacote 351 rearmazenado em 004 na secao 001
0003432 pacote 148 rearmazenado em 004 na secao 001
0003432 pacote 365 rearmazenado em 004 na secao 001
0003423 pacote 372 entregue em 002
0003424 pacote 169 entregue em 003
0003424 pacote 170 entregue em 003
0003428 pacote 356 armazenado em 000 na secao 004
0003428 pacote 357 armazenado em 000 na secao 004
0003438 pacote 305 armazenado em 001 na secao 004
0003438 pacote 322 entregue em 001
0003446 pacote 073 entregue em 000
0003446 pacote 141 entregue em 000
0003452 pacote 358 armazenado em 001 na secao 003
0003452 pacote 359 armazenado em 001 na secao 003
0003456 pacote 149 entregue em 004
0003456 pacote 380 armazenado em 004 na secao 001
0003460 pacote 126 entregue em 004
0003460 pacote 332 armazenado em 004 na secao 000
0003503 pacote 357 removido de 000 na secao 004
0003504 pacote 356 removido de 000 na secao 004
0003505 pacote 355 removido de 000 na secao 004
0003506 pacote 352 removido de 000 na secao 004
0003507 pacote 347 removido de 000 na secao 004
0003508 pacote 325 removido de 000 na secao 004
0003509 pacote 315 removido de 000 na secao 004
0003510 pacote 308 removido de 000 na secao 004
0003511 pacote 300 removido de 000 na secao 004
0003512 pacote 299 removido de 000 na secao 004
0003513 pacote 297 removido de 000 na secao 004
0003514 pacote 292 removido de 000 na secao 004
0003515 pacote 288 removido de 000 na secao 004
0003516 pacote 266 removido de 000 na secao 004
0003517 pacote 264 removido de 000 na secao 004
0003518 pacote 257 removido de 000 na secao 004
0003519 pacote 250 removido de 000 na secao 004
0003520 pacote 230 removido de 000 na secao 004
0003521 pacote 228 removido de 000 na secao 004
0003522 pacote 227 removido de 000 na secao 004
0003523 pacote 221 removido de 000 na secao 004
0003524 pacote 207 removido de 000 na secao 004
0003525 pacote 205 removido de 000 na secao 004
0003526 pacote 198 removido de 000 na secao 004
0003527 pacote 196 removido de 000 na secao 004
0003528 pacote 184 removido de 000 na secao 004
0003529 pacote 179 removido de 000 na secao 004
0003530 pacote 177 removido de 000 na secao 004
0003531 pacote 174 removido de 000 na secao 004
0003532 pacote 172 removido de 000 na secao 004
0003533 pacote 397 removido de 000 na secao 004
0003534 pacote 391 removido de 000 na secao 004
0003535 pacote 390 removido de 000 na secao 004
0003536 pacote 381 removido de 000 na secao 004
0003536 pacote 381 em transito de 000 para 004
0003536 pacote 390 em transito de 000 para 004
0003536 pacote 391 rearmazenado em 000 na secao 004
0003536 pacote 397 rearmazenado em 000 na secao 004
0003536 pacote 172 rearmazenado em 000 na secao 004
0003536 pacote 174 rearmazenado em 000 na secao 004
0003536 pacote 177 rearmazenado em 000 na secao 004
0003536 pacote 179 rearmazenado em 000 na secao 004
0003536 pacote 184 rearmazenado em 000 na secao 004
0003536 pacote 196 rearmazenado em 000 na secao 004
0003536 pacote 198 rearmazenado em 000 na secao 004
0003536 pacote 205 rearmazenado em 000 na secao 004
0003536 pacote 207 rearmazenado em 000 na secao 004
0003536 pacote 221 rearmazenado em 000 na secao 004
0003536 pacote 227 rearmazenado em 000 na secao 004
0003536 pacote 228 rearmazenado em 000 na secao 004
0003536 pacote 230 rearmazenado em 000 na secao 004
0003536 pacote 250 rearmazenado em 000 na secao 004
0003536 pacote 257 rearmazenado em 000 na secao 004
0003536 pacote 264 rearmazenado em 000 na secao 004
0003536 pacote 266 rearmazenado em 000 na secao 004
0003536 pacote 288 rearmazenado em 000 na secao 004
0003536 pacote 292 rearmazenado em 000 na secao 004
0003536 pacote 297 rearmazenado em 000 na secao 004
0003536 pacote 299 rearmazenado em 000 na secao 004
0003536 pacote 300 rearmazenado em 000 na secao 004
0003536 pacote 308 rearmazenado em 000 na secao 004
0003536 pacote 315 rearmazenado em 000 na secao 004
0003536 pacote 325 rearmazenado em 000 na secao 004
0003536 pacote 347 rearmazenado em 000 na secao 004
0003536 pacote 352 rearmazenado em 000 na secao 004
0003536 pacote 355 rearmazenado em 000 na secao 004
0003536 pacote 356 rearmazenado em 000 na secao 004
0003536 pacote 357 rearmazenado em 000 na secao 004
0003503 pacote 359 removido de 001 na secao 003
0003504 pacote 358 removido de 001 na secao 003
0003504 pacote 358 em transito de 001 para 003
0003504 pacote 359 em transito de 001 para 003
0003503 pacote 305 removido de 001 na secao 004
0003504 pacote 302 removido de 001 na secao 004
0003505 pacote 291 removido de 001 na secao 004
0003506 pacote 290 removido de 001 na secao 004
0003507 pacote 289 removido de 001 na secao 004
0003508 pacote 279 removido de 001 na secao 004
0003509 pacote 276 removido de 001 na secao 004
0003510 pacote 274 removido de 001 na secao 004
0003511 pacote 259 removido de 001 na secao 004
0003512 pacote 256 removido de 001 na secao 004
0003513 pacote 255 removido de 001 na secao 004
0003514 pacote 253 removido de 001 na secao 004
0003515 pacote 252 removido de 001 na secao 004
0003516 pacote 242 removido de 001 na secao 004
0003517 pacote 241 removido de 001 na secao 004
0003518 pacote 235 removido de 001 na secao 004
0003519 pacote 223 removido de 001 na secao 004
0003520 pacote 212 removido de 001 na secao 004
0003521 pacote 199 removido de 001 na secao 004
0003522 pacote 195 removido de 001 na secao 004
0003523 pacote 192 removido de 001 na secao 004
0003524 pacote 188 removido de 001 na secao 004
0003525 pacote 182 removido de 001 na secao 004
0003526 pacote 181 removido de 001 na secao 004
0003527 pacote 164 removido de 001 na secao 004
0003528 pacote 393 removido de 001 na secao 004
0003529 pacote 389 removido de 001 na secao 004
0003530 pacote 387 removido de 001 na secao 004
0003531 pacote 386 removido de 001 na secao 004
0003532 pacote 379 removido de 001 na secao 004
0003533 pacote 159 removido de 001 na secao 004
0003534 pacote 152 removido de 001 na secao 004
0003535 pacote 364 removido de 001 na secao 004
0003536 pacote 144 removido de 001 na secao 004
0003537 pacote 129 removido de 001 na secao 004
0003538 pacote 344 removido de 001 na secao 004
0003539 pacote 340 removido de 001 na secao 004
0003539 pacote 340 em transito de 001 para 004
0003539 pacote 344 em transito de 001 para 004
0003539 pacote 129 rearmazenado em 001 na secao 004
0003539 pacote 144 rearmazenado em 001 na secao 004
0003539 pacote 364 rearmazenado em 001 na secao 004
0003539 pacote 152 rearmazenado em 001 na secao 004
0003539 pacote 159 rearmazenado em 001 na secao 004
0003539 pacote 379 rearmazenado em 001 na secao 004
0003539 pacote 386 rearmazenado em 001 na secao 004
0003539 pacote 387 rearmazenado em 001 na secao 004
0003539 pacote 389 rearmazenado em 001 na secao 004
0003539 pacote 393 rearmazenado em 001 na secao 004
0003539 pacote 164 rearmazenado em 001 na secao 004
0003539 pacote 181 rearmazenado em 001 na secao 004
0003539 pacote 182 rearmazenado em 001 na secao 004
0003539 pacote 188 rearmazenado em 001 na secao 004
0003539 pacote 192 rearmazenado em 001 na secao 004
0003539 pacote 195 rearmazenado em 001 na secao 004
0003539 pacote 199 rearmazenado em 001 na secao 004
0003539 pacote 212 rearmazenado em 001 na secao 004
0003539 pacote 223 rearmazenado em 001 na secao 004
0003539 pacote 235 rearmazenado em 001 na secao 004
0003539 pacote 241 rearmazenado em 001 na secao 004
0003539 pacote 242 rearmazenado em 001 na secao 004
0003539 pacote 252 rearmazenado em 001 na secao 004
0003539 pacote 253 rearmazenado em 001 na secao 004
0003539 pacote 255 rearmazenado em 001 na secao 004
0003539 pacote 256 rearmazenado em 001 na secao 004
0003539 pacote 259 rearmazenado em 001 na secao 004
0003539 pacote 274 rearmazenado em 001 na secao 004
0003539 pacote 276 rearmazenado em 001 na secao 004
0003539 pacote 279 rearmazenado em 001 na secao 004
0003539 pacote 289 rearmazenado em 001 na secao 004
0003539 pacote 290 rearmazenado em 001 na secao 004
0003539 pacote 291 rearmazenado em 001 na secao 004
0003539 pacote 302 rearmazenado em 001 na secao 004
0003539 pacote 305 rearmazenado em 001 na secao 004
0003503 pacote 394 removido de 002 na secao 000
0003504 pacote 384 removido de 002 na secao 000
0003505 pacote 377 removido de 002 na secao 000
0003506 pacote 366 removido de 002 na secao 000
0003506 pacote 366 em transito de 002 para 000
0003506 pacote 377 em transito de 002 para 000
0003506 pacote 384 rearmazenado em 002 na secao 000
0003506 pacote 394 rearmazenado em 002 na secao 000
0003503 pacote 392 removido de 003 na secao 001
0003504 pacote 388 removido de 003 na secao 001
0003505 pacote 385 removido de 003 na secao 001
0003506 pacote 382 removido de 003 na secao 001
0003507 pacote 374 removido de 003 na secao 001
0003508 pacote 371 removido de 003 na secao 001
0003509 pacote 369 removido de 003 na secao 001
0003510 pacote 353 removido de 003 na secao 001
0003511 pacote 350 removido de 003 na secao 001
0003512 pacote 348 removido de 003 na secao 001
0003513 pacote 342 removido de 003 na secao 001
0003514 pacote 337 removido de 003 na secao 001
0003515 pacote 330 removido de 003 na secao 001
0003516 pacote 324 removido de 003 na secao 001
0003516 pacote 324 em transito de 003 para 001
0003516 pacote 330 em transito de 003 para 001
0003516 pacote 337 rearmazenado em 003 na secao 001
0003516 pacote 342 rearmazenado em 003 na secao 001
0003516 pacote 348 rearmazenado em 003 na secao 001
0003516 pacote 350 rearmazenado em 003 na secao 001
0003516 pacote 353 rearmazenado em 003 na secao 001
0003516 pacote 369 rearmazenado em 003 na secao 001
0003516 pacote 371 rearmazenado em 003 na secao 001
0003516 pacote 374 rearmazenado em 003 na secao 001
0003516 pacote 382 rearmazenado em 003 na secao 001
0003516 pacote 385 rearmazenado em 003 na secao 001
0003516 pacote 388 rearmazenado em 003 na secao 001
0003516 pacote 392 rearmazenado em 003 na secao 001
0003503 pacote 332 removido de 004 na secao 000
0003504 pacote 326 removido de 004 na secao 000
0003505 pacote 317 removido de 004 na secao 000
0003506 pacote 123 removido de 004 na secao 000
0003507 pacote 309 removido de 004 na secao 000
0003508 pacote 294 removido de 004 na secao 000
0003509 pacote 117 removido de 004 na secao 000
0003510 pacote 277 removido de 004 na secao 000
0003511 pacote 273 removido de 004 na secao 000
0003512 pacote 269 removido de 004 na secao 000
0003513 pacote 260 removido de 004 na secao 000
0003514 pacote 243 removido de 004 na secao 000
0003515 pacote 105 removido de 004 na secao 000
0003516 pacote 237 removido de 004 na secao 000
0003517 pacote 098 removido de 004 na secao 000
0003518 pacote 095 removido de 004 na secao 000
0003519 pacote 218 removido de 004 na secao 000
0003520 pacote 211 removido de 004 na secao 000
0003521 pacote 204 removido de 004 na secao 000
0003522 pacote 082 removido de 004 na secao 000
0003523 pacote 194 removido de 004 na secao 000
0003524 pacote 080 removido de 004 na secao 000
0003525 pacote 395 removido de 004 na secao 000
0003525 pacote 395 em transito de 004 para 000
0003525 pacote 080 em transito de 004 para 000
0003525 pacote 194 rearmazenado em 004 na secao 000
0003525 pacote 082 rearmazenado em 004 na secao 000
0003525 pacote 204 rearmazenado em 004 na secao 000
0003525 pacote 211 rearmazenado em 004 na secao 000
0003525 pacote 218 rearmazenado em 004 na secao 000
0003525 pacote 095 rearmazenado em 004 na secao 000
0003525 pacote 098 rearmazenado em 004 na secao 000
0003525 pacote 237 rearmazenado em 004 na secao 000
0003525 pacote 105 rearmazenado em 004 na secao 000
0003525 pacote 243 rearmazenado em 004 na secao 000
0003525 pacote 260 rearmazenado em 004 na secao 000
0003525 pacote 269 rearmazenado em 004 na secao 000
0003525 pacote 273 rearmazenado em 004 na secao 000
0003525 pacote 277 rearmazenado em 004 na secao 000
0003525 pacote 117 rearmazenado em 004 na secao 000
0003525 pacote 294 rearmazenado em 004 na secao 000
0003525 pacote 309 rearmazenado em 004 na secao 000
0003525 pacote 123 rearmazenado em 004 na secao 000
0003525 pacote 317 rearmazenado em 004 na secao 000
0003525 pacote 326 rearmazenado em 004 na secao 000
0003525 pacote 332 rearmazenado em 004 na secao 000
0003503 pacote 380 removido de 004 na secao 001
0003504 pacote 365 removido de 004 na secao 001
0003505 pacote 148 removido de 004 na secao 001
0003506 pacote 351 removido de 004 na secao 001
0003507 pacote 349 removido de 004 na secao 001
0003508 pacote 143 removido de 004 na secao 001
0003509 pacote 142 removido de 004 na secao 001
0003510 pacote 331 removido de 004 na secao 001
0003511 pacote 313 removido de 004 na secao 001
0003512 pacote 136 removido de 004 na secao 001
0003513 pacote 120 removido de 004 na secao 001
0003514 pacote 275 removido de 004 na secao 001
0003515 pacote 116 removido de 004 na secao 001
0003516 pacote 263 removido de 004 na secao 001
0003517 pacote 113 removido de 004 na secao 001
0003518 pacote 239 removido de 004 na secao 001
0003519 pacote 111 removido de 004 na secao 001
0003520 pacote 233 removido de 004 na secao 001
0003521 pacote 099 removido de 004 na secao 001
0003522 pacote 220 removido de 004 na secao 001
0003523 pacote 217 removido de 004 na secao 001
0003524 pacote 094 removido de 004 na secao 001
0003525 pacote 091 removido de 004 na secao 001
0003526 pacote 193 removido de 004 na secao 001
0003527 pacote 187 removido de 004 na secao 001
0003528 pacote 398 removido de 004 na secao 001
0003529 pacote 176 removido de 004 na secao 001
0003530 pacote 396 removido de 004 na secao 001
0003531 pacote 363 removido de 004 na secao 001
0003531 pacote 363 em transito de 004 para 001
0003531 pacote 396 em transito de 004 para 001
0003531 pacote 176 rearmazenado em 004 na secao 001
0003531 pacote 398 rearmazenado em 004 na secao 001
0003531 pacote 187 rearmazenado em 004 na secao 001
0003531 pacote 193 rearmazenado em 004 na secao 001
0003531 pacote 091 rearmazenado em 004 na secao 001
0003531 pacote 094 rearmazenado em 004 na secao 001
0003531 pacote 217 rearmazenado em 004 na secao 001
0003531 pacote 220 rearmazenado em 004 na secao 001
0003531 pacote 099 rearmazenado em 004 na secao 001
0003531 pacote 233 rearmazenado em 004 na secao 001
0003531 pacote 111 rearmazenado em 004 na secao 001
0003531 pacote 239 rearmazenado em 004 na secao 001
0003531 pacote 113 rearmazenado em 004 na secao 001
0003531 pacote 263 rearmazenado em 004 na secao 001
0003531 pacote 116 rearmazenado em 004 na secao 001
0003531 pacote 275 rearmazenado em 004 na secao 001
0003531 pacote 120 rearmazenado em 004 na secao 001
0003531 pacote 136 rearmazenado em 004 na secao 001
0003531 pacote 313 rearmazenado em 004 na secao 001
0003531 pacote 331 rearmazenado em 004 na secao 001
0003531 pacote 142 rearmazenado em 004 na secao 001
0003531 pacote 143 rearmazenado em 004 na secao 001
0003531 pacote 349 rearmazenado em 004 na secao 001
0003531 pacote 351 rearmazenado em 004 na secao 001
0003531 pacote 148 rearmazenado em 004 na secao 001
0003531 pacote 365 rearmazenado em 004 na secao 001
0003531 pacote 380 rearmazenado em 004 na secao 001
0003524 pacote 358 entregue em 003
0003524 pacote 359 entregue em 003
0003526 pacote 366 armazenado em 000 na secao 004
0003526 pacote 377 armazenado em 000 na secao 004
0003536 pacote 324 armazenado em 001 na secao 004
0003536 pacote 330 armazenado em 001 na secao 004
0003545 pacote 080 armazenado em 000 na secao 002
0003545 pacote 395 armazenado em 000 na secao 002
0003551 pacote 363 entregue em 001
0003551 pacote 396 armazenado em 001 na secao 003
0003556 pacote 381 armazenado em 004 na secao 001
0003556 pacote 390 armazenado em 004 na secao 001
0003559 pacote 340 armazenado em 004 na secao 000
0003559 pacote 344 armazenado em 004 na secao 000
0003603 pacote 395 removido de 000 na secao 002
0003604 pacote 080 removido de 000 na secao 002
0003604 pacote 080 em transito de 000 para 002
0003604 pacote 395 em transito de 000 para 002
0003603 pacote 377 removido de 000 na secao 004
0003604 pacote 366 removido de 000 na secao 004
0003605 pacote 357 removido de 000 na secao 004
0003606 pacote 356 removido de 000 na secao 004
0003607 pacote 355 removido de 000 na secao 004
0003608 pacote 352 removido de 000 na secao 004
0003609 pacote 347 removido de 000 na secao 004
0003610 pacote 325 removido de 000 na secao 004
0003611 pacote 315 removido de 000 na secao 004
0003612 pacote 308 removido de 000 na secao 004
0003613 pacote 300 removido de 000 na secao 004
0003614 pacote 299 removido de 000 na secao 004
0003615 pacote 297 removido de 000 na secao 004
0003616 pacote 292 removido de 000 na secao 004
0003617 pacote 288 removido de 000 na secao 004
0003618 pacote 266 removido de 000 na secao 004
0003619 pacote 264 removido de 000 na secao 004
0003620 pacote 257 removido de 000 na secao 004
0003621 pacote 250 removido de 000 na secao 004
0003622 pacote 230 removido de 000 na secao 004
0003623 pacote 228 removido de 000 na secao 004
0003624 pacote 227 removido de 000 na secao 004
0003625 pacote 221 removido de 000 na secao 004
0003626 pacote 207 removido de 000 na secao 004
0003627 pacote 205 removido de 000 na secao 004
0003628 pacote 198 removido de 000 na secao 004
0003629 pacote 196 removido de 000 na secao 004
0003630 pacote 184 removido de 000 na secao 004
0003631 pacote 179 removido de 000 na secao 004
0003632 pacote 177 removido de 000 na secao 004
0003633 pacote 174 removido de 000 na secao 004
0003634 pacote 172 removido de 000 na secao 004
0003635 pacote 397 removido de 000 na secao 004
0003636 pacote 391 removido de 000 na secao 004
0003636 pacote 391 em transito de 000 para 004
0003636 pacote 397 em transito de 000 para 004
0003636 pacote 172 rearmazenado em 000 na secao 004
0003636 pacote 174 rearmazenado em 000 na secao 004
0003636 pacote 177 rearmazenado em 000 na secao 004
0003636 pacote 179 rearmazenado em 000 na secao 004
0003636 pacote 184 rearmazenado em 000 na secao 004
0003636 pacote 196 rearmazenado em 000 na secao 004
0003636 pacote 198 rearmazenado em 000 na secao 004
0003636 pacote 205 rearmazenado em 000 na secao 004
0003636 pacote 207 rearmazenado em 000 na secao 004
0003636 pacote 221 rearmazenado em 000 na secao 004
0003636 pacote 227 rearmazenado em 000 na secao 004
0003636 pacote 228 rearmazenado em 000 na secao 004
0003636 pacote 230 rearmazenado em 000 na secao 004
0003636 pacote 250 rearmazenado em 000 na secao 004
0003636 pacote 257 rearmazenado em 000 na secao 004
0003636 pacote 264 rearmazenado em 000 na secao 004
0003636 pacote 266 rearmazenado em 000 na secao 004
0003636 pacote 288 rearmazenado em 000 na secao 004
0003636 pacote 292 rearmazenado em 000 na secao 004
0003636 pacote 297 rearmazenado em 000 na secao 004
0003636 pacote 299 rearmazenado em 000 na secao 004
0003636 pacote 300 rearmazenado em 000 na secao 004
0003636 pacote 308 rearmazenado em 000 na secao 004
0003636 pacote 315 rearmazenado em 000 na secao 004
0003636 pacote 325 rearmazenado em 000 na secao 004
0003636 pacote 347 rearmazenado em 000 na secao 004
0003636 pacote 352 rearmazenado em 000 na secao 004
0003636 pacote 355 rearmazenado em 000 na secao 004
0003636 pacote 356 rearmazenado em 000 na secao 004
0003636 pacote 357 rearmazenado em 000 na secao 004
0003636 pacote 366 rearmazenado em 000 na secao 004
0003636 pacote 377 rearmazenado em 000 na secao 004
0003603 pacote 396 removido de 001 na secao 003
0003603 pacote 396 em transito de 001 para 003
0003603 pacote 330 removido de 001 na secao 004
0003604 pacote 324 removido de 001 na secao 004
0003605 pacote 305 removido de 001 na secao 004
0003606 pacote 302 removido de 001 na secao 004
0003607 pacote 291 removido de 001 na secao 004
0003608 pacote 290 removido de 001 na secao 004
0003609 pacote 289 removido de 001 na secao 004
0003610 pacote 279 removido de 001 na secao 004
0003611 pacote 276 removido de 001 na secao 004
0003612 pacote 274 removido de 001 na secao 004
0003613 pacote 259 removido de 001 na secao 004
0003614 pacote 256 removido de 001 na secao 004
0003615 pacote 255 removido de 001 na secao 004
0003616 pacote 253 removido de 001 na secao 004
0003617 pacote 252 removido de 001 na secao 004
0003618 pacote 242 removido de 001 na secao 004
0003619 pacote 241 removido de 001 na secao 004
0003620 pacote 235 removido de 001 na secao 004
0003621 pacote 223 removido de 001 na secao 004
0003622 pacote 212 removido de 001 na secao 004
0003623 pacote 199 removido de 001 na secao 004
0003624 pacote 195 removido de 001 na secao 004
0003625 pacote 192 removido de 001 na secao 004
0003626 pacote 188 removido de 001 na secao 004
0003627 pacote 182 removido de 001 na secao 004
0003628 pacote 181 removido de 001 na secao 004
0003629 pacote 164 removido de 001 na secao 004
0003630 pacote 393 removido de 001 na secao 004
0003631 pacote 389 removido de 001 na secao 004
0003632 pacote 387 removido de 001 na secao 004
0003633 pacote 386 removido de 001 na secao 004
0003634 pacote 379 removido de 001 na secao 004
0003635 pacote 159 removido de 001 na secao 004
0003636 pacote 152 removido de 001 na secao 004
0003637 pacote 364 removido de 001 na secao 004
0003638 pacote 144 removido de 001 na secao 004
0003639 pacote 129 removido de 001 na secao 004
0003639 pacote 129 em transito de 001 para 004
0003639 pacote 144 em transito de 001 para 004
0003639 pacote 364 rearmazenado em 001 na secao 004
0003639 pacote 152 rearmazenado em 001 na secao 004
0003639 pacote 159 rearmazenado em 001 na secao 004
0003639 pacote 379 rearmazenado em 001 na secao 004
0003639 pacote 386 rearmazenado em 001 na secao 004
0003639 pacote 387 rearmazenado em 001 na secao 004
0003639 pacote 389 rearmazenado em 001 na secao 004
0003639 pacote 393 rearmazenado em 001 na secao 004
0003639 pacote 164 rearmazenado em 001 na secao 004
0003639 pacote 181 rearmazenado em 001 na secao 004
0003639 pacote 182 rearmazenado em 001 na secao 004
0003639 pacote 188 rearmazenado em 001 na secao 004
0003639 pacote 192 rearmazenado em 001 na secao 004
0003639 pacote 195 rearmazenado em 001 na secao 004
0003639 pacote 199 rearmazenado em 001 na secao 004
0003639 pacote 212 rearmazenado em 001 na secao 004
0003639 pacote 223 rearmazenado em 001 na secao 004
0003639 pacote 235 rearmazenado em 001 na secao 004
0003639 pacote 241 rearmazenado em 001 na secao 004
0003639 pacote 242 rearmazenado em 001 na secao 004
0003639 pacote 252 rearmazenado em 001 na secao 004
0003639 pacote 253 rearmazenado em 001 na secao 004
0003639 pacote 255 rearmazenado em 001 na secao 004
0003639 pacote 256 rearmazenado em 001 na secao 004
0003639 pacote 259 rearmazenado em 001 na secao 004
0003639 pacote 274 rearmazenado em 001 na secao 004
0003639 pacote 276 rearmazenado em 001 na secao 004
0003639 pacote 279 rearmazenado em 001 na secao 004
0003639 pacote 289 rearmazenado em 001 na secao 004
0003639 pacote 290 rearmazenado em 001 na secao 004
0003639 pacote 291 rearmazenado em 001 na secao 004
0003639 pacote 302 rearmazenado em 001 na secao 004
0003639 pacote 305 rearmazenado em 001 na secao 004
0003639 pacote 324 rearmazenado em 001 na secao 004
0003639 pacote 330 rearmazenado em 001 na secao 004
0003603 pacote 394 removido de 002 na secao 000
0003604 pacote 384 removido de 002 na secao 000
0003604 pacote 384 em transito de 002 para 000
0003604 pacote 394 em transito de 002 para 000
0003603 pacote 392 removido de 003 na secao 001
0003604 pacote 388 removido de 003 na secao 001
0003605 pacote 385 removido de 003 na secao 001
0003606 pacote 382 removido de 003 na secao 001
0003607 pacote 374 removido de 003 na secao 001
0003608 pacote 371 removido de 003 na secao 001
0003609 pacote 369 removido de 003 na secao 001
0003610 pacote 353 removido de 003 na secao 001
0003611 pacote 350 removido de 003 na secao 001
0003612 pacote 348 removido de 003 na secao 001
0003613 pacote 342 removido de 003 na secao 001
0003614 pacote 337 removido de 003 na secao 001
0003614 pacote 337 em transito de 003 para 001
0003614 pacote 342 em transito de 003 para 001
0003614 pacote 348 rearmazenado em 003 na secao 001
0003614 pacote 350 rearmazenado em 003 na secao 001
0003614 pacote 353 rearmazenado em 003 na secao 001
0003614 pacote 369 rearmazenado em 003 na secao 001
0003614 pacote 371 rearmazenado em 003 na secao 001
0003614 pacote 374 rearmazenado em 003 na secao 001
0003614 pacote 382 rearmazenado em 003 na secao 001
0003614 pacote 385 rearmazenado em 003 na secao 001
0003614 pacote 388 rearmazenado em 003 na secao 001
0003614 pacote 392 rearmazenado em 003 na secao 001
0003603 pacote 344 removido de 004 na secao 000
0003604 pacote 340 removido de 004 na secao 000
0003605 pacote 332 removido de 004 na secao 000
0003606 pacote 326 removido de 004 na secao 000
0003607 pacote 317 removido de 004 na secao 000
0003608 pacote 123 removido de 004 na secao 000
0003609 pacote 309 removido de 004 na secao 000
0003610 pacote 294 removido de 004 na secao 000
0003611 pacote 117 removido de 004 na secao 000
0003612 pacote 277 removido de 004 na secao 000
0003613 pacote 273 removido de 004 na secao 000
0003614 pacote 269 removido de 004 na secao 000
0003615 pacote 260 removido de 004 na secao 000
0003616 pacote 243 removido de 004 na secao 000
0003617 pacote 105 removido de 004 na secao 000
0003618 pacote 237 removido de 004 na secao 000
0003619 pacote 098 removido de 004 na secao 000
0003620 pacote 095 removido de 004 na secao 000
0003621 pacote 218 removido de 004 na secao 000
0003622 pacote 211 removido de 004 na secao 000
0003623 pacote 204 removido de 004 na secao 000
0003624 pacote 082 removido de 004 na secao 000
0003625 pacote 194 removido de 004 na secao 000
0003625 pacote 194 em transito de 004 para 000
0003625 pacote 082 em transito de 004 para 000
0003625 pacote 204 rearmazenado em 004 na secao 000
0003625 pacote 211 rearmazenado em 004 na secao 000
0003625 pacote 218 rearmazenado em 004 na secao 000
0003625 pacote 095 rearmazenado em 004 na secao 000
0003625 pacote 098 rearmazenado em 004 na secao 000
0003625 pacote 237 rearmazenado em 004 na secao 000
0003625 pacote 105 rearmazenado em 004 na secao 000
0003625 pacote 243 rearmazenado em 004 na secao 000
0003625 pacote 260 rearmazenado em 004 na secao 000
0003625 pacote 269 rearmazenado em 004 na secao 000
0003625 pacote 273 rearmazenado em 004 na secao 000
0003625 pacote 277 rearmazenado em 004 na secao 000
0003625 pacote 117 rearmazenado em 004 na secao 000
0003625 pacote 294 rearmazenado em 004 na secao 000
0003625 pacote 309 rearmazenado em 004 na secao 000
0003625 pacote 123 rearmazenado em 004 na secao 000
0003625 pacote 317 rearmazenado em 004 na secao 000
0003625 pacote 326 rearmazenado em 004 na secao 000
0003625 pacote 332 rearmazenado em 004 na secao 000
0003625 pacote 340 rearmazenado em 004 na secao 000
0003625 pacote 344 rearmazenado em 004 na secao 000
0003603 pacote 390 removido de 004 na secao 001
0003604 pacote 381 removido de 004 na secao 001
0003605 pacote 380 removido de 004 na secao 001
0003606 pacote 365 removido de 004 na secao 001
0003607 pacote 148 removido de 004 na secao 001
0003608 pacote 351 removido de 004 na secao 001
0003609 pacote 349 removido de 004 na secao 001
0003610 pacote 143 removido de 004 na secao 001
0003611 pacote 142 removido de 004 na secao 001
0003612 pacote 331 removido de 004 na secao 001
0003613 pacote 313 removido de 004 na secao 001
0003614 pacote 136 removido de 004 na secao 001
0003615 pacote 120 removido de 004 na secao 001
0003616 pacote 275 removido de 004 na secao 001
0003617 pacote 116 removido de 004 na secao 001
0003618 pacote 263 removido de 004 na secao 001
0003619 pacote 113 removido de 004 na secao 001
0003620 pacote 239 removido de 004 na secao 001
0003621 pacote 111 removido de 004 na secao 001
0003622 pacote 233 removido de 004 na secao 001
0003623 pacote 099 removido de 004 na secao 001
0003624 pacote 220 removido de 004 na secao 001
0003625 pacote 217 removido de 004 na secao 001
0003626 pacote 094 removido de 004 na secao 001
0003627 pacote 091 removido de 004 na secao 001
0003628 pacote 193 removido de 004 na secao 001
0003629 pacote 187 removido de 004 na secao 001
0003630 pacote 398 removido de 004 na secao 001
0003631 pacote 176 removido de 004 na secao 001
0003631 pacote 176 em transito de 004 para 001
0003631 pacote 398 em transito de 004 para 001
0003631 pacote 187 rearmazenado em 004 na secao 001
0003631 pacote 193 rearmazenado em 004 na secao 001
0003631 pacote 091 rearmazenado em 004 na secao 001
0003631 pacote 094 rearmazenado em 004 na secao 001
0003631 pacote 217 rearmazenado em 004 na secao 001
0003631 pacote 220 rearmazenado em 004 na secao 001
0003631 pacote 099 rearmazenado em 004 na secao 001
0003631 pacote 233 rearmazenado em 004 na secao 001
0003631 pacote 111 rearmazenado em 004 na secao 001
0003631 pacote 239 rearmazenado em 004 na secao 001
0003631 pacote 113 rearmazenado em 004 na secao 001
0003631 pacote 263 rearmazenado em 004 na secao 001
0003631 pacote 116 rearmazenado em 004 na secao 001
0003631 pacote 275 rearmazenado em 004 na secao 001
0003631 pacote 120 rearmazenado em 004 na secao 001
0003631 pacote 136 rearmazenado em 004 na secao 001
0003631 pacote 313 rearmazenado em 004 na secao 001
0003631 pacote 331 rearmazenado em 004 na secao 001
0003631 pacote 142 rearmazenado em 004 na secao 001
0003631 pacote 143 rearmazenado em 004 na secao 001
0003631 pacote 349 rearmazenado em 004 na secao 001
0003631 pacote 351 rearmazenado em 004 na secao 001
0003631 pacote 148 rearmazenado em 004 na secao 001
0003631 pacote 365 rearmazenado em 004 na secao 001
0003631 pacote 380 rearmazenado em 004 na secao 001
0003631 pacote 381 rearmazenado em 004 na secao 001
0003631 pacote 390 rearmazenado em 004 na secao 001
0003623 pacote 396 entregue em 003
0003624 pacote 080 entregue em 002
0003624 pacote 384 armazenado em 000 na secao 004
0003624 pacote 394 armazenado em 000 na secao 004
0003624 pacote 395 entregue em 002
0003634 pacote 337 armazenado em 001 na secao 004
0003634 pacote 342 entregue em 001
0003645 pacote 082 armazenado em 000 na secao 002
0003645 pacote 194 entregue em 000
0003651 pacote 176 entregue em 001
0003651 pacote 398 armazenado em 001 na secao 003
0003656 pacote 391 entregue em 004
0003656 pacote 397 entregue em 004
0003659 pacote 129 armazenado em 004 na secao 000
0003659 pacote 144 entregue em 004
0003703 pacote 082 removido de 000 na secao 002
0003703 pacote 082 em transito de 000 para 002
0003703 pacote 394 removido de 000 na secao 004
0003704 pacote 384 removido de 000 na secao 004
0003705 pacote 377 removido de 000 na secao 004
0003706 pacote 366 removido de 000 na secao 004
0003707 pacote 357 removido de 000 na secao 004
0003708 pacote 356 removido de 000 na secao 004
0003709 pacote 355 removido de 000 na secao 004
0003710 pacote 352 removido de 000 na secao 004
0003711 pacote 347 removido de 000 na secao 004
0003712 pacote 325 removido de 000 na secao 004
0003713 pacote 315 removido de 000 na secao 004
0003714 pacote 308 removido de 000 na secao 004
0003715 pacote 300 removido de 000 na secao 004
0003716 pacote 299 removido de 000 na secao 004
0003717 pacote 297 removido de 000 na secao 004
0003718 pacote 292 removido de 000 na secao 004
0003719 pacote 288 removido de 000 na secao 004
0003720 pacote 266 removido de 000 na secao 004
0003721 pacote 264 removido de 000 na secao 004
0003722 pacote 257 removido de 000 na secao 004
0003723 pacote 250 removido de 000 na secao 004
0003724 pacote 230 removido de 000 na secao 004
0003725 pacote 228 removido de 000 na secao 004
0003726 pacote 227 removido de 000 na secao 004
0003727 pacote 221 removido de 000 na secao 004
0003728 pacote 207 removido de 000 na secao 004
0003729 pacote 205 removido de 000 na secao 004
0003730 pacote 198 removido de 000 na secao 004
0003731 pacote 196 removido de 000 na secao 004
0003732 pacote 184 removido de 000 na secao 004
0003733 pacote 179 removido de 000 na secao 004
0003734 pacote 177 removido de 000 na secao 004
0003735 pacote 174 removido de 000 na secao 004
0003736 pacote 172 removido de 000 na secao 004
0003736 pacote 172 em transito de 000 para 004
0003736 pacote 174 em transito de 000 para 004
0003736 pacote 177 rearmazenado em 000 na secao 004
0003736 pacote 179 rearmazenado em 000 na secao 004
0003736 pacote 184 rearmazenado em 000 na secao 004
0003736 pacote 196 rearmazenado em 000 na secao 004
0003736 pacote 198 rearmazenado em 000 na secao 004
0003736 pacote 205 rearmazenado em 000 na secao 004
0003736 pacote 207 rearmazenado em 000 na secao 004
0003736 pacote 221 rearmazenado em 000 na secao 004
0003736 pacote 227 rearmazenado em 000 na secao 004
0003736 pacote 228 rearmazenado em 000 na secao 004
0003736 pacote 230 rearmazenado em 000 na secao 004
0003736 pacote 250 rearmazenado em 000 na secao 004
0003736 pacote 257 rearmazenado em 000 na secao 004
0003736 pacote 264 rearmazenado em 000 na secao 004
0003736 pacote 266 rearmazenado em 000 na secao 004
0003736 pacote 288 rearmazenado em 000 na secao 004
0003736 pacote 292 rearmazenado em 000 na secao 004
0003736 pacote 297 rearmazenado em 000 na secao 004
0003736 pacote 299 rearmazenado em 000 na secao 004
0003736 pacote 300 rearmazenado em 000 na secao 004
0003736 pacote 308 rearmazenado em 000 na secao 004
0003736 pacote 315 rearmazenado em 000 na secao 004
0003736 pacote 325 rearmazenado em 000 na secao 004
0003736 pacote 347 rearmazenado em 000 na secao 004
0003736 pacote 352 rearmazenado em 000 na secao 004
0003736 pacote 355 rearmazenado em 000 na secao 004
0003736 pacote 356 rearmazenado em 000 na secao 004
0003736 pacote 357 rearmazenado em 000 na secao 004
0003736 pacote 366 rearmazenado em 000 na secao 004
0003736 pacote 377 rearmazenado em 000 na secao 004
0003736 pacote 384 rearmazenado em 000 na secao 004
0003736 pacote 394 rearmazenado em 000 na secao 004
0003703 pacote 398 removido de 001 na secao 003
0003703 pacote 398 em transito de 001 para 003
0003703 pacote 337 removido de 001 na secao 004
0003704 pacote 330 removido de 001 na secao 004
0003705 pacote 324 removido de 001 na secao 004
0003706 pacote 305 removido de 001 na secao 004
0003707 pacote 302 removido de 001 na secao 004
0003708 pacote 291 removido de 001 na secao 004
0003709 pacote 290 removido de 001 na secao 004
0003710 pacote 289 removido de 001 na secao 004
0003711 pacote 279 removido de 001 na secao 004
0003712 pacote 276 removido de 001 na secao 004
0003713 pacote 274 removido de 001 na secao 004
0003714 pacote 259 removido de 001 na secao 004
0003715 pacote 256 removido de 001 na secao 004
0003716 pacote 255 removido de 001 na secao 004
0003717 pacote 253 removido de 001 na secao 004
0003718 pacote 252 removido de 001 na secao 004
0003719 pacote 242 removido de 001 na secao 004
0003720 pacote 241 removido de 001 na secao 004
0003721 pacote 235 removido de 001 na secao 004
0003722 pacote 223 removido de 001 na secao 004
0003723 pacote 212 removido de 001 na secao 004
0003724 pacote 199 removido de 001 na secao 004
0003725 pacote 195 removido de 001 na secao 004
0003726 pacote 192 removido de 001 na secao 004
0003727 pacote 188 removido de 001 na secao 004
0003728 pacote 182 removido de 001 na secao 004
0003729 pacote 181 removido de 001 na secao 004
0003730 pacote 164 removido de 001 na secao 004
0003731 pacote 393 removido de 001 na secao 004
0003732 pacote 389 removido de 001 na secao 004
0003733 pacote 387 removido de 001 na secao 004
0003734 pacote 386 removido de 001 na secao 004
0003735 pacote 379 removido de 001 na secao 004
0003736 pacote 159 removido de 001 na secao 004
0003737 pacote 152 removido de 001 na secao 004
0003738 pacote 364 removido de 001 na secao 004
0003738 pacote 364 em transito de 001 para 004
0003738 pacote 152 em transito de 001 para 004
0003738 pacote 159 rearmazenado em 001 na secao 004
0003738 pacote 379 rearmazenado em 001 na secao 004
0003738 pacote 386 rearmazenado em 001 na secao 004
0003738 pacote 387 rearmazenado em 001 na secao 004
0003738 pacote 389 rearmazenado em 001 na secao 004
0003738 pacote 393 rearmazenado em 001 na secao 004
0003738 pacote 164 rearmazenado em 001 na secao 004
0003738 pacote 181 rearmazenado em 001 na secao 004
0003738 pacote 182 rearmazenado em 001 na secao 004
0003738 pacote 188 rearmazenado em 001 na secao 004
0003738 pacote 192 rearmazenado em 001 na secao 004
0003738 pacote 195 rearmazenado em 001 na secao 004
0003738 pacote 199 rearmazenado em 001 na secao 004
0003738 pacote 212 rearmazenado em 001 na secao 004
0003738 pacote 223 rearmazenado em 001 na secao 004
0003738 pacote 235 rearmazenado em 001 na secao 004
0003738 pacote 241 rearmazenado em 001 na secao 004
0003738 pacote 242 rearmazenado em 001 na secao 004
0003738 pacote 252 rearmazenado em 001 na secao 004
0003738 pacote 253 rearmazenado em 001 na secao 004
0003738 pacote 255 rearmazenado em 001 na secao 004
0003738 pacote 256 rearmazenado em 001 na secao 004
0003738 pacote 259 rearmazenado em 001 na secao 004
0003738 pacote 274 rearmazenado em 001 na secao 004
0003738 pacote 276 rearmazenado em 001 na secao 004
0003738 pacote 279 rearmazenado em 001 na secao 004
0003738 pacote 289 rearmazenado em 001 na secao 004
0003738 pacote 290 rearmazenado em 001 na secao 004
0003738 pacote 291 rearmazenado em 001 na secao 004
0003738 pacote 302 rearmazenado em 001 na secao 004
0003738 pacote 305 rearmazenado em 001 na secao 004
0003738 pacote 324 rearmazenado em 001 na secao 004
0003738 pacote 330 rearmazenado em 001 na secao 004
0003738 pacote 337 rearmazenado em 001 na secao 004
0003703 pacote 392 removido de 003 na secao 001
0003704 pacote 388 removido de 003 na secao 001
0003705 pacote 385 removido de 003 na secao 001
0003706 pacote 382 removido de 003 na secao 001
0003707 pacote 374 removido de 003 na secao 001
0003708 pacote 371 removido de 003 na secao 001
0003709 pacote 369 removido de 003 na secao 001
0003710 pacote 353 removido de 003 na secao 001
0003711 pacote 350 removido de 003 na secao 001
0003712 pacote 348 removido de 003 na secao 001
0003712 pacote 348 em transito de 003 para 001
0003712 pacote 350 em transito de 003 para 001
0003712 pacote 353 rearmazenado em 003 na secao 001
0003712 pacote 369 rearmazenado em 003 na secao 001
0003712 pacote 371 rearmazenado em 003 na secao 001
0003712 pacote 374 rearmazenado em 003 na secao 001
0003712 pacote 382 rearmazenado em 003 na secao 001
0003712 pacote 385 rearmazenado em 003 na secao 001
0003712 pacote 388 rearmazenado em 003 na secao 001
0003712 pacote 392 rearmazenado em 003 na secao 001
0003703 pacote 129 removido de 004 na secao 000
0003704 pacote 344 removido de 004 na secao 000
0003705 pacote 340 removido de 004 na secao 000
0003706 pacote 332 removido de 004 na secao 000
0003707 pacote 326 removido de 004 na secao 000
0003708 pacote 317 removido de 004 na secao 000
0003709 pacote 123 removido de 004 na secao 000
0003710 pacote 309 removido de 004 na secao 000
0003711 pacote 294 removido de 004 na secao 000
0003712 pacote 117 removido de 004 na secao 000
0003713 pacote 277 removido de 004 na secao 000
0003714 pacote 273 removido de 004 na secao 000
0003715 pacote 269 removido de 004 na secao 000
0003716 pacote 260 removido de 004 na secao 000
0003717 pacote 243 removido de 004 na secao 000
0003718 pacote 105 removido de 004 na secao 000
0003719 pacote 237 removido de 004 na secao 000
0003720 pacote 098 removido de 004 na secao 000
0003721 pacote 095 removido de 004 na secao 000
0003722 pacote 218 removido de 004 na secao 000
0003723 pacote 211 removido de 004 na secao 000
0003724 pacote 204 removido de 004 na secao 000
0003724 pacote 204 em transito de 004 para 000
0003724 pacote 211 em transito de 004 para 000
0003724 pacote 218 rearmazenado em 004 na secao 000
0003724 pacote 095 rearmazenado em 004 na secao 000
0003724 pacote 098 rearmazenado em 004 na secao 000
0003724 pacote 237 rearmazenado em 004 na secao 000
0003724 pacote 105 rearmazenado em 004 na secao 000
0003724 pacote 243 rearmazenado em 004 na secao 000
0003724 pacote 260 rearmazenado em 004 na secao 000
0003724 pacote 269 rearmazenado em 004 na secao 000
0003724 pacote 273 rearmazenado em 004 na secao 000
0003724 pacote 277 rearmazenado em 004 na secao 000
0003724 pacote 117 rearmazenado em 004 na secao 000
0003724 pacote 294 rearmazenado em 004 na secao 000
0003724 pacote 309 rearmazenado em 004 na secao 000
0003724 pacote 123 rearmazenado em 004 na secao 000
0003724 pacote 317 rearmazenado em 004 na secao 000
0003724 pacote 326 rearmazenado em 004 na secao 000
0003724 pacote 332 rearmazenado em 004 na secao 000
0003724 pacote 340 rearmazenado em 004 na secao 000
0003724 pacote 344 rearmazenado em 004 na secao 000
0003724 pacote 129 rearmazenado em 004 na secao 000
0003703 pacote 390 removido de 004 na secao 001
0003704 pacote 381 removido de 004 na secao 001
0003705 pacote 380 removido de 004 na secao 001
0003706 pacote 365 removido de 004 na secao 001
0003707 pacote 148 removido de 004 na secao 001
0003708 pacote 351 removido de 004 na secao 001
0003709 pacote 349 removido de 004 na secao 001
0003710 pacote 143 removido de 004 na secao 001
0003711 pacote 142 removido de 004 na secao 001
0003712 pacote 331 removido de 004 na secao 001
0003713 pacote 313 removido de 004 na secao 001
0003714 pacote 136 removido de 004 na secao 001
0003715 pacote 120 removido de 004 na secao 001
0003716 pacote 275 removido de 004 na secao 001
0003717 pacote 116 removido de 004 na secao 001
0003718 pacote 263 removido de 004 na secao 001
0003719 pacote 113 removido de 004 na secao 001
0003720 pacote 239 removido de 004 na secao 001
0003721 pacote 111 removido de 004 na secao 001
0003722 pacote 233 removido de 004 na secao 001
0003723 pacote 099 removido de 004 na secao 001
0003724 pacote 220 removido de 004 na secao 001
0003725 pacote 217 removido de 004 na secao 001
0003726 pacote 094 removido de 004 na secao 001
0003727 pacote 091 removido de 004 na secao 001
0003728 pacote 193 removido de 004 na secao 001
0003729 pacote 187 removido de 004 na secao 001
0003729 pacote 187 em transito de 004 para 001
0003729 pacote 193 em transito de 004 para 001
0003729 pacote 091 rearmazenado em 004 na secao 001
0003729 pacote 094 rearmazenado em 004 na secao 001
0003729 pacote 217 rearmazenado em 004 na secao 001
0003729 pacote 220 rearmazenado em 004 na secao 001
0003729 pacote 099 rearmazenado em 004 na secao 001
0003729 pacote 233 rearmazenado em 004 na secao 001
0003729 pacote 111 rearmazenado em 004 na secao 001
0003729 pacote 239 rearmazenado em 004 na secao 001
0003729 pacote 113 rearmazenado em 004 na secao 001
0003729 pacote 263 rearmazenado em 004 na secao 001
0003729 pacote 116 rearmazenado em 004 na secao 001
0003729 pacote 275 rearmazenado em 004 na secao 001
0003729 pacote 120 rearmazenado em 004 na secao 001
0003729 pacote 136 rearmazenado em 004 na secao 001
0003729 pacote 313 rearmazenado em 004 na secao 001
0003729 pacote 331 rearmazenado em 004 na secao 001
0003729 pacote 142 rearmazenado em 004 na secao 001
0003729 pacote 143 rearmazenado em 004 na secao 001
0003729 pacote 349 rearmazenado em 004 na secao 001
0003729 pacote 351 rearmazenado em 004 na secao 001
0003729 pacote 148 rearmazenado em 004 na secao 001
0003729 pacote 365 rearmazenado em 004 na secao 001
0003729 pacote 380 rearmazenado em 004 na secao 001
0003729 pacote 381 rearmazenado em 004 na secao 001
0003729 pacote 390 rearmazenado em 004 na secao 001
0003723 pacote 082 entregue em 002
0003723 pacote 398 entregue em 003
0003732 pacote 348 armazenado em 001 na secao 004
0003732 pacote 350 armazenado em 001 na secao 004
0003744 pacote 204 armazenado em 000 na secao 002
0003744 pacote 211 armazenado em 000 na secao 002
0003749 pacote 187 entregue em 001
0003749 pacote 193 armazenado em 001 na secao 003
0003756 pacote 172 armazenado em 004 na secao 001
0003756 pacote 174 armazenado em 004 na secao 001
0003758 pacote 152 entregue em 004
0003758 pacote 364 armazenado em 004 na secao 000
0003803 pacote 211 removido de 000 na secao 002
0003804 pacote 204 removido de 000 na secao 002
0003804 pacote 204 em transito de 000 para 002
0003804 pacote 211 em transito de 000 para 002
0003803 pacote 394 removido de 000 na secao 004
0003804 pacote 384 removido de 000 na secao 004
0003805 pacote 377 removido de 000 na secao 004
0003806 pacote 366 removido de 000 na secao 004
0003807 pacote 357 removido de 000 na secao 004
0003808 pacote 356 removido de 000 na secao 004
0003809 pacote 355 removido de 000 na secao 004
0003810 pacote 352 removido de 000 na secao 004
0003811 pacote 347 removido de 000 na secao 004
0003812 pacote 325 removido de 000 na secao 004
0003813 pacote 315 removido de 000 na secao 004
0003814 pacote 308 removido de 000 na secao 004
0003815 pacote 300 removido de 000 na secao 004
0003816 pacote 299 removido de 000 na secao 004
0003817 pacote 297 removido de 000 na secao 004
0003818 pacote 292 removido de 000 na secao 004
0003819 pacote 288 removido de 000 na secao 004
0003820 pacote 266 removido de 000 na secao 004
0003821 pacote 264 removido de 000 na secao 004
0003822 pacote 257 removido de 000 na secao 004
0003823 pacote 250 removido de 000 na secao 004
0003824 pacote 230 removido de 000 na secao 004
0003825 pacote 228 removido de 000 na secao 004
0003826 pacote 227 removido de 000 na secao 004
0003827 pacote 221 removido de 000 na secao 004
0003828 pacote 207 removido de 000 na secao 004
0003829 pacote 205 removido de 000 na secao 004
0003830 pacote 198 removido de 000 na secao 004
0003831 pacote 196 removido de 000 na secao 004
0003832 pacote 184 removido de 000 na secao 004
0003833 pacote 179 removido de 000 na secao 004
0003834 pacote 177 removido de 000 na secao 004
0003834 pacote 177 em transito de 000 para 004
0003834 pacote 179 em transito de 000 para 004
0003834 pacote 184 rearmazenado em 000 na secao 004
0003834 pacote 196 rearmazenado em 000 na secao 004
0003834 pacote 198 rearmazenado em 000 na secao 004
0003834 pacote 205 rearmazenado em 000 na secao 004
0003834 pacote 207 rearmazenado em 000 na secao 004
0003834 pacote 221 rearmazenado em 000 na secao 004
0003834 pacote 227 rearmazenado em 000 na secao 004
0003834 pacote 228 rearmazenado em 000 na secao 004
0003834 pacote 230 rearmazenado em 000 na secao 004
0003834 pacote 250 rearmazenado em 000 na secao 004
0003834 pacote 257 rearmazenado em 000 na secao 004
0003834 pacote 264 rearmazenado em 000 na secao 004
0003834 pacote 266 rearmazenado em 000 na secao 004
0003834 pacote 288 rearmazenado em 000 na secao 004
0003834 pacote 292 rearmazenado em 000 na secao 004
0003834 pacote 297 rearmazenado em 000 na secao 004
0003834 pacote 299 rearmazenado em 000 na secao 004
0003834 pacote 300 rearmazenado em 000 na secao 004
0003834 pacote 308 rearmazenado em 000 na secao 004
0003834 pacote 315 rearmazenado em 000 na secao 004
0003834 pacote 325 rearmazenado em 000 na secao 004
0003834 pacote 347 rearmazenado em 000 na secao 004
0003834 pacote 352 rearmazenado em 000 na secao 004
0003834 pacote 355 rearmazenado em 000 na secao 004
0003834 pacote 356 rearmazenado em 000 na secao 004
0003834 pacote 357 rearmazenado em 000 na secao 004
0003834 pacote 366 rearmazenado em 000 na secao 004
0003834 pacote 377 rearmazenado em 000 na secao 004
0003834 pacote 384 rearmazenado em 000 na secao 004
0003834 pacote 394 rearmazenado em 000 na secao 004
0003803 pacote 193 removido de 001 na secao 003
0003803 pacote 193 em transito de 001 para 003
0003803 pacote 350 removido de 001 na secao 004
0003804 pacote 348 removido de 001 na secao 004
0003805 pacote 337 removido de 001 na secao 004
0003806 pacote 330 removido de 001 na secao 004
0003807 pacote 324 removido de 001 na secao 004
0003808 pacote 305 removido de 001 na secao 004
0003809 pacote 302 removido de 001 na secao 004
0003810 pacote 291 removido de 001 na secao 004
0003811 pacote 290 removido de 001 na secao 004
0003812 pacote 289 removido de 001 na secao 004
0003813 pacote 279 removido de 001 na secao 004
0003814 pacote 276 removido de 001 na secao 004
0003815 pacote 274 removido de 001 na secao 004
0003816 pacote 259 removido de 001 na secao 004
0003817 pacote 256 removido de 001 na secao 004
0003818 pacote 255 removido de 001 na secao 004
0003819 pacote 253 removido de 001 na secao 004
0003820 pacote 252 removido de 001 na secao 004
0003821 pacote 242 removido de 001 na secao 004
0003822 pacote 241 removido de 001 na secao 004
0003823 pacote 235 removido de 001 na secao 004
0003824 pacote 223 removido de 001 na secao 004
0003825 pacote 212 removido de 001 na secao 004
0003826 pacote 199 removido de 001 na secao 004
0003827 pacote 195 removido de 001 na secao 004
0003828 pacote 192 removido de 001 na secao 004
0003829 pacote 188 removido de 001 na secao 004
0003830 pacote 182 removido de 001 na secao 004
0003831 pacote 181 removido de 001 na secao 004
0003832 pacote 164 removido de 001 na secao 004
0003833 pacote 393 removido de 001 na secao 004
0003834 pacote 389 removido de 001 na secao 004
0003835 pacote 387 removido de 001 na secao 004
0003836 pacote 386 removido de 001 na secao 004
0003837 pacote 379 removido de 001 na secao 004
0003838 pacote 159 removido de 001 na secao 004
0003838 pacote 159 em transito de 001 para 004
0003838 pacote 379 em transito de 001 para 004
0003838 pacote 386 rearmazenado em 001 na secao 004
0003838 pacote 387 rearmazenado em 001 na secao 004
0003838 pacote 389 rearmazenado em 001 na secao 004
0003838 pacote 393 rearmazenado em 001 na secao 004
0003838 pacote 164 rearmazenado em 001 na secao 004
0003838 pacote 181 rearmazenado em 001 na secao 004
0003838 pacote 182 rearmazenado em 001 na secao 004
0003838 pacote 188 rearmazenado em 001 na secao 004
0003838 pacote 192 rearmazenado em 001 na secao 004
0003838 pacote 195 rearmazenado em 001 na secao 004
0003838 pacote 199 rearmazenado em 001 na secao 004
0003838 pacote 212 rearmazenado em 001 na secao 004
0003838 pacote 223 rearmazenado em 001 na secao 004
0003838 pacote 235 rearmazenado em 001 na secao 004
0003838 pacote 241 rearmazenado em 001 na secao 004
0003838 pacote 242 rearmazenado em 001 na secao 004
0003838 pacote 252 rearmazenado em 001 na secao 004
0003838 pacote 253 rearmazenado em 001 na secao 004
0003838 pacote 255 rearmazenado em 001 na secao 004
0003838 pacote 256 rearmazenado em 001 na secao 004
0003838 pacote 259 rearmazenado em 001 na secao 004
0003838 pacote 274 rearmazenado em 001 na secao 004
0003838 pacote 276 rearmazenado em 001 na secao 004
0003838 pacote 279 rearmazenado em 001 na secao 004
0003838 pacote 289 rearmazenado em 001 na secao 004
0003838 pacote 290 rearmazenado em 001 na secao 004
0003838 pacote 291 rearmazenado em 001 na secao 004
0003838 pacote 302 rearmazenado em 001 na secao 004
0003838 pacote 305 rearmazenado em 001 na secao 004
0003838 pacote 324 rearmazenado em 001 na secao 004
0003838 pacote 330 rearmazenado em 001 na secao 004
0003838 pacote 337 rearmazenado em 001 na secao 004
0003838 pacote 348 rearmazenado em 001 na secao 004
0003838 pacote 350 rearmazenado em 001 na secao 004
0003803 pacote 392 removido de 003 na secao 001
0003804 pacote 388 removido de 003 na secao 001
0003805 pacote 385 removido de 003 na secao 001
0003806 pacote 382 removido de 003 na secao 001
0003807 pacote 374 removido de 003 na secao 001
0003808 pacote 371 removido de 003 na secao 001
0003809 pacote 369 removido de 003 na secao 001
0003810 pacote 353 removido de 003 na secao 001
0003810 pacote 353 em transito de 003 para 001
0003810 pacote 369 em transito de 003 para 001
0003810 pacote 371 rearmazenado em 003 na secao 001
0003810 pacote 374 rearmazenado em 003 na secao 001
0003810 pacote 382 rearmazenado em 003 na secao 001
0003810 pacote 385 rearmazenado em 003 na secao 001
0003810 pacote 388 rearmazenado em 003 na secao 001
0003810 pacote 392 rearmazenado em 003 na secao 001
0003803 pacote 364 removido de 004 na secao 000
0003804 pacote 129 removido de 004 na secao 000
0003805 pacote 344 removido de 004 na secao 000
0003806 pacote 340 removido de 004 na secao 000
0003807 pacote 332 removido de 004 na secao 000
0003808 pacote 326 removido de 004 na secao 000
0003809 pacote 317 removido de 004 na secao 000
0003810 pacote 123 removido de 004 na secao 000
0003811 pacote 309 removido de 004 na secao 000
0003812 pacote 294 removido de 004 na secao 000
0003813 pacote 117 removido de 004 na secao 000
0003814 pacote 277 removido de 004 na secao 000
0003815 pacote 273 removido de 004 na secao 000
0003816 pacote 269 removido de 004 na secao 000
0003817 pacote 260 removido de 004 na secao 000
0003818 pacote 243 removido de 004 na secao 000
0003819 pacote 105 removido de 004 na secao 000
0003820 pacote 237 removido de 004 na secao 000
0003821 pacote 098 removido de 004 na secao 000
0003822 pacote 095 removido de 004 na secao 000
0003823 pacote 218 removido de 004 na secao 000
0003823 pacote 218 em transito de 004 para 000
0003823 pacote 095 em transito de 004 para 000
0003823 pacote 098 rearmazenado em 004 na secao 000
0003823 pacote 237 rearmazenado em 004 na secao 000
0003823 pacote 105 rearmazenado em 004 na secao 000
0003823 pacote 243 rearmazenado em 004 na secao 000
0003823 pacote 260 rearmazenado em 004 na secao 000
0003823 pacote 269 rearmazenado em 004 na secao 000
0003823 pacote 273 rearmazenado em 004 na secao 000
0003823 pacote 277 rearmazenado em 004 na secao 000
0003823 pacote 117 rearmazenado em 004 na secao 000
0003823 pacote 294 rearmazenado em 004 na secao 000
0003823 pacote 309 rearmazenado em 004 na secao 000
0003823 pacote 123 rearmazenado em 004 na secao 000
0003823 pacote 317 rearmazenado em 004 na secao 000
0003823 pacote 326 rearmazenado em 004 na secao 000
0003823 pacote 332 rearmazenado em 004 na secao 000
0003823 pacote 340 rearmazenado em 004 na secao 000
0003823 pacote 344 rearmazenado em 004 na secao 000
0003823 pacote 129 rearmazenado em 004 na secao 000
0003823 pacote 364 rearmazenado em 004 na secao 000
0003803 pacote 174 removido de 004 na secao 001
0003804 pacote 172 removido de 004 na secao 001
0003805 pacote 390 removido de 004 na secao 001
0003806 pacote 381 removido de 004 na secao 001
0003807 pacote 380 removido de 004 na secao 001
0003808 pacote 365 removido de 004 na secao 001
0003809 pacote 148 removido de 004 na secao 001
0003810 pacote 351 removido de 004 na secao 001
0003811 pacote 349 removido de 004 na secao 001
0003812 pacote 143 removido de 004 na secao 001
0003813 pacote 142 removido de 004 na secao 001
0003814 pacote 331 removido de 004 na secao 001
0003815 pacote 313 removido de 004 na secao 001
0003816 pacote 136 removido de 004 na secao 001
0003817 pacote 120 removido de 004 na secao 001
0003818 pacote 275 removido de 004 na secao 001
0003819 pacote 116 removido de 004 na secao 001
0003820 pacote 263 removido de 004 na secao 001
0003821 pacote 113 removido de 004 na secao 001
0003822 pacote 239 removido de 004 na secao 001
0003823 pacote 111 removido de 004 na secao 001
0003824 pacote 233 removido de 004 na secao 001
0003825 pacote 099 removido de 004 na secao 001
0003826 pacote 220 removido de 004 na secao 001
0003827 pacote 217 removido de 004 na secao 001
0003828 pacote 094 removido de 004 na secao 001
0003829 pacote 091 removido de 004 na secao 001
0003829 pacote 091 em transito de 004 para 001
0003829 pacote 094 em transito de 004 para 001
0003829 pacote 217 rearmazenado em 004 na secao 001
0003829 pacote 220 rearmazenado em 004 na secao 001
0003829 pacote 099 rearmazenado em 004 na secao 001
0003829 pacote 233 rearmazenado em 004 na secao 001
0003829 pacote 111 rearmazenado em 004 na secao 001
0003829 pacote 239 rearmazenado em 004 na secao 001
0003829 pacote 113 rearmazenado em 004 na secao 001
0003829 pacote 263 rearmazenado em 004 na secao 001
0003829 pacote 116 rearmazenado em 004 na secao 001
0003829 pacote 275 rearmazenado em 004 na secao 001
0003829 pacote 120 rearmazenado em 004 na secao 001
0003829 pacote 136 rearmazenado em 004 na secao 001
0003829 pacote 313 rearmazenado em 004 na secao 001
0003829 pacote 331 rearmazenado em 004 na secao 001
0003829 pacote 142 rearmazenado em 004 na secao 001
0003829 pacote 143 rearmazenado em 004 na secao 001
0003829 pacote 349 rearmazenado em 004 na secao 001
0003829 pacote 351 rearmazenado em 004 na secao 001
0003829 pacote 148 rearmazenado em 004 na secao 001
0003829 pacote 365 rearmazenado em 004 na secao 001
0003829 pacote 380 rearmazenado em 004 na secao 001
0003829 pacote 381 rearmazenado em 004 na secao 001
0003829 pacote 390 rearmazenado em 004 na secao 001
0003829 pacote 172 rearmazenado em 004 na secao 001
0003829 pacote 174 rearmazenado em 004 na secao 001
0003823 pacote 193 entregue em 003
0003824 pacote 204 entregue em 002
0003824 pacote 211 entregue em 002
0003830 pacote 353 armazenado em 001 na secao 004
0003830 pacote 369 armazenado em 001 na secao 004
0003843 pacote 095 entregue em 000
0003843 pacote 218 armazenado em 000 na secao 002
0003849 pacote 091 entregue em 001
0003849 pacote 094 entregue em 001
0003854 pacote 177 armazenado em 004 na secao 001
0003854 pacote 179 entregue em 004
0003858 pacote 159 entregue em 004
0003858 pacote 379 armazenado em 004 na secao 000
0003903 pacote 218 removido de 000 na secao 002
0003903 pacote 218 em transito de 000 para 002
0003903 pacote 394 removido de 000 na secao 004
0003904 pacote 384 removido de 000 na secao 004
0003905 pacote 377 removido de 000 na secao 004
0003906 pacote 366 removido de 000 na secao 004
0003907 pacote 357 removido de 000 na secao 004
0003908 pacote 356 removido de 000 na secao 004
0003909 pacote 355 removido de 000 na secao 004
0003910 pacote 352 removido de 000 na secao 004
0003911 pacote 347 removido de 000 na secao 004
0003912 pacote 325 removido de 000 na secao 004
0003913 pacote 315 removido de 000 na secao 004
0003914 pacote 308 removido de 000 na secao 004
0003915 pacote 300 removido de 000 na secao 004
0003916 pacote 299 removido de 000 na secao 004
0003917 pacote 297 removido de 000 na secao 004
0003918 pacote 292 removido de 000 na secao 004
0003919 pacote 288 removido de 000 na secao 004
0003920 pacote 266 removido de 000 na secao 004
0003921 pacote 264 removido de 000 na secao 004
0003922 pacote 257 removido de 000 na secao 004
0003923 pacote 250 removido de 000 na secao 004
0003924 pacote 230 removido de 000 na secao 004
0003925 pacote 228 removido de 000 na secao 004
0003926 pacote 227 removido de 000 na secao 004
0003927 pacote 221 removido de 000 na secao 004
0003928 pacote 207 removido de 000 na secao 004
0003929 pacote 205 removido de 000 na secao 004
0003930 pacote 198 removido de 000 na secao 004
0003931 pacote 196 removido de 000 na secao 004
0003932 pacote 184 removido de 000 na secao 004
0003932 pacote 184 em transito de 000 para 004
0003932 pacote 196 em transito de 000 para 004
0003932 pacote 198 rearmazenado em 000 na secao 004
0003932 pacote 205 rearmazenado em 000 na secao 004
0003932 pacote 207 rearmazenado em 000 na secao 004
0003932 pacote 221 rearmazenado em 000 na secao 004
0003932 pacote 227 rearmazenado em 000 na secao 004
0003932 pacote 228 rearmazenado em 000 na secao 004
0003932 pacote 230 rearmazenado em 000 na secao 004
0003932 pacote 250 rearmazenado em 000 na secao 004
0003932 pacote 257 rearmazenado em 000 na secao 004
0003932 pacote 264 rearmazenado em 000 na secao 004
0003932 pacote 266 rearmazenado em 000 na secao 004
0003932 pacote 288 rearmazenado em 000 na secao 004
0003932 pacote 292 rearmazenado em 000 na secao 004
0003932 pacote 297 rearmazenado em 000 na secao 004
0003932 pacote 299 rearmazenado em 000 na secao 004
0003932 pacote 300 rearmazenado em 000 na secao 004
0003932 pacote 308 rearmazenado em 000 na secao 004
0003932 pacote 315 rearmazenado em 000 na secao 004
0003932 pacote 325 rearmazenado em 000 na secao 004
0003932 pacote 347 rearmazenado em 000 na secao 004
0003932 pacote 352 rearmazenado em 000 na secao 004
0003932 pacote 355 rearmazenado em 000 na secao 004
0003932 pacote 356 rearmazenado em 000 na secao 004
0003932 pacote 357 rearmazenado em 000 na secao 004
0003932 pacote 366 rearmazenado em 000 na secao 004
0003932 pacote 377 rearmazenado em 000 na secao 004
0003932 pacote 384 rearmazenado em 000 na secao 004
0003932 pacote 394 rearmazenado em 000 na secao 004
0003903 pacote 369 removido de 001 na secao 004
0003904 pacote 353 removido de 001 na secao 004
0003905 pacote 350 removido de 001 na secao 004
0003906 pacote 348 removido de 001 na secao 004
0003907 pacote 337 removido de 001 na secao 004
0003908 pacote 330 removido de 001 na secao 004
0003909 pacote 324 removido de 001 na secao 004
0003910 pacote 305 removido de 001 na secao 004
0003911 pacote 302 removido de 001 na secao 004
0003912 pacote 291 removido de 001 na secao 004
0003913 pacote 290 removido de 001 na secao 004
0003914 pacote 289 removido de 001 na secao 004
0003915 pacote 279 removido de 001 na secao 004
0003916 pacote 276 removido de 001 na secao 004
0003917 pacote 274 removido de 001 na secao 004
0003918 pacote 259 removido de 001 na secao 004
0003919 pacote 256 removido de 001 na secao 004
0003920 pacote 255 removido de 001 na secao 004
0003921 pacote 253 removido de 001 na secao 004
0003922 pacote 252 removido de 001 na secao 004
0003923 pacote 242 removido de 001 na secao 004
0003924 pacote 241 removido de 001 na secao 004
0003925 pacote 235 removido de 001 na secao 004
0003926 pacote 223 removido de 001 na secao 004
0003927 pacote 212 removido de 001 na secao 004
0003928 pacote 199 removido de 001 na secao 004
0003929 pacote 195 removido de 001 na secao 004
0003930 pacote 192 removido de 001 na secao 004
0003931 pacote 188 removido de 001 na secao 004
0003932 pacote 182 removido de 001 na secao 004
0003933 pacote 181 removido de 001 na secao 004
0003934 pacote 164 removido de 001 na secao 004
0003935 pacote 393 removido de 001 na secao 004
0003936 pacote 389 removido de 001 na secao 004
0003937 pacote 387 removido de 001 na secao 004
0003938 pacote 386 removido de 001 na secao 004
0003938 pacote 386 em transito de 001 para 004
0003938 pacote 387 em transito de 001 para 004
0003938 pacote 389 rearmazenado em 001 na secao 004
0003938 pacote 393 rearmazenado em 001 na secao 004
0003938 pacote 164 rearmazenado em 001 na secao 004
0003938 pacote 181 rearmazenado em 001 na secao 004
0003938 pacote 182 rearmazenado em 001 na secao 004
0003938 pacote 188 rearmazenado em 001 na secao 004
0003938 pacote 192 rearmazenado em 001 na secao 004
0003938 pacote 195 rearmazenado em 001 na secao 004
0003938 pacote 199 rearmazenado em 001 na secao 004
0003938 pacote 212 rearmazenado em 001 na secao 004
0003938 pacote 223 rearmazenado em 001 na secao 004
0003938 pacote 235 rearmazenado em 001 na secao 004
0003938 pacote 241 rearmazenado em 001 na secao 004
0003938 pacote 242 rearmazenado em 001 na secao 004
0003938 pacote 252 rearmazenado em 001 na secao 004
0003938 pacote 253 rearmazenado em 001 na secao 004
0003938 pacote 255 rearmazenado em 001 na secao 004
0003938 pacote 256 rearmazenado em 001 na secao 004
0003938 pacote 259 rearmazenado em 001 na secao 004
0003938 pacote 274 rearmazenado em 001 na secao 004
0003938 pacote 276 rearmazenado em 001 na secao 004
0003938 pacote 279 rearmazenado em 001 na secao 004
0003938 pacote 289 rearmazenado em 001 na secao 004
0003938 pacote 290 rearmazenado em 001 na secao 004
0003938 pacote 291 rearmazenado em 001 na secao 004
0003938 pacote 302 rearmazenado em 001 na secao 004
0003938 pacote 305 rearmazenado em 001 na secao 004
0003938 pacote 324 rearmazenado em 001 na secao 004
0003938 pacote 330 rearmazenado em 001 na secao 004
0003938 pacote 337 rearmazenado em 001 na secao 004
0003938 pacote 348 rearmazenado em 001 na secao 004
0003938 pacote 350 rearmazenado em 001 na secao 004
0003938 pacote 353 rearmazenado em 001 na secao 004
0003938 pacote 369 rearmazenado em 001 na secao 004
0003903 pacote 392 removido de 003 na secao 001
0003904 pacote 388 removido de 003 na secao 001
0003905 pacote 385 removido de 003 na secao 001
0003906 pacote 382 removido de 003 na secao 001
0003907 pacote 374 removido de 003 na secao 001
0003908 pacote 371 removido de 003 na secao 001
0003908 pacote 371 em transito de 003 para 001
0003908 pacote 374 em transito de 003 para 001
0003908 pacote 382 rearmazenado em 003 na secao 001
0003908 pacote 385 rearmazenado em 003 na secao 001
0003908 pacote 388 rearmazenado em 003 na secao 001
0003908 pacote 392 rearmazenado em 003 na secao 001
0003903 pacote 379 removido de 004 na secao 000
0003904 pacote 364 removido de 004 na secao 000
0003905 pacote 129 removido de 004 na secao 000
0003906 pacote 344 removido de 004 na secao 000
0003907 pacote 340 removido de 004 na secao 000
0003908 pacote 332 removido de 004 na secao 000
0003909 pacote 326 removido de 004 na secao 000
0003910 pacote 317 removido de 004 na secao 000
0003911 pacote 123 removido de 004 na secao 000
0003912 pacote 309 removido de 004 na secao 000
0003913 pacote 294 removido de 004 na secao 000
0003914 pacote 117 removido de 004 na secao 000
0003915 pacote 277 removido de 004 na secao 000
0003916 pacote 273 removido de 004 na secao 000
0003917 pacote 269 removido de 004 na secao 000
0003918 pacote 260 removido de 004 na secao 000
0003919 pacote 243 removido de 004 na secao 000
0003920 pacote 105 removido de 004 na secao 000
0003921 pacote 237 removido de 004 na secao 000
0003922 pacote 098 removido de 004 na secao 000
0003922 pacote 098 em transito de 004 para 000
0003922 pacote 237 em transito de 004 para 000
0003922 pacote 105 rearmazenado em 004 na secao 000
0003922 pacote 243 rearmazenado em 004 na secao 000
0003922 pacote 260 rearmazenado em 004 na secao 000
0003922 pacote 269 rearmazenado em 004 na secao 000
0003922 pacote 273 rearmazenado em 004 na secao 000
0003922 pacote 277 rearmazenado em 004 na secao 000
0003922 pacote 117 rearmazenado em 004 na secao 000
0003922 pacote 294 rearmazenado em 004 na secao 000
0003922 pacote 309 rearmazenado em 004 na secao 000
0003922 pacote 123 rearmazenado em 004 na secao 000
0003922 pacote 317 rearmazenado em 004 na secao 000
0003922 pacote 326 rearmazenado em 004 na secao 000
0003922 pacote 332 rearmazenado em 004 na secao 000
0003922 pacote 340 rearmazenado em 004 na secao 000
0003922 pacote 344 rearmazenado em 004 na secao 000
0003922 pacote 129 rearmazenado em 004 na secao 000
0003922 pacote 364 rearmazenado em 004 na secao 000
0003922 pacote 379 rearmazenado em 004 na secao 000
0003903 pacote 177 removido de 004 na secao 001
0003904 pacote 174 removido de 004 na secao 001
0003905 pacote 172 removido de 004 na secao 001
0003906 pacote 390 removido de 004 na secao 001
0003907 pacote 381 removido de 004 na secao 001
0003908 pacote 380 removido de 004 na secao 001
0003909 pacote 365 removido de 004 na secao 001
0003910 pacote 148 removido de 004 na secao 001
0003911 pacote 351 removido de 004 na secao 001
0003912 pacote 349 removido de 004 na secao 001
0003913 pacote 143 removido de 004 na secao 001
0003914 pacote 142 removido de 004 na secao 001
0003915 pacote 331 removido de 004 na secao 001
0003916 pacote 313 removido de 004 na secao 001
0003917 pacote 136 removido de 004 na secao 001
0003918 pacote 120 removido de 004 na secao 001
0003919 pacote 275 removido de 004 na secao 001
0003920 pacote 116 removido de 004 na secao 001
0003921 pacote 263 removido de 004 na secao 001
0003922 pacote 113 removido de 004 na secao 001
0003923 pacote 239 removido de 004 na secao 001
0003924 pacote 111 removido de 004 na secao 001
0003925 pacote 233 removido de 004 na secao 001
0003926 pacote 099 removido de 004 na secao 001
0003927 pacote 220 removido de 004 na secao 001
0003928 pacote 217 removido de 004 na secao 001
0003928 pacote 217 em transito de 004 para 001
0003928 pacote 220 em transito de 004 para 001
0003928 pacote 099 rearmazenado em 004 na secao 001
0003928 pacote 233 rearmazenado em 004 na secao 001
0003928 pacote 111 rearmazenado em 004 na secao 001
0003928 pacote 239 rearmazenado em 004 na secao 001
0003928 pacote 113 rearmazenado em 004 na secao 001
0003928 pacote 263 rearmazenado em 004 na secao 001
0003928 pacote 116 rearmazenado em 004 na secao 001
0003928 pacote 275 rearmazenado em 004 na secao 001
0003928 pacote 120 rearmazenado em 004 na secao 001
0003928 pacote 136 rearmazenado em 004 na secao 001
0003928 pacote 313 rearmazenado em 004 na secao 001
0003928 pacote 331 rearmazenado em 004 na secao 001
0003928 pacote 142 rearmazenado em 004 na secao 001
0003928 pacote 143 rearmazenado em 004 na secao 001
0003928 pacote 349 rearmazenado em 004 na secao 001
0003928 pacote 351 rearmazenado em 004 na secao 001
0003928 pacote 148 rearmazenado em 004 na secao 001
0003928 pacote 365 rearmazenado em 004 na secao 001
0003928 pacote 380 rearmazenado em 004 na secao 001
0003928 pacote 381 rearmazenado em 004 na secao 001
0003928 pacote 390 rearmazenado em 004 na secao 001
0003928 pacote 172 rearmazenado em 004 na secao 001
0003928 pacote 174 rearmazenado em 004 na secao 001
0003928 pacote 177 rearmazenado em 004 na secao 001
0003923 pacote 218 entregue em 002
0003928 pacote 371 armazenado em 001 na secao 004
0003928 pacote 374 entregue em 001
0003942 pacote 098 armazenado em 000 na secao 002
0003942 pacote 237 entregue em 000
0003948 pacote 217 armazenado em 001 na secao 003
0003948 pacote 220 entregue em 001
0003952 pacote 184 entregue em 004
0003952 pacote 196 armazenado em 004 na secao 001
0003958 pacote 386 entregue em 004
0003958 pacote 387 entregue em 004
0004003 pacote 098 removido de 000 na secao 002
0004003 pacote 098 em transito de 000 para 002
0004003 pacote 394 removido de 000 na secao 004
0004004 pacote 384 removido de 000 na secao 004
0004005 pacote 377 removido de 000 na secao 004
0004006 pacote 366 removido de 000 na secao 004
0004007 pacote 357 removido de 000 na secao 004
0004008 pacote 356 removido de 000 na secao 004
0004009 pacote 355 removido de 000 na secao 004
0004010 pacote 352 removido de 000 na secao 004
0004011 pacote 347 removido de 000 na secao 004
0004012 pacote 325 removido de 000 na secao 004
0004013 pacote 315 removido de 000 na secao 004
0004014 pacote 308 removido de 000 na secao 004
0004015 pacote 300 removido de 000 na secao 004
0004016 pacote 299 removido de 000 na secao 004
0004017 pacote 297 removido de 000 na secao 004
0004018 pacote 292 removido de 000 na secao 004
0004019 pacote 288 removido de 000 na secao 004
0004020 pacote 266 removido de 000 na secao 004
0004021 pacote 264 removido de 000 na secao 004
0004022 pacote 257 removido de 000 na secao 004
0004023 pacote 250 removido de 000 na secao 004
0004024 pacote 230 removido de 000 na secao 004
0004025 pacote 228 removido de 000 na secao 004
0004026 pacote 227 removido de 000 na secao 004
0004027 pacote 221 removido de 000 na secao 004
0004028 pacote 207 removido de 000 na secao 004
0004029 pacote 205 removido de 000 na secao 004
0004030 pacote 198 removido de 000 na secao 004
0004030 pacote 198 em transito de 000 para 004
0004030 pacote 205 em transito de 000 para 004
0004030 pacote 207 rearmazenado em 000 na secao 004
0004030 pacote 221 rearmazenado em 000 na secao 004
0004030 pacote 227 rearmazenado em 000 na secao 004
0004030 pacote 228 rearmazenado em 000 na secao 004
0004030 pacote 230 rearmazenado em 000 na secao 004
0004030 pacote 250 rearmazenado em 000 na secao 004
0004030 pacote 257 rearmazenado em 000 na secao 004
0004030 pacote 264 rearmazenado em 000 na secao 004
0004030 pacote 266 rearmazenado em 000 na secao 004
0004030 pacote 288 rearmazenado em 000 na secao 004
0004030 pacote 292 rearmazenado em 000 na secao 004
0004030 pacote 297 rearmazenado em 000 na secao 004
0004030 pacote 299 rearmazenado em 000 na secao 004
0004030 pacote 300 rearmazenado em 000 na secao 004
0004030 pacote 308 rearmazenado em 000 na secao 004
0004030 pacote 315 rearmazenado em 000 na secao 004
0004030 pacote 325 rearmazenado em 000 na secao 004
0004030 pacote 347 rearmazenado em 000 na secao 004
0004030 pacote 352 rearmazenado em 000 na secao 004
0004030 pacote 355 rearmazenado em 000 na secao 004
0004030 pacote 356 rearmazenado em 000 na secao 004
0004030 pacote 357 rearmazenado em 000 na secao 004
0004030 pacote 366 rearmazenado em 000 na secao 004
0004030 pacote 377 rearmazenado em 000 na secao 004
0004030 pacote 384 rearmazenado em 000 na secao 004
0004030 pacote 394 rearmazenado em 000 na secao 004
0004003 pacote 217 removido de 001 na secao 003
0004003 pacote 217 em transito de 001 para 003
0004003 pacote 371 removido de 001 na secao 004
0004004 pacote 369 removido de 001 na secao 004
0004005 pacote 353 removido de 001 na secao 004
0004006 pacote 350 removido de 001 na secao 004
0004007 pacote 348 removido de 001 na secao 004
0004008 pacote 337 removido de 001 na secao 004
0004009 pacote 330 removido de 001 na secao 004
0004010 pacote 324 removido de 001 na secao 004
0004011 pacote 305 removido de 001 na secao 004
0004012 pacote 302 removido de 001 na secao 004
0004013 pacote 291 removido de 001 na secao 004
0004014 pacote 290 removido de 001 na secao 004
0004015 pacote 289 removido de 001 na secao 004
0004016 pacote 279 removido de 001 na secao 004
0004017 pacote 276 removido de 001 na secao 004
0004018 pacote 274 removido de 001 na secao 004
0004019 pacote 259 removido de 001 na secao 004
0004020 pacote 256 removido de 001 na secao 004
0004021 pacote 255 removido de 001 na secao 004
0004022 pacote 253 removido de 001 na secao 004
0004023 pacote 252 removido de 001 na secao 004
0004024 pacote 242 removido de 001 na secao 004
0004025 pacote 241 removido de 001 na secao 004
0004026 pacote 235 removido de 001 na secao 004
0004027 pacote 223 removido de 001 na secao 004
0004028 pacote 212 removido de 001 na secao 004
0004029 pacote 199 removido de 001 na secao 004
0004030 pacote 195 removido de 001 na secao 004
0004031 pacote 192 removido de 001 na secao 004
0004032 pacote 188 removido de 001 na secao 004
0004033 pacote 182 removido de 001 na secao 004
0004034 pacote 181 removido de 001 na secao 004
0004035 pacote 164 removido de 001 na secao 004
0004036 pacote 393 removido de 001 na secao 004
0004037 pacote 389 removido de 001 na secao 004
0004037 pacote 389 em transito de 001 para 004
0004037 pacote 393 em transito de 001 para 004
0004037 pacote 164 rearmazenado em 001 na secao 004
0004037 pacote 181 rearmazenado em 001 na secao 004
0004037 pacote 182 rearmazenado em 001 na secao 004
0004037 pacote 188 rearmazenado em 001 na secao 004
0004037 pacote 192 rearmazenado em 001 na secao 004
0004037 pacote 195 rearmazenado em 001 na secao 004
0004037 pacote 199 rearmazenado em 001 na secao 004
0004037 pacote 212 rearmazenado em 001 na secao 004
0004037 pacote 223 rearmazenado em 001 na secao 004
0004037 pacote 235 rearmazenado em 001 na secao 004
0004037 pacote 241 rearmazenado em 001 na secao 004
0004037 pacote 242 rearmazenado em 001 na secao 004
0004037 pacote 252 rearmazenado em 001 na secao 004
0004037 pacote 253 rearmazenado em 001 na secao 004
0004037 pacote 255 rearmazenado em 001 na secao 004
0004037 pacote 256 rearmazenado em 001 na secao 004
0004037 pacote 259 rearmazenado em 001 na secao 004
0004037 pacote 274 rearmazenado em 001 na secao 004
0004037 pacote 276 rearmazenado em 001 na secao 004
0004037 pacote 279 rearmazenado em 001 na secao 004
0004037 pacote 289 rearmazenado em 001 na secao 004
0004037 pacote 290 rearmazenado em 001 na secao 004
0004037 pacote 291 rearmazenado em 001 na secao 004
0004037 pacote 302 rearmazenado em 001 na secao 004
0004037 pacote 305 rearmazenado em 001 na secao 004
0004037 pacote 324 rearmazenado em 001 na secao 004
0004037 pacote 330 rearmazenado em 001 na secao 004
0004037 pacote 337 rearmazenado em 001 na secao 004
0004037 pacote 348 rearmazenado em 001 na secao 004
0004037 pacote 350 rearmazenado em 001 na secao 004
0004037 pacote 353 rearmazenado em 001 na secao 004
0004037 pacote 369 rearmazenado em 001 na secao 004
0004037 pacote 371 rearmazenado em 001 na secao 004
0004003 pacote 392 removido de 003 na secao 001
0004004 pacote 388 removido de 003 na secao 001
0004005 pacote 385 removido de 003 na secao 001
0004006 pacote 382 removido de 003 na secao 001
0004006 pacote 382 em transito de 003 para 001
0004006 pacote 385 em transito de 003 para 001
0004006 pacote 388 rearmazenado em 003 na secao 001
0004006 pacote 392 rearmazenado em 003 na secao 001
0004003 pacote 379 removido de 004 na secao 000
0004004 pacote 364 removido de 004 na secao 000
0004005 pacote 129 removido de 004 na secao 000
0004006 pacote 344 removido de 004 na secao 000
0004007 pacote 340 removido de 004 na secao 000
0004008 pacote 332 removido de 004 na secao 000
0004009 pacote 326 removido de 004 na secao 000
0004010 pacote 317 removido de 004 na secao 000
0004011 pacote 123 removido de 004 na secao 000
0004012 pacote 309 removido de 004 na secao 000
0004013 pacote 294 removido de 004 na secao 000
0004014 pacote 117 removido de 004 na secao 000
0004015 pacote 277 removido de 004 na secao 000
0004016 pacote 273 removido de 004 na secao 000
0004017 pacote 269 removido de 004 na secao 000
0004018 pacote 260 removido de 004 na secao 000
0004019 pacote 243 removido de 004 na secao 000
0004020 pacote 105 removido de 004 na secao 000
0004020 pacote 105 em transito de 004 para 000
0004020 pacote 243 em transito de 004 para 000
0004020 pacote 260 rearmazenado em 004 na secao 000
0004020 pacote 269 rearmazenado em 004 na secao 000
0004020 pacote 273 rearmazenado em 004 na secao 000
0004020 pacote 277 rearmazenado em 004 na secao 000
0004020 pacote 117 rearmazenado em 004 na secao 000
0004020 pacote 294 rearmazenado em 004 na secao 000
0004020 pacote 309 rearmazenado em 004 na secao 000
0004020 pacote 123 rearmazenado em 004 na secao 000
0004020 pacote 317 rearmazenado em 004 na secao 000
0004020 pacote 326 rearmazenado em 004 na secao 000
0004020 pacote 332 rearmazenado em 004 na secao 000
0004020 pacote 340 rearmazenado em 004 na secao 000
0004020 pacote 344 rearmazenado em 004 na secao 000
0004020 pacote 129 rearmazenado em 004 na secao 000
0004020 pacote 364 rearmazenado em 004 na secao 000
0004020 pacote 379 rearmazenado em 004 na secao 000
0004003 pacote 196 removido de 004 na secao 001
0004004 pacote 177 removido de 004 na secao 001
0004005 pacote 174 removido de 004 na secao 001
0004006 pacote 172 removido de 004 na secao 001
0004007 pacote 390 removido de 004 na secao 001
0004008 pacote 381 removido de 004 na secao 001
0004009 pacote 380 removido de 004 na secao 001
0004010 pacote 365 removido de 004 na secao 001
0004011 pacote 148 removido de 004 na secao 001
0004012 pacote 351 removido de 004 na secao 001
0004013 pacote 349 removido de 004 na secao 001
0004014 pacote 143 removido de 004 na secao 001
0004015 pacote 142 removido de 004 na secao 001
0004016 pacote 331 removido de 004 na secao 001
0004017 pacote 313 removido de 004 na secao 001
0004018 pacote 136 removido de 004 na secao 001
0004019 pacote 120 removido de 004 na secao 001
0004020 pacote 275 removido de 004 na secao 001
0004021 pacote 116 removido de 004 na secao 001
0004022 pacote 263 removido de 004 na secao 001
0004023 pacote 113 removido de 004 na secao 001
0004024 pacote 239 removido de 004 na secao 001
0004025 pacote 111 removido de 004 na secao 001
0004026 pacote 233 removido de 004 na secao 001
0004027 pacote 099 removido de 004 na secao 001
0004027 pacote 099 em transito de 004 para 001
0004027 pacote 233 em transito de 004 para 001
0004027 pacote 111 rearmazenado em 004 na secao 001
0004027 pacote 239 rearmazenado em 004 na secao 001
0004027 pacote 113 rearmazenado em 004 na secao 001
0004027 pacote 263 rearmazenado em 004 na secao 001
0004027 pacote 116 rearmazenado em 004 na secao 001
0004027 pacote 275 rearmazenado em 004 na secao 001
0004027 pacote 120 rearmazenado em 004 na secao 001
0004027 pacote 136 rearmazenado em 004 na secao 001
0004027 pacote 313 rearmazenado em 004 na secao 001
0004027 pacote 331 rearmazenado em 004 na secao 001
0004027 pacote 142 rearmazenado em 004 na secao 001
0004027 pacote 143 rearmazenado em 004 na secao 001
0004027 pacote 349 rearmazenado em 004 na secao 001
0004027 pacote 351 rearmazenado em 004 na secao 001
0004027 pacote 148 rearmazenado em 004 na secao 001
0004027 pacote 365 rearmazenado em 004 na secao 001
0004027 pacote 380 rearmazenado em 004 na secao 001
0004027 pacote 381 rearmazenado em 004 na secao 001
0004027 pacote 390 rearmazenado em 004 na secao 001
0004027 pacote 172 rearmazenado em 004 na secao 001
0004027 pacote 174 rearmazenado em 004 na secao 001
0004027 pacote 177 rearmazenado em 004 na secao 001
0004027 pacote 196 rearmazenado em 004 na secao 001
0004023 pacote 098 entregue em 002
0004023 pacote 217 entregue em 003
0004026 pacote 382 armazenado em 001 na secao 004
0004026 pacote 385 entregue em 001
0004040 pacote 105 armazenado em 000 na secao 002
0004040 pacote 243 entregue em 000
0004047 pacote 099 entregue em 001
0004047 pacote 233 armazenado em 001 na secao 003
0004050 pacote 198 entregue em 004
0004050 pacote 205 armazenado em 004 na secao 001
0004057 pacote 389 entregue em 004
0004057 pacote 393 armazenado em 004 na secao 000
0004103 pacote 105 removido de 000 na secao 002
0004103 pacote 105 em transito de 000 para 002
0004103 pacote 394 removido de 000 na secao 004
0004104 pacote 384 removido de 000 na secao 004
0004105 pacote 377 removido de 000 na secao 004
0004106 pacote 366 removido de 000 na secao 004
0004107 pacote 357 removido de 000 na secao 004
0004108 pacote 356 removido de 000 na secao 004
0004109 pacote 355 removido de 000 na secao 004
0004110 pacote 352 removido de 000 na secao 004
0004111 pacote 347 removido de 000 na secao 004
0004112 pacote 325 removido de 000 na secao 004
0004113 pacote 315 removido de 000 na secao 004
0004114 pacote 308 removido de 000 na secao 004
0004115 pacote 300 removido de 000 na secao 004
0004116 pacote 299 removido de 000 na secao 004
0004117 pacote 297 removido de 000 na secao 004
0004118 pacote 292 removido de 000 na secao 004
0004119 pacote 288 removido de 000 na secao 004
0004120 pacote 266 removido de 000 na secao 004
0004121 pacote 264 removido de 000 na secao 004
0004122 pacote 257 removido de 000 na secao 004
0004123 pacote 250 removido de 000 na secao 004
0004124 pacote 230 removido de 000 na secao 004
0004125 pacote 228 removido de 000 na secao 004
0004126 pacote 227 removido de 000 na secao 004
0004127 pacote 221 removido de 000 na secao 004
0004128 pacote 207 removido de 000 na secao 004
0004128 pacote 207 em transito de 000 para 004
0004128 pacote 221 em transito de 000 para 004
0004128 pacote 227 rearmazenado em 000 na secao 004
0004128 pacote 228 rearmazenado em 000 na secao 004
0004128 pacote 230 rearmazenado em 000 na secao 004
0004128 pacote 250 rearmazenado em 000 na secao 004
0004128 pacote 257 rearmazenado em 000 na secao 004
0004128 pacote 264 rearmazenado em 000 na secao 004
0004128 pacote 266 rearmazenado em 000 na secao 004
0004128 pacote 288 rearmazenado em 000 na secao 004
0004128 pacote 292 rearmazenado em 000 na secao 004
0004128 pacote 297 rearmazenado em 000 na secao 004
0004128 pacote 299 rearmazenado em 000 na secao 004
0004128 pacote 300 rearmazenado em 000 na secao 004
0004128 pacote 308 rearmazenado em 000 na secao 004
0004128 pacote 315 rearmazenado em 000 na secao 004
0004128 pacote 325 rearmazenado em 000 na secao 004
0004128 pacote 347 rearmazenado em 000 na secao 004
0004128 pacote 352 rearmazenado em 000 na secao 004
0004128 pacote 355 rearmazenado em 000 na secao 004
0004128 pacote 356 rearmazenado em 000 na secao 004
0004128 pacote 357 rearmazenado em 000 na secao 004
0004128 pacote 366 rearmazenado em 000 na secao 004
0004128 pacote 377 rearmazenado em 000 na secao 004
0004128 pacote 384 rearmazenado em 000 na secao 004
0004128 pacote 394 rearmazenado em 000 na secao 004
0004103 pacote 233 removido de 001 na secao 003
0004103 pacote 233 em transito de 001 para 003
0004103 pacote 382 removido de 001 na secao 004
0004104 pacote 371 removido de 001 na secao 004
0004105 pacote 369 removido de 001 na secao 004
0004106 pacote 353 removido de 001 na secao 004
0004107 pacote 350 removido de 001 na secao 004
0004108 pacote 348 removido de 001 na secao 004
0004109 pacote 337 removido de 001 na secao 004
0004110 pacote 330 removido de 001 na secao 004
0004111 pacote 324 removido de 001 na secao 004
0004112 pacote 305 removido de 001 na secao 004
0004113 pacote 302 removido de 001 na secao 004
0004114 pacote 291 removido de 001 na secao 004
0004115 pacote 290 removido de 001 na secao 004
0004116 pacote 289 removido de 001 na secao 004
0004117 pacote 279 removido de 001 na secao 004
0004118 pacote 276 removido de 001 na secao 004
0004119 pacote 274 removido de 001 na secao 004
0004120 pacote 259 removido de 001 na secao 004
0004121 pacote 256 removido de 001 na secao 004
0004122 pacote 255 removido de 001 na secao 004
0004123 pacote 253 removido de 001 na secao 004
0004124 pacote 252 removido de 001 na secao 004
0004125 pacote 242 removido de 001 na secao 004
0004126 pacote 241 removido de 001 na secao 004
0004127 pacote 235 removido de 001 na secao 004
0004128 pacote 223 removido de 001 na secao 004
0004129 pacote 212 removido de 001 na secao 004
0004130 pacote 199 removido de 001 na secao 004
0004131 pacote 195 removido de 001 na secao 004
0004132 pacote 192 removido de 001 na secao 004
0004133 pacote 188 removido de 001 na secao 004
0004134 pacote 182 removido de 001 na secao 004
0004135 pacote 181 removido de 001 na secao 004
0004136 pacote 164 removido de 001 na secao 004
0004136 pacote 164 em transito de 001 para 004
0004136 pacote 181 em transito de 001 para 004
0004136 pacote 182 rearmazenado em 001 na secao 004
0004136 pacote 188 rearmazenado em 001 na secao 004
0004136 pacote 192 rearmazenado em 001 na secao 004
0004136 pacote 195 rearmazenado em 001 na secao 004
0004136 pacote 199 rearmazenado em 001 na secao 004
0004136 pacote 212 rearmazenado em 001 na secao 004
0004136 pacote 223 rearmazenado em 001 na secao 004
0004136 pacote 235 rearmazenado em 001 na secao 004
0004136 pacote 241 rearmazenado em 001 na secao 004
0004136 pacote 242 rearmazenado em 001 na secao 004
0004136 pacote 252 rearmazenado em 001 na secao 004
0004136 pacote 253 rearmazenado em 001 na secao 004
0004136 pacote 255 rearmazenado em 001 na secao 004
0004136 pacote 256 rearmazenado em 001 na secao 004
0004136 pacote 259 rearmazenado em 001 na secao 004
0004136 pacote 274 rearmazenado em 001 na secao 004
0004136 pacote 276 rearmazenado em 001 na secao 004
0004136 pacote 279 rearmazenado em 001 na secao 004
0004136 pacote 289 rearmazenado em 001 na secao 004
0004136 pacote 290 rearmazenado em 001 na secao 004
0004136 pacote 291 rearmazenado em 001 na secao 004
0004136 pacote 302 rearmazenado em 001 na secao 004
0004136 pacote 305 rearmazenado em 001 na secao 004
0004136 pacote 324 rearmazenado em 001 na secao 004
0004136 pacote 330 rearmazenado em 001 na secao 004
0004136 pacote 337 rearmazenado em 001 na secao 004
0004136 pacote 348 rearmazenado em 001 na secao 004
0004136 pacote 350 rearmazenado em 001 na secao 004
0004136 pacote 353 rearmazenado em 001 na secao 004
0004136 pacote 369 rearmazenado em 001 na secao 004
0004136 pacote 371 rearmazenado em 001 na secao 004
0004136 pacote 382 rearmazenado em 001 na secao 004
0004103 pacote 392 removido de 003 na secao 001
0004104 pacote 388 removido de 003 na secao 001
0004104 pacote 388 em transito de 003 para 001
0004104 pacote 392 em transito de 003 para 001
0004103 pacote 393 removido de 004 na secao 000
0004104 pacote 379 removido de 004 na secao 000
0004105 pacote 364 removido de 004 na secao 000
0004106 pacote 129 removido de 004 na secao 000
0004107 pacote 344 removido de 004 na secao 000
0004108 pacote 340 removido de 004 na secao 000
0004109 pacote 332 removido de 004 na secao 000
0004110 pacote 326 removido de 004 na secao 000
0004111 pacote 317 removido de 004 na secao 000
0004112 pacote 123 removido de 004 na secao 000
0004113 pacote 309 removido de 004 na secao 000
0004114 pacote 294 removido de 004 na secao 000
0004115 pacote 117 removido de 004 na secao 000
0004116 pacote 277 removido de 004 na secao 000
0004117 pacote 273 removido de 004 na secao 000
0004118 pacote 269 removido de 004 na secao 000
0004119 pacote 260 removido de 004 na secao 000
0004119 pacote 260 em transito de 004 para 000
0004119 pacote 269 em transito de 004 para 000
0004119 pacote 273 rearmazenado em 004 na secao 000
0004119 pacote 277 rearmazenado em 004 na secao 000
0004119 pacote 117 rearmazenado em 004 na secao 000
0004119 pacote 294 rearmazenado em 004 na secao 000
0004119 pacote 309 rearmazenado em 004 na secao 000
0004119 pacote 123 rearmazenado em 004 na secao 000
0004119 pacote 317 rearmazenado em 004 na secao 000
0004119 pacote 326 rearmazenado em 004 na secao 000
0004119 pacote 332 rearmazenado em 004 na secao 000
0004119 pacote 340 rearmazenado em 004 na secao 000
0004119 pacote 344 rearmazenado em 004 na secao 000
0004119 pacote 129 rearmazenado em 004 na secao 000
0004119 pacote 364 rearmazenado em 004 na secao 000
0004119 pacote 379 rearmazenado em 004 na secao 000
0004119 pacote 393 rearmazenado em 004 na secao 000
0004103 pacote 205 removido de 004 na secao 001
0004104 pacote 196 removido de 004 na secao 001
0004105 pacote 177 removido de 004 na secao 001
0004106 pacote 174 removido de 004 na secao 001
0004107 pacote 172 removido de 004 na secao 001
0004108 pacote 390 removido de 004 na secao 001
0004109 pacote 381 removido de 004 na secao 001
0004110 pacote 380 removido de 004 na secao 001
0004111 pacote 365 removido de 004 na secao 001
0004112 pacote 148 removido de 004 na secao 001
0004113 pacote 351 removido de 004 na secao 001
0004114 pacote 349 removido de 004 na secao 001
0004115 pacote 143 removido de 004 na secao 001
0004116 pacote 142 removido de 004 na secao 001
0004117 pacote 331 removido de 004 na secao 001
0004118 pacote 313 removido de 004 na secao 001
0004119 pacote 136 removido de 004 na secao 001
0004120 pacote 120 removido de 004 na secao 001
0004121 pacote 275 removido de 004 na secao 001
0004122 pacote 116 removido de 004 na secao 001
0004123 pacote 263 removido de 004 na secao 001
0004124 pacote 113 removido de 004 na secao 001
0004125 pacote 239 removido de 004 na secao 001
0004126 pacote 111 removido de 004 na secao 001
0004126 pacote 111 em transito de 004 para 001
0004126 pacote 239 em transito de 004 para 001
0004126 pacote 113 rearmazenado em 004 na secao 001
0004126 pacote 263 rearmazenado em 004 na secao 001
0004126 pacote 116 rearmazenado em 004 na secao 001
0004126 pacote 275 rearmazenado em 004 na secao 001
0004126 pacote 120 rearmazenado em 004 na secao 001
0004126 pacote 136 rearmazenado em 004 na secao 001
0004126 pacote 313 rearmazenado em 004 na secao 001
0004126 pacote 331 rearmazenado em 004 na secao 001
0004126 pacote 142 rearmazenado em 004 na secao 001
0004126 pacote 143 rearmazenado em 004 na secao 001
0004126 pacote 349 rearmazenado em 004 na secao 001
0004126 pacote 351 rearmazenado em 004 na secao 001
0004126 pacote 148 rearmazenado em 004 na secao 001
0004126 pacote 365 rearmazenado em 004 na secao 001
0004126 pacote 380 rearmazenado em 004 na secao 001
0004126 pacote 381 rearmazenado em 004 na secao 001
0004126 pacote 390 rearmazenado em 004 na secao 001
0004126 pacote 172 rearmazenado em 004 na secao 001
0004126 pacote 174 rearmazenado em 004 na secao 001
0004126 pacote 177 rearmazenado em 004 na secao 001
0004126 pacote 196 rearmazenado em 004 na secao 001
0004126 pacote 205 rearmazenado em 004 na secao 001
0004123 pacote 105 entregue em 002
0004123 pacote 233 entregue em 003
0004124 pacote 388 entregue em 001
0004124 pacote 392 armazenado em 001 na secao 004
0004139 pacote 260 entregue em 000
0004139 pacote 269 armazenado em 000 na secao 002
0004146 pacote 111 entregue em 001
0004146 pacote 239 entregue em 001
0004148 pacote 207 armazenado em 004 na secao 001
0004148 pacote 221 armazenado em 004 na secao 001
0004156 pacote 164 entregue em 004
0004156 pacote 181 armazenado em 004 na secao 000
0004203 pacote 269 removido de 000 na secao 002
0004203 pacote 269 em transito de 000 para 002
0004203 pacote 394 removido de 000 na secao 004
0004204 pacote 384 removido de 000 na secao 004
0004205 pacote 377 removido de 000 na secao 004
0004206 pacote 366 removido de 000 na secao 004
0004207 pacote 357 removido de 000 na secao 004
0004208 pacote 356 removido de 000 na secao 004
0004209 pacote 355 removido de 000 na secao 004
0004210 pacote 352 removido de 000 na secao 004
0004211 pacote 347 removido de 000 na secao 004
0004212 pacote 325 removido de 000 na secao 004
0004213 pacote 315 removido de 000 na secao 004
0004214 pacote 308 removido de 000 na secao 004
0004215 pacote 300 removido de 000 na secao 004
0004216 pacote 299 removido de 000 na secao 004
0004217 pacote 297 removido de 000 na secao 004
0004218 pacote 292 removido de 000 na secao 004
0004219 pacote 288 removido de 000 na secao 004
0004220 pacote 266 removido de 000 na secao 004
0004221 pacote 264 removido de 000 na secao 004
0004222 pacote 257 removido de 000 na secao 004
0004223 pacote 250 removido de 000 na secao 004
0004224 pacote 230 removido de 000 na secao 004
0004225 pacote 228 removido de 000 na secao 004
0004226 pacote 227 removido de 000 na secao 004
0004226 pacote 227 em transito de 000 para 004
0004226 pacote 228 em transito de 000 para 004
0004226 pacote 230 rearmazenado em 000 na secao 004
0004226 pacote 250 rearmazenado em 000 na secao 004
0004226 pacote 257 rearmazenado em 000 na secao 004
0004226 pacote 264 rearmazenado em 000 na secao 004
0004226 pacote 266 rearmazenado em 000 na secao 004
0004226 pacote 288 rearmazenado em 000 na secao 004
0004226 pacote 292 rearmazenado em 000 na secao 004
0004226 pacote 297 rearmazenado em 000 na secao 004
0004226 pacote 299 rearmazenado em 000 na secao 004
0004226 pacote 300 rearmazenado em 000 na secao 004
0004226 pacote 308 rearmazenado em 000 na secao 004
0004226 pacote 315 rearmazenado em 000 na secao 004
0004226 pacote 325 rearmazenado em 000 na secao 004
0004226 pacote 347 rearmazenado em 000 na secao 004
0004226 pacote 352 rearmazenado em 000 na secao 004
0004226 pacote 355 rearmazenado em 000 na secao 004
0004226 pacote 356 rearmazenado em 000 na secao 004
0004226 pacote 357 rearmazenado em 000 na secao 004
0004226 pacote 366 rearmazenado em 000 na secao 004
0004226 pacote 377 rearmazenado em 000 na secao 004
0004226 pacote 384 rearmazenado em 000 na secao 004
0004226 pacote 394 rearmazenado em 000 na secao 004
0004203 pacote 392 removido de 001 na secao 004
0004204 pacote 382 removido de 001 na secao 004
0004205 pacote 371 removido de 001 na secao 004
0004206 pacote 369 removido de 001 na secao 004
0004207 pacote 353 removido de 001 na secao 004
0004208 pacote 350 removido de 001 na secao 004
0004209 pacote 348 removido de 001 na secao 004
0004210 pacote 337 removido de 001 na secao 004
0004211 pacote 330 removido de 001 na secao 004
0004212 pacote 324 removido de 001 na secao 004
0004213 pacote 305 removido de 001 na secao 004
0004214 pacote 302 removido de 001 na secao 004
0004215 pacote 291 removido de 001 na secao 004
0004216 pacote 290 removido de 001 na secao 004
0004217 pacote 289 removido de 001 na secao 004
0004218 pacote 279 removido de 001 na secao 004
0004219 pacote 276 removido de 001 na secao 004
0004220 pacote 274 removido de 001 na secao 004
0004221 pacote 259 removido de 001 na secao 004
0004222 pacote 256 removido de 001 na secao 004
0004223 pacote 255 removido de 001 na secao 004
0004224 pacote 253 removido de 001 na secao 004
0004225 pacote 252 removido de 001 na secao 004
0004226 pacote 242 removido de 001 na secao 004
0004227 pacote 241 removido de 001 na secao 004
0004228 pacote 235 removido de 001 na secao 004
0004229 pacote 223 removido de 001 na secao 004
0004230 pacote 212 removido de 001 na secao 004
0004231 pacote 199 removido de 001 na secao 004
0004232 pacote 195 removido de 001 na secao 004
0004233 pacote 192 removido de 001 na secao 004
0004234 pacote 188 removido de 001 na secao 004
0004235 pacote 182 removido de 001 na secao 004
0004235 pacote 182 em transito de 001 para 004
0004235 pacote 188 em transito de 001 para 004
0004235 pacote 192 rearmazenado em 001 na secao 004
0004235 pacote 195 rearmazenado em 001 na secao 004
0004235 pacote 199 rearmazenado em 001 na secao 004
0004235 pacote 212 rearmazenado em 001 na secao 004
0004235 pacote 223 rearmazenado em 001 na secao 004
0004235 pacote 235 rearmazenado em 001 na secao 004
0004235 pacote 241 rearmazenado em 001 na secao 004
0004235 pacote 242 rearmazenado em 001 na secao 004
0004235 pacote 252 rearmazenado em 001 na secao 004
0004235 pacote 253 rearmazenado em 001 na secao 004
0004235 pacote 255 rearmazenado em 001 na secao 004
0004235 pacote 256 rearmazenado em 001 na secao 004
0004235 pacote 259 rearmazenado em 001 na secao 004
0004235 pacote 274 rearmazenado em 001 na secao 004
0004235 pacote 276 rearmazenado em 001 na secao 004
0004235 pacote 279 rearmazenado em 001 na secao 004
0004235 pacote 289 rearmazenado em 001 na secao 004
0004235 pacote 290 rearmazenado em 001 na secao 004
0004235 pacote 291 rearmazenado em 001 na secao 004
0004235 pacote 302 rearmazenado em 001 na secao 004
0004235 pacote 305 rearmazenado em 001 na secao 004
0004235 pacote 324 rearmazenado em 001 na secao 004
0004235 pacote 330 rearmazenado em 001 na secao 004
0004235 pacote 337 rearmazenado em 001 na secao 004
0004235 pacote 348 rearmazenado em 001 na secao 004
0004235 pacote 350 rearmazenado em 001 na secao 004
0004235 pacote 353 rearmazenado em 001 na secao 004
0004235 pacote 369 rearmazenado em 001 na secao 004
0004235 pacote 371 rearmazenado em 001 na secao 004
0004235 pacote 382 rearmazenado em 001 na secao 004
0004235 pacote 392 rearmazenado em 001 na secao 004
0004203 pacote 181 removido de 004 na secao 000
0004204 pacote 393 removido de 004 na secao 000
0004205 pacote 379 removido de 004 na secao 000
0004206 pacote 364 removido de 004 na secao 000
0004207 pacote 129 removido de 004 na secao 000
0004208 pacote 344 removido de 004 na secao 000
0004209 pacote 340 removido de 004 na secao 000
0004210 pacote 332 removido de 004 na secao 000
0004211 pacote 326 removido de 004 na secao 000
0004212 pacote 317 removido de 004 na secao 000
0004213 pacote 123 removido de 004 na secao 000
0004214 pacote 309 removido de 004 na secao 000
0004215 pacote 294 removido de 004 na secao 000
0004216 pacote 117 removido de 004 na secao 000
0004217 pacote 277 removido de 004 na secao 000
0004218 pacote 273 removido de 004 na secao 000
0004218 pacote 273 em transito de 004 para 000
0004218 pacote 277 em transito de 004 para 000
0004218 pacote 117 rearmazenado em 004 na secao 000
0004218 pacote 294 rearmazenado em 004 na secao 000
0004218 pacote 309 rearmazenado em 004 na secao 000
0004218 pacote 123 rearmazenado em 004 na secao 000
0004218 pacote 317 rearmazenado em 004 na secao 000
0004218 pacote 326 rearmazenado em 004 na secao 000
0004218 pacote 332 rearmazenado em 004 na secao 000
0004218 pacote 340 rearmazenado em 004 na secao 000
0004218 pacote 344 rearmazenado em 004 na secao 000
0004218 pacote 129 rearmazenado em 004 na secao 000
0004218 pacote 364 rearmazenado em 004 na secao 000
0004218 pacote 379 rearmazenado em 004 na secao 000
0004218 pacote 393 rearmazenado em 004 na secao 000
0004218 pacote 181 rearmazenado em 004 na secao 000
0004203 pacote 221 removido de 004 na secao 001
0004204 pacote 207 removido de 004 na secao 001
0004205 pacote 205 removido de 004 na secao 001
0004206 pacote 196 removido de 004 na secao 001
0004207 pacote 177 removido de 004 na secao 001
0004208 pacote 174 removido de 004 na secao 001
0004209 pacote 172 removido de 004 na secao 001
0004210 pacote 390 removido de 004 na secao 001
0004211 pacote 381 removido de 004 na secao 001
0004212 pacote 380 removido de 004 na secao 001
0004213 pacote 365 removido de 004 na secao 001
0004214 pacote 148 removido de 004 na secao 001
0004215 pacote 351 removido de 004 na secao 001
0004216 pacote 349 removido de 004 na secao 001
0004217 pacote 143 removido de 004 na secao 001
0004218 pacote 142 removido de 004 na secao 001
0004219 pacote 331 removido de 004 na secao 001
0004220 pacote 313 removido de 004 na secao 001
0004221 pacote 136 removido de 004 na secao 001
0004222 pacote 120 removido de 004 na secao 001
0004223 pacote 275 removido de 004 na secao 001
0004224 pacote 116 removido de 004 na secao 001
0004225 pacote 263 removido de 004 na secao 001
0004226 pacote 113 removido de 004 na secao 001
0004226 pacote 113 em transito de 004 para 001
0004226 pacote 263 em transito de 004 para 001
0004226 pacote 116 rearmazenado em 004 na secao 001
0004226 pacote 275 rearmazenado em 004 na secao 001
0004226 pacote 120 rearmazenado em 004 na secao 001
0004226 pacote 136 rearmazenado em 004 na secao 001
0004226 pacote 313 rearmazenado em 004 na secao 001
0004226 pacote 331 rearmazenado em 004 na secao 001
0004226 pacote 142 rearmazenado em 004 na secao 001
0004226 pacote 143 rearmazenado em 004 na secao 001
0004226 pacote 349 rearmazenado em 004 na secao 001
0004226 pacote 351 rearmazenado em 004 na secao 001
0004226 pacote 148 rearmazenado em 004 na secao 001
0004226 pacote 365 rearmazenado em 004 na secao 001
0004226 pacote 380 rearmazenado em 004 na secao 001
0004226 pacote 381 rearmazenado em 004 na secao 001
0004226 pacote 390 rearmazenado em 004 na secao 001
0004226 pacote 172 rearmazenado em 004 na secao 001
0004226 pacote 174 rearmazenado em 004 na secao 001
0004226 pacote 177 rearmazenado em 004 na secao 001
0004226 pacote 196 rearmazenado em 004 na secao 001
0004226 pacote 205 rearmazenado em 004 na secao 001
0004226 pacote 207 rearmazenado em 004 na secao 001
0004226 pacote 221 rearmazenado em 004 na secao 001
0004223 pacote 269 entregue em 002
0004238 pacote 273 entregue em 000
0004238 pacote 277 entregue em 000
0004246 pacote 113 armazenado em 001 na secao 003
0004246 pacote 227 armazenado em 004 na secao 001
0004246 pacote 228 armazenado em 004 na secao 001
0004246 pacote 263 entregue em 001
0004255 pacote 182 armazenado em 004 na secao 000
0004255 pacote 188 armazenado em 004 na secao 000
0004303 pacote 394 removido de 000 na secao 004
0004304 pacote 384 removido de 000 na secao 004
0004305 pacote 377 removido de 000 na secao 004
0004306 pacote 366 removido de 000 na secao 004
0004307 pacote 357 removido de 000 na secao 004
0004308 pacote 356 removido de 000 na secao 004
0004309 pacote 355 removido de 000 na secao 004
0004310 pacote 352 removido de 000 na secao 004
0004311 pacote 347 removido de 000 na secao 004
0004312 pacote 325 removido de 000 na secao 004
0004313 pacote 315 removido de 000 na secao 004
0004314 pacote 308 removido de 000 na secao 004
0004315 pacote 300 removido de 000 na secao 004
0004316 pacote 299 removido de 000 na secao 004
0004317 pacote 297 removido de 000 na secao 004
0004318 pacote 292 removido de 000 na secao 004
0004319 pacote 288 removido de 000 na secao 004
0004320 pacote 266 removido de 000 na secao 004
0004321 pacote 264 removido de 000 na secao 004
0004322 pacote 257 removido de 000 na secao 004
0004323 pacote 250 removido de 000 na secao 004
0004324 pacote 230 removido de 000 na secao 004
0004324 pacote 230 em transito de 000 para 004
0004324 pacote 250 em transito de 000 para 004
0004324 pacote 257 rearmazenado em 000 na secao 004
0004324 pacote 264 rearmazenado em 000 na secao 004
0004324 pacote 266 rearmazenado em 000 na secao 004
0004324 pacote 288 rearmazenado em 000 na secao 004
0004324 pacote 292 rearmazenado em 000 na secao 004
0004324 pacote 297 rearmazenado em 000 na secao 004
0004324 pacote 299 rearmazenado em 000 na secao 004
0004324 pacote 300 rearmazenado em 000 na secao 004
0004324 pacote 308 rearmazenado em 000 na secao 004
0004324 pacote 315 rearmazenado em 000 na secao 004
0004324 pacote 325 rearmazenado em 000 na secao 004
0004324 pacote 347 rearmazenado em 000 na secao 004
0004324 pacote 352 rearmazenado em 000 na secao 004
0004324 pacote 355 rearmazenado em 000 na secao 004
0004324 pacote 356 rearmazenado em 000 na secao 004
0004324 pacote 357 rearmazenado em 000 na secao 004
0004324 pacote 366 rearmazenado em 000 na secao 004
0004324 pacote 377 rearmazenado em 000 na secao 004
0004324 pacote 384 rearmazenado em 000 na secao 004
0004324 pacote 394 rearmazenado em 000 na secao 004
0004303 pacote 113 removido de 001 na secao 003
0004303 pacote 113 em transito de 001 para 003
0004303 pacote 392 removido de 001 na secao 004
0004304 pacote 382 removido de 001 na secao 004
0004305 pacote 371 removido de 001 na secao 004
0004306 pacote 369 removido de 001 na secao 004
0004307 pacote 353 removido de 001 na secao 004
0004308 pacote 350 removido de 001 na secao 004
0004309 pacote 348 removido de 001 na secao 004
0004310 pacote 337 removido de 001 na secao 004
0004311 pacote 330 removido de 001 na secao 004
0004312 pacote 324 removido de 001 na secao 004
0004313 pacote 305 removido de 001 na secao 004
0004314 pacote 302 removido de 001 na secao 004
0004315 pacote 291 removido de 001 na secao 004
0004316 pacote 290 removido de 001 na secao 004
0004317 pacote 289 removido de 001 na secao 004
0004318 pacote 279 removido de 001 na secao 004
0004319 pacote 276 removido de 001 na secao 004
0004320 pacote 274 removido de 001 na secao 004
0004321 pacote 259 removido de 001 na secao 004
0004322 pacote 256 removido de 001 na secao 004
0004323 pacote 255 removido de 001 na secao 004
0004324 pacote 253 removido de 001 na secao 004
0004325 pacote 252 removido de 001 na secao 004
0004326 pacote 242 removido de 001 na secao 004
0004327 pacote 241 removido de 001 na secao 004
0004328 pacote 235 removido de 001 na secao 004
0004329 pacote 223 removido de 001 na secao 004
0004330 pacote 212 removido de 001 na secao 004
0004331 pacote 199 removido de 001 na secao 004
0004332 pacote 195 removido de 001 na secao 004
0004333 pacote 192 removido de 001 na secao 004
0004333 pacote 192 em transito de 001 para 004
0004333 pacote 195 em transito de 001 para 004
0004333 pacote 199 rearmazenado em 001 na secao 004
0004333 pacote 212 rearmazenado em 001 na secao 004
0004333 pacote 223 rearmazenado em 001 na secao 004
0004333 pacote 235 rearmazenado em 001 na secao 004
0004333 pacote 241 rearmazenado em 001 na secao 004
0004333 pacote 242 rearmazenado em 001 na secao 004
0004333 pacote 252 rearmazenado em 001 na secao 004
0004333 pacote 253 rearmazenado em 001 na secao 004
0004333 pacote 255 rearmazenado em 001 na secao 004
0004333 pacote 256 rearmazenado em 001 na secao 004
0004333 pacote 259 rearmazenado em 001 na secao 004
0004333 pacote 274 rearmazenado em 001 na secao 004
0004333 pacote 276 rearmazenado em 001 na secao 004
0004333 pacote 279 rearmazenado em 001 na secao 004
0004333 pacote 289 rearmazenado em 001 na secao 004
0004333 pacote 290 rearmazenado em 001 na secao 004
0004333 pacote 291 rearmazenado em 001 na secao 004
0004333 pacote 302 rearmazenado em 001 na secao 004
0004333 pacote 305 rearmazenado em 001 na secao 004
0004333 pacote 324 rearmazenado em 001 na secao 004
0004333 pacote 330 rearmazenado em 001 na secao 004
0004333 pacote 337 rearmazenado em 001 na secao 004
0004333 pacote 348 rearmazenado em 001 na secao 004
0004333 pacote 350 rearmazenado em 001 na secao 004
0004333 pacote 353 rearmazenado em 001 na secao 004
0004333 pacote 369 rearmazenado em 001 na secao 004
0004333 pacote 371 rearmazenado em 001 na secao 004
0004333 pacote 382 rearmazenado em 001 na secao 004
0004333 pacote 392 rearmazenado em 001 na secao 004
0004303 pacote 188 removido de 004 na secao 000
0004304 pacote 182 removido de 004 na secao 000
0004305 pacote 181 removido de 004 na secao 000
0004306 pacote 393 removido de 004 na secao 000
0004307 pacote 379 removido de 004 na secao 000
0004308 pacote 364 removido de 004 na secao 000
0004309 pacote 129 removido de 004 na secao 000
0004310 pacote 344 removido de 004 na secao 000
0004311 pacote 340 removido de 004 na secao 000
0004312 pacote 332 removido de 004 na secao 000
0004313 pacote 326 removido de 004 na secao 000
0004314 pacote 317 removido de 004 na secao 000
0004315 pacote 123 removido de 004 na secao 000
0004316 pacote 309 removido de 004 na secao 000
0004317 pacote 294 removido de 004 na secao 000
0004318 pacote 117 removido de 004 na secao 000
0004318 pacote 117 em transito de 004 para 000
0004318 pacote 294 em transito de 004 para 000
0004318 pacote 309 rearmazenado em 004 na secao 000
0004318 pacote 123 rearmazenado em 004 na secao 000
0004318 pacote 317 rearmazenado em 004 na secao 000
0004318 pacote 326 rearmazenado em 004 na secao 000
0004318 pacote 332 rearmazenado em 004 na secao 000
0004318 pacote 340 rearmazenado em 004 na secao 000
0004318 pacote 344 rearmazenado em 004 na secao 000
0004318 pacote 129 rearmazenado em 004 na secao 000
0004318 pacote 364 rearmazenado em 004 na secao 000
0004318 pacote 379 rearmazenado em 004 na secao 000
0004318 pacote 393 rearmazenado em 004 na secao 000
0004318 pacote 181 rearmazenado em 004 na secao 000
0004318 pacote 182 rearmazenado em 004 na secao 000
0004318 pacote 188 rearmazenado em 004 na secao 000
0004303 pacote 228 removido de 004 na secao 001
0004304 pacote 227 removido de 004 na secao 001
0004305 pacote 221 removido de 004 na secao 001
0004306 pacote 207 removido de 004 na secao 001
0004307 pacote 205 removido de 004 na secao 001
0004308 pacote 196 removido de 004 na secao 001
0004309 pacote 177 removido de 004 na secao 001
0004310 pacote 174 removido de 004 na secao 001
0004311 pacote 172 removido de 004 na secao 001
0004312 pacote 390 removido de 004 na secao 001
0004313 pacote 381 removido de 004 na secao 001
0004314 pacote 380 removido de 004 na secao 001
0004315 pacote 365 removido de 004 na secao 001
0004316 pacote 148 removido de 004 na secao 001
0004317 pacote 351 removido de 004 na secao 001
0004318 pacote 349 removido de 004 na secao 001
0004319 pacote 143 removido de 004 na secao 001
0004320 pacote 142 removido de 004 na secao 001
0004321 pacote 331 removido de 004 na secao 001
0004322 pacote 313 removido de 004 na secao 001
0004323 pacote 136 removido de 004 na secao 001
0004324 pacote 120 removido de 004 na secao 001
0004325 pacote 275 removido de 004 na secao 001
0004326 pacote 116 removido de 004 na secao 001
0004326 pacote 116 em transito de 004 para 001
0004326 pacote 275 em transito de 004 para 001
0004326 pacote 120 rearmazenado em 004 na secao 001
0004326 pacote 136 rearmazenado em 004 na secao 001
0004326 pacote 313 rearmazenado em 004 na secao 001
0004326 pacote 331 rearmazenado em 004 na secao 001
0004326 pacote 142 rearmazenado em 004 na secao 001
0004326 pacote 143 rearmazenado em 004 na secao 001
0004326 pacote 349 rearmazenado em 004 na secao 001
0004326 pacote 351 rearmazenado em 004 na secao 001
0004326 pacote 148 rearmazenado em 004 na secao 001
0004326 pacote 365 rearmazenado em 004 na secao 001
0004326 pacote 380 rearmazenado em 004 na secao 001
0004326 pacote 381 rearmazenado em 004 na secao 001
0004326 pacote 390 rearmazenado em 004 na secao 001
0004326 pacote 172 rearmazenado em 004 na secao 001
0004326 pacote 174 rearmazenado em 004 na secao 001
0004326 pacote 177 rearmazenado em 004 na secao 001
0004326 pacote 196 rearmazenado em 004 na secao 001
0004326 pacote 205 rearmazenado em 004 na secao 001
0004326 pacote 207 rearmazenado em 004 na secao 001
0004326 pacote 221 rearmazenado em 004 na secao 001
0004326 pacote 227 rearmazenado em 004 na secao 001
0004326 pacote 228 rearmazenado em 004 na secao 001
0004323 pacote 113 entregue em 003
0004338 pacote 117 entregue em 000
0004338 pacote 294 entregue em 000
0004344 pacote 230 armazenado em 004 na secao 001
0004344 pacote 250 entregue em 004
0004346 pacote 116 armazenado em 001 na secao 003
0004346 pacote 275 armazenado em 001 na secao 003
0004353 pacote 192 armazenado em 004 na secao 000
0004353 pacote 195 armazenado em 004 na secao 000
0004403 pacote 394 removido de 000 na secao 004
0004404 pacote 384 removido de 000 na secao 004
0004405 pacote 377 removido de 000 na secao 004
0004406 pacote 366 removido de 000 na secao 004
0004407 pacote 357 removido de 000 na secao 004
0004408 pacote 356 removido de 000 na secao 004
0004409 pacote 355 removido de 000 na secao 004
0004410 pacote 352 removido de 000 na secao 004
0004411 pacote 347 removido de 000 na secao 004
0004412 pacote 325 removido de 000 na secao 004
0004413 pacote 315 removido de 000 na secao 004
0004414 pacote 308 removido de 000 na secao 004
0004415 pacote 300 removido de 000 na secao 004
0004416 pacote 299 removido de 000 na secao 004
0004417 pacote 297 removido de 000 na secao 004
0004418 pacote 292 removido de 000 na secao 004
0004419 pacote 288 removido de 000 na secao 004
0004420 pacote 266 removido de 000 na secao 004
0004421 pacote 264 removido de 000 na secao 004
0004422 pacote 257 removido de 000 na secao 004
0004422 pacote 257 em transito de 000 para 004
0004422 pacote 264 em transito de 000 para 004
0004422 pacote 266 rearmazenado em 000 na secao 004
0004422 pacote 288 rearmazenado em 000 na secao 004
0004422 pacote 292 rearmazenado em 000 na secao 004
0004422 pacote 297 rearmazenado em 000 na secao 004
0004422 pacote 299 rearmazenado em 000 na secao 004
0004422 pacote 300 rearmazenado em 000 na secao 004
0004422 pacote 308 rearmazenado em 000 na secao 004
0004422 pacote 315 rearmazenado em 000 na secao 004
0004422 pacote 325 rearmazenado em 000 na secao 004
0004422 pacote 347 rearmazenado em 000 na secao 004
0004422 pacote 352 rearmazenado em 000 na secao 004
0004422 pacote 355 rearmazenado em 000 na secao 004
0004422 pacote 356 rearmazenado em 000 na secao 004
0004422 pacote 357 rearmazenado em 000 na secao 004
0004422 pacote 366 rearmazenado em 000 na secao 004
0004422 pacote 377 rearmazenado em 000 na secao 004
0004422 pacote 384 rearmazenado em 000 na secao 004
0004422 pacote 394 rearmazenado em 000 na secao 004
0004403 pacote 275 removido de 001 na secao 003
0004404 pacote 116 removido de 001 na secao 003
0004404 pacote 116 em transito de 001 para 003
0004404 pacote 275 em transito de 001 para 003
0004403 pacote 392 removido de 001 na secao 004
0004404 pacote 382 removido de 001 na secao 004
0004405 pacote 371 removido de 001 na secao 004
0004406 pacote 369 removido de 001 na secao 004
0004407 pacote 353 removido de 001 na secao 004
0004408 pacote 350 removido de 001 na secao 004
0004409 pacote 348 removido de 001 na secao 004
0004410 pacote 337 removido de 001 na secao 004
0004411 pacote 330 removido de 001 na secao 004
0004412 pacote 324 removido de 001 na secao 004
0004413 pacote 305 removido de 001 na secao 004
0004414 pacote 302 removido de 001 na secao 004
0004415 pacote 291 removido de 001 na secao 004
0004416 pacote 290 removido de 001 na secao 004
0004417 pacote 289 removido de 001 na secao 004
0004418 pacote 279 removido de 001 na secao 004
0004419 pacote 276 removido de 001 na secao 004
0004420 pacote 274 removido de 001 na secao 004
0004421 pacote 259 removido de 001 na secao 004
0004422 pacote 256 removido de 001 na secao 004
0004423 pacote 255 removido de 001 na secao 004
0004424 pacote 253 removido de 001 na secao 004
0004425 pacote 252 removido de 001 na secao 004
0004426 pacote 242 removido de 001 na secao 004
0004427 pacote 241 removido de 001 na secao 004
0004428 pacote 235 removido de 001 na secao 004
0004429 pacote 223 removido de 001 na secao 004
0004430 pacote 212 removido de 001 na secao 004
0004431 pacote 199 removido de 001 na secao 004
0004431 pacote 199 em transito de 001 para 004
0004431 pacote 212 em transito de 001 para 004
0004431 pacote 223 rearmazenado em 001 na secao 004
0004431 pacote 235 rearmazenado em 001 na secao 004
0004431 pacote 241 rearmazenado em 001 na secao 004
0004431 pacote 242 rearmazenado em 001 na secao 004
0004431 pacote 252 rearmazenado em 001 na secao 004
0004431 pacote 253 rearmazenado em 001 na secao 004
0004431 pacote 255 rearmazenado em 001 na secao 004
0004431 pacote 256 rearmazenado em 001 na secao 004
0004431 pacote 259 rearmazenado em 001 na secao 004
0004431 pacote 274 rearmazenado em 001 na secao 004
0004431 pacote 276 rearmazenado em 001 na secao 004
0004431 pacote 279 rearmazenado em 001 na secao 004
0004431 pacote 289 rearmazenado em 001 na secao 004
0004431 pacote 290 rearmazenado em 001 na secao 004
0004431 pacote 291 rearmazenado em 001 na secao 004
0004431 pacote 302 rearmazenado em 001 na secao 004
0004431 pacote 305 rearmazenado em 001 na secao 004
0004431 pacote 324 rearmazenado em 001 na secao 004
0004431 pacote 330 rearmazenado em 001 na secao 004
0004431 pacote 337 rearmazenado em 001 na secao 004
0004431 pacote 348 rearmazenado em 001 na secao 004
0004431 pacote 350 rearmazenado em 001 na secao 004
0004431 pacote 353 rearmazenado em 001 na secao 004
0004431 pacote 369 rearmazenado em 001 na secao 004
0004431 pacote 371 rearmazenado em 001 na secao 004
0004431 pacote 382 rearmazenado em 001 na secao 004
0004431 pacote 392 rearmazenado em 001 na secao 004
0004403 pacote 195 removido de 004 na secao 000
0004404 pacote 192 removido de 004 na secao 000
0004405 pacote 188 removido de 004 na secao 000
0004406 pacote 182 removido de 004 na secao 000
0004407 pacote 181 removido de 004 na secao 000
0004408 pacote 393 removido de 004 na secao 000
0004409 pacote 379 removido de 004 na secao 000
0004410 pacote 364 removido de 004 na secao 000
0004411 pacote 129 removido de 004 na secao 000
0004412 pacote 344 removido de 004 na secao 000
0004413 pacote 340 removido de 004 na secao 000
0004414 pacote 332 removido de 004 na secao 000
0004415 pacote 326 removido de 004 na secao 000
0004416 pacote 317 removido de 004 na secao 000
0004417 pacote 123 removido de 004 na secao 000
0004418 pacote 309 removido de 004 na secao 000
0004418 pacote 309 em transito de 004 para 000
0004418 pacote 123 em transito de 004 para 000
0004418 pacote 317 rearmazenado em 004 na secao 000
0004418 pacote 326 rearmazenado em 004 na secao 000
0004418 pacote 332 rearmazenado em 004 na secao 000
0004418 pacote 340 rearmazenado em 004 na secao 000
0004418 pacote 344 rearmazenado em 004 na secao 000
0004418 pacote 129 rearmazenado em 004 na secao 000
0004418 pacote 364 rearmazenado em 004 na secao 000
0004418 pacote 379 rearmazenado em 004 na secao 000
0004418 pacote 393 rearmazenado em 004 na secao 000
0004418 pacote 181 rearmazenado em 004 na secao 000
0004418 pacote 182 rearmazenado em 004 na secao 000
0004418 pacote 188 rearmazenado em 004 na secao 000
0004418 pacote 192 rearmazenado em 004 na secao 000
0004418 pacote 195 rearmazenado em 004 na secao 000
0004403 pacote 230 removido de 004 na secao 001
0004404 pacote 228 removido de 004 na secao 001
0004405 pacote 227 removido de 004 na secao 001
0004406 pacote 221 removido de 004 na secao 001
0004407 pacote 207 removido de 004 na secao 001
0004408 pacote 205 removido de 004 na secao 001
0004409 pacote 196 removido de 004 na secao 001
0004410 pacote 177 removido de 004 na secao 001
0004411 pacote 174 removido de 004 na secao 001
0004412 pacote 172 removido de 004 na secao 001
0004413 pacote 390 removido de 004 na secao 001
0004414 pacote 381 removido de 004 na secao 001
0004415 pacote 380 removido de 004 na secao 001
0004416 pacote 365 removido de 004 na secao 001
0004417 pacote 148 removido de 004 na secao 001
0004418 pacote 351 removido de 004 na secao 001
0004419 pacote 349 removido de 004 na secao 001
0004420 pacote 143 removido de 004 na secao 001
0004421 pacote 142 removido de 004 na secao 001
0004422 pacote 331 removido de 004 na secao 001
0004423 pacote 313 removido de 004 na secao 001
0004424 pacote 136 removido de 004 na secao 001
0004425 pacote 120 removido de 004 na secao 001
0004425 pacote 120 em transito de 004 para 001
0004425 pacote 136 em transito de 004 para 001
0004425 pacote 313 rearmazenado em 004 na secao 001
0004425 pacote 331 rearmazenado em 004 na secao 001
0004425 pacote 142 rearmazenado em 004 na secao 001
0004425 pacote 143 rearmazenado em 004 na secao 001
0004425 pacote 349 rearmazenado em 004 na secao 001
0004425 pacote 351 rearmazenado em 004 na secao 001
0004425 pacote 148 rearmazenado em 004 na secao 001
0004425 pacote 365 rearmazenado em 004 na secao 001
0004425 pacote 380 rearmazenado em 004 na secao 001
0004425 pacote 381 rearmazenado em 004 na secao 001
0004425 pacote 390 rearmazenado em 004 na secao 001
0004425 pacote 172 rearmazenado em 004 na secao 001
0004425 pacote 174 rearmazenado em 004 na secao 001
0004425 pacote 177 rearmazenado em 004 na secao 001
0004425 pacote 196 rearmazenado em 004 na secao 001
0004425 pacote 205 rearmazenado em 004 na secao 001
0004425 pacote 207 rearmazenado em 004 na secao 001
0004425 pacote 221 rearmazenado em 004 na secao 001
0004425 pacote 227 rearmazenado em 004 na secao 001
0004425 pacote 228 rearmazenado em 004 na secao 001
0004425 pacote 230 rearmazenado em 004 na secao 001
0004424 pacote 116 entregue em 003
0004424 pacote 275 entregue em 003
0004438 pacote 123 armazenado em 000 na secao 002
0004438 pacote 309 armazenado em 000 na secao 002
0004442 pacote 257 armazenado em 004 na secao 001
0004442 pacote 264 entregue em 004
0004445 pacote 120 armazenado em 001 na secao 003
0004445 pacote 136 armazenado em 001 na secao 003
0004451 pacote 199 armazenado em 004 na secao 000
0004451 pacote 212 entregue em 004
0004503 pacote 309 removido de 000 na secao 002
0004504 pacote 123 removido de 000 na secao 002
0004504 pacote 123 em transito de 000 para 002
0004504 pacote 309 em transito de 000 para 002
0004503 pacote 394 removido de 000 na secao 004
0004504 pacote 384 removido de 000 na secao 004
0004505 pacote 377 removido de 000 na secao 004
0004506 pacote 366 removido de 000 na secao 004
0004507 pacote 357 removido de 000 na secao 004
0004508 pacote 356 removido de 000 na secao 004
0004509 pacote 355 removido de 000 na secao 004
0004510 pacote 352 removido de 000 na secao 004
0004511 pacote 347 removido de 000 na secao 004
0004512 pacote 325 removido de 000 na secao 004
0004513 pacote 315 removido de 000 na secao 004
0004514 pacote 308 removido de 000 na secao 004
0004515 pacote 300 removido de 000 na secao 004
0004516 pacote 299 removido de 000 na secao 004
0004517 pacote 297 removido de 000 na secao 004
0004518 pacote 292 removido de 000 na secao 004
0004519 pacote 288 removido de 000 na secao 004
0004520 pacote 266 removido de 000 na secao 004
0004520 pacote 266 em transito de 000 para 004
0004520 pacote 288 em transito de 000 para 004
0004520 pacote 292 rearmazenado em 000 na secao 004
0004520 pacote 297 rearmazenado em 000 na secao 004
0004520 pacote 299 rearmazenado em 000 na secao 004
0004520 pacote 300 rearmazenado em 000 na secao 004
0004520 pacote 308 rearmazenado em 000 na secao 004
0004520 pacote 315 rearmazenado em 000 na secao 004
0004520 pacote 325 rearmazenado em 000 na secao 004
0004520 pacote 347 rearmazenado em 000 na secao 004
0004520 pacote 352 rearmazenado em 000 na secao 004
0004520 pacote 355 rearmazenado em 000 na secao 004
0004520 pacote 356 rearmazenado em 000 na secao 004
0004520 pacote 357 rearmazenado em 000 na secao 004
0004520 pacote 366 rearmazenado em 000 na secao 004
0004520 pacote 377 rearmazenado em 000 na secao 004
0004520 pacote 384 rearmazenado em 000 na secao 004
0004520 pacote 394 rearmazenado em 000 na secao 004
0004503 pacote 136 removido de 001 na secao 003
0004504 pacote 120 removido de 001 na secao 003
0004504 pacote 120 em transito de 001 para 003
0004504 pacote 136 em transito de 001 para 003
0004503 pacote 392 removido de 001 na secao 004
0004504 pacote 382 removido de 001 na secao 004
0004505 pacote 371 removido de 001 na secao 004
0004506 pacote 369 removido de 001 na secao 004
0004507 pacote 353 removido de 001 na secao 004
0004508 pacote 350 removido de 001 na secao 004
0004509 pacote 348 removido de 001 na secao 004
0004510 pacote 337 removido de 001 na secao 004
0004511 pacote 330 removido de 001 na secao 004
0004512 pacote 324 removido de 001 na secao 004
0004513 pacote 305 removido de 001 na secao 004
0004514 pacote 302 removido de 001 na secao 004
0004515 pacote 291 removido de 001 na secao 004
0004516 pacote 290 removido de 001 na secao 004
0004517 pacote 289 removido de 001 na secao 004
0004518 pacote 279 removido de 001 na secao 004
0004519 pacote 276 removido de 001 na secao 004
0004520 pacote 274 removido de 001 na secao 004
0004521 pacote 259 removido de 001 na secao 004
0004522 pacote 256 removido de 001 na secao 004
0004523 pacote 255 removido de 001 na secao 004
0004524 pacote 253 removido de 001 na secao 004
0004525 pacote 252 removido de 001 na secao 004
0004526 pacote 242 removido de 001 na secao 004
0004527 pacote 241 removido de 001 na secao 004
0004528 pacote 235 removido de 001 na secao 004
0004529 pacote 223 removido de 001 na secao 004
0004529 pacote 223 em transito de 001 para 004
0004529 pacote 235 em transito de 001 para 004
0004529 pacote 241 rearmazenado em 001 na secao 004
0004529 pacote 242 rearmazenado em 001 na secao 004
0004529 pacote 252 rearmazenado em 001 na secao 004
0004529 pacote 253 rearmazenado em 001 na secao 004
0004529 pacote 255 rearmazenado em 001 na secao 004
0004529 pacote 256 rearmazenado em 001 na secao 004
0004529 pacote 259 rearmazenado em 001 na secao 004
0004529 pacote 274 rearmazenado em 001 na secao 004
0004529 pacote 276 rearmazenado em 001 na secao 004
0004529 pacote 279 rearmazenado em 001 na secao 004
0004529 pacote 289 rearmazenado em 001 na secao 004
0004529 pacote 290 rearmazenado em 001 na secao 004
0004529 pacote 291 rearmazenado em 001 na secao 004
0004529 pacote 302 rearmazenado em 001 na secao 004
0004529 pacote 305 rearmazenado em 001 na secao 004
0004529 pacote 324 rearmazenado em 001 na secao 004
0004529 pacote 330 rearmazenado em 001 na secao 004
0004529 pacote 337 rearmazenado em 001 na secao 004
0004529 pacote 348 rearmazenado em 001 na secao 004
0004529 pacote 350 rearmazenado em 001 na secao 004
0004529 pacote 353 rearmazenado em 001 na secao 004
0004529 pacote 369 rearmazenado em 001 na secao 004
0004529 pacote 371 rearmazenado em 001 na secao 004
0004529 pacote 382 rearmazenado em 001 na secao 004
0004529 pacote 392 rearmazenado em 001 na secao 004
0004503 pacote 199 removido de 004 na secao 000
0004504 pacote 195 removido de 004 na secao 000
0004505 pacote 192 removido de 004 na secao 000
0004506 pacote 188 removido de 004 na secao 000
0004507 pacote 182 removido de 004 na secao 000
0004508 pacote 181 removido de 004 na secao 000
0004509 pacote 393 removido de 004 na secao 000
0004510 pacote 379 removido de 004 na secao 000
0004511 pacote 364 removido de 004 na secao 000
0004512 pacote 129 removido de 004 na secao 000
0004513 pacote 344 removido de 004 na secao 000
0004514 pacote 340 removido de 004 na secao 000
0004515 pacote 332 removido de 004 na secao 000
0004516 pacote 326 removido de 004 na secao 000
0004517 pacote 317 removido de 004 na secao 000
0004517 pacote 317 em transito de 004 para 000
0004517 pacote 326 em transito de 004 para 000
0004517 pacote 332 rearmazenado em 004 na secao 000
0004517 pacote 340 rearmazenado em 004 na secao 000
0004517 pacote 344 rearmazenado em 004 na secao 000
0004517 pacote 129 rearmazenado em 004 na secao 000
0004517 pacote 364 rearmazenado em 004 na secao 000
0004517 pacote 379 rearmazenado em 004 na secao 000
0004517 pacote 393 rearmazenado em 004 na secao 000
0004517 pacote 181 rearmazenado em 004 na secao 000
0004517 pacote 182 rearmazenado em 004 na secao 000
0004517 pacote 188 rearmazenado em 004 na secao 000
0004517 pacote 192 rearmazenado em 004 na secao 000
0004517 pacote 195 rearmazenado em 004 na secao 000
0004517 pacote 199 rearmazenado em 004 na secao 000
0004503 pacote 257 removido de 004 na secao 001
0004504 pacote 230 removido de 004 na secao 001
0004505 pacote 228 removido de 004 na secao 001
0004506 pacote 227 removido de 004 na secao 001
0004507 pacote 221 removido de 004 na secao 001
0004508 pacote 207 removido de 004 na secao 001
0004509 pacote 205 removido de 004 na secao 001
0004510 pacote 196 removido de 004 na secao 001
0004511 pacote 177 removido de 004 na secao 001
0004512 pacote 174 removido de 004 na secao 001
0004513 pacote 172 removido de 004 na secao 001
0004514 pacote 390 removido de 004 na secao 001
0004515 pacote 381 removido de 004 na secao 001
0004516 pacote 380 removido de 004 na secao 001
0004517 pacote 365 removido de 004 na secao 001
0004518 pacote 148 removido de 004 na secao 001
0004519 pacote 351 removido de 004 na secao 001
0004520 pacote 349 removido de 004 na secao 001
0004521 pacote 143 removido de 004 na secao 001
0004522 pacote 142 removido de 004 na secao 001
0004523 pacote 331 removido de 004 na secao 001
0004524 pacote 313 removido de 004 na secao 001
0004524 pacote 313 em transito de 004 para 001
0004524 pacote 331 em transito de 004 para 001
0004524 pacote 142 rearmazenado em 004 na secao 001
0004524 pacote 143 rearmazenado em 004 na secao 001
0004524 pacote 349 rearmazenado em 004 na secao 001
0004524 pacote 351 rearmazenado em 004 na secao 001
0004524 pacote 148 rearmazenado em 004 na secao 001
0004524 pacote 365 rearmazenado em 004 na secao 001
0004524 pacote 380 rearmazenado em 004 na secao 001
0004524 pacote 381 rearmazenado em 004 na secao 001
0004524 pacote 390 rearmazenado em 004 na secao 001
0004524 pacote 172 rearmazenado em 004 na secao 001
0004524 pacote 174 rearmazenado em 004 na secao 001
0004524 pacote 177 rearmazenado em 004 na secao 001
0004524 pacote 196 rearmazenado em 004 na secao 001
0004524 pacote 205 rearmazenado em 004 na secao 001
0004524 pacote 207 rearmazenado em 004 na secao 001
0004524 pacote 221 rearmazenado em 004 na secao 001
0004524 pacote 227 rearmazenado em 004 na secao 001
0004524 pacote 228 rearmazenado em 004 na secao 001
0004524 pacote 230 rearmazenado em 004 na secao 001
0004524 pacote 257 rearmazenado em 004 na secao 001
0004524 pacote 120 entregue em 003
0004524 pacote 123 entregue em 002
0004524 pacote 136 entregue em 003
0004524 pacote 309 entregue em 002
0004537 pacote 317 entregue em 000
0004537 pacote 326 entregue em 000
0004540 pacote 266 armazenado em 004 na secao 001
0004540 pacote 288 armazenado em 004 na secao 001
0004544 pacote 313 entregue em 001
0004544 pacote 331 armazenado em 001 na secao 003
0004549 pacote 223 entregue em 004
0004549 pacote 235 armazenado em 004 na secao 000
0004603 pacote 394 removido de 000 na secao 004
0004604 pacote 384 removido de 000 na secao 004
0004605 pacote 377 removido de 000 na secao 004
0004606 pacote 366 removido de 000 na secao 004
0004607 pacote 357 removido de 000 na secao 004
0004608 pacote 356 removido de 000 na secao 004
0004609 pacote 355 removido de 000 na secao 004
0004610 pacote 352 removido de 000 na secao 004
0004611 pacote 347 removido de 000 na secao 004
0004612 pacote 325 removido de 000 na secao 004
0004613 pacote 315 removido de 000 na secao 004
0004614 pacote 308 removido de 000 na secao 004
0004615 pacote 300 removido de 000 na secao 004
0004616 pacote 299 removido de 000 na secao 004
0004617 pacote 297 removido de 000 na secao 004
0004618 pacote 292 removido de 000 na secao 004
0004618 pacote 292 em transito de 000 para 004
0004618 pacote 297 em transito de 000 para 004
0004618 pacote 299 rearmazenado em 000 na secao 004
0004618 pacote 300 rearmazenado em 000 na secao 004
0004618 pacote 308 rearmazenado em 000 na secao 004
0004618 pacote 315 rearmazenado em 000 na secao 004
0004618 pacote 325 rearmazenado em 000 na secao 004
0004618 pacote 347 rearmazenado em 000 na secao 004
0004618 pacote 352 rearmazenado em 000 na secao 004
0004618 pacote 355 rearmazenado em 000 na secao 004
0004618 pacote 356 rearmazenado em 000 na secao 004
0004618 pacote 357 rearmazenado em 000 na secao 004
0004618 pacote 366 rearmazenado em 000 na secao 004
0004618 pacote 377 rearmazenado em 000 na secao 004
0004618 pacote 384 rearmazenado em 000 na secao 004
0004618 pacote 394 rearmazenado em 000 na secao 004
0004603 pacote 331 removido de 001 na secao 003
0004603 pacote 331 em transito de 001 para 003
0004603 pacote 392 removido de 001 na secao 004
0004604 pacote 382 removido de 001 na secao 004
0004605 pacote 371 removido de 001 na secao 004
0004606 pacote 369 removido de 001 na secao 004
0004607 pacote 353 removido de 001 na secao 004
0004608 pacote 350 removido de 001 na secao 004
0004609 pacote 348 removido de 001 na secao 004
0004610 pacote 337 removido de 001 na secao 004
0004611 pacote 330 removido de 001 na secao 004
0004612 pacote 324 removido de 001 na secao 004
0004613 pacote 305 removido de 001 na secao 004
0004614 pacote 302 removido de 001 na secao 004
0004615 pacote 291 removido de 001 na secao 004
0004616 pacote 290 removido de 001 na secao 004
0004617 pacote 289 removido de 001 na secao 004
0004618 pacote 279 removido de 001 na secao 004
0004619 pacote 276 removido de 001 na secao 004
0004620 pacote 274 removido de 001 na secao 004
0004621 pacote 259 removido de 001 na secao 004
0004622 pacote 256 removido de 001 na secao 004
0004623 pacote 255 removido de 001 na secao 004
0004624 pacote 253 removido de 001 na secao 004
0004625 pacote 252 removido de 001 na secao 004
0004626 pacote 242 removido de 001 na secao 004
0004627 pacote 241 removido de 001 na secao 004
0004627 pacote 241 em transito de 001 para 004
0004627 pacote 242 em transito de 001 para 004
0004627 pacote 252 rearmazenado em 001 na secao 004
0004627 pacote 253 rearmazenado em 001 na secao 004
0004627 pacote 255 rearmazenado em 001 na secao 004
0004627 pacote 256 rearmazenado em 001 na secao 004
0004627 pacote 259 rearmazenado em 001 na secao 004
0004627 pacote 274 rearmazenado em 001 na secao 004
0004627 pacote 276 rearmazenado em 001 na secao 004
0004627 pacote 279 rearmazenado em 001 na secao 004
0004627 pacote 289 rearmazenado em 001 na secao 004
0004627 pacote 290 rearmazenado em 001 na secao 004
0004627 pacote 291 rearmazenado em 001 na secao 004
0004627 pacote 302 rearmazenado em 001 na secao 004
0004627 pacote 305 rearmazenado em 001 na secao 004
0004627 pacote 324 rearmazenado em 001 na secao 004
0004627 pacote 330 rearmazenado em 001 na secao 004
0004627 pacote 337 rearmazenado em 001 na secao 004
0004627 pacote 348 rearmazenado em 001 na secao 004
0004627 pacote 350 rearmazenado em 001 na secao 004
0004627 pacote 353 rearmazenado em 001 na secao 004
0004627 pacote 369 rearmazenado em 001 na secao 004
0004627 pacote 371 rearmazenado em 001 na secao 004
0004627 pacote 382 rearmazenado em 001 na secao 004
0004627 pacote 392 rearmazenado em 001 na secao 004
0004603 pacote 235 removido de 004 na secao 000
0004604 pacote 199 removido de 004 na secao 000
0004605 pacote 195 removido de 004 na secao 000
0004606 pacote 192 removido de 004 na secao 000
0004607 pacote 188 removido de 004 na secao 000
0004608 pacote 182 removido de 004 na secao 000
0004609 pacote 181 removido de 004 na secao 000
0004610 pacote 393 removido de 004 na secao 000
0004611 pacote 379 removido de 004 na secao 000
0004612 pacote 364 removido de 004 na secao 000
0004613 pacote 129 removido de 004 na secao 000
0004614 pacote 344 removido de 004 na secao 000
0004615 pacote 340 removido de 004 na secao 000
0004616 pacote 332 removido de 004 na secao 000
0004616 pacote 332 em transito de 004 para 000
0004616 pacote 340 em transito de 004 para 000
0004616 pacote 344 rearmazenado em 004 na secao 000
0004616 pacote 129 rearmazenado em 004 na secao 000
0004616 pacote 364 rearmazenado em 004 na secao 000
0004616 pacote 379 rearmazenado em 004 na secao 000
0004616 pacote 393 rearmazenado em 004 na secao 000
0004616 pacote 181 rearmazenado em 004 na secao 000
0004616 pacote 182 rearmazenado em 004 na secao 000
0004616 pacote 188 rearmazenado em 004 na secao 000
0004616 pacote 192 rearmazenado em 004 na secao 000
0004616 pacote 195 rearmazenado em 004 na secao 000
0004616 pacote 199 rearmazenado em 004 na secao 000
0004616 pacote 235 rearmazenado em 004 na secao 000
0004603 pacote 288 removido de 004 na secao 001
0004604 pacote 266 removido de 004 na secao 001
0004605 pacote 257 removido de 004 na secao 001
0004606 pacote 230 removido de 004 na secao 001
0004607 pacote 228 removido de 004 na secao 001
0004608 pacote 227 removido de 004 na secao 001
0004609 pacote 221 removido de 004 na secao 001
0004610 pacote 207 removido de 004 na secao 001
0004611 pacote 205 removido de 004 na secao 001
0004612 pacote 196 removido de 004 na secao 001
0004613 pacote 177 removido de 004 na secao 001
0004614 pacote 174 removido de 004 na secao 001
0004615 pacote 172 removido de 004 na secao 001
0004616 pacote 390 removido de 004 na secao 001
0004617 pacote 381 removido de 004 na secao 001
0004618 pacote 380 removido de 004 na secao 001
0004619 pacote 365 removido de 004 na secao 001
0004620 pacote 148 removido de 004 na secao 001
0004621 pacote 351 removido de 004 na secao 001
0004622 pacote 349 removido de 004 na secao 001
0004623 pacote 143 removido de 004 na secao 001
0004624 pacote 142 removido de 004 na secao 001
0004624 pacote 142 em transito de 004 para 001
0004624 pacote 143 em transito de 004 para 001
0004624 pacote 349 rearmazenado em 004 na secao 001
0004624 pacote 351 rearmazenado em 004 na secao 001
0004624 pacote 148 rearmazenado em 004 na secao 001
0004624 pacote 365 rearmazenado em 004 na secao 001
0004624 pacote 380 rearmazenado em 004 na secao 001
0004624 pacote 381 rearmazenado em 004 na secao 001
0004624 pacote 390 rearmazenado em 004 na secao 001
0004624 pacote 172 rearmazenado em 004 na secao 001
0004624 pacote 174 rearmazenado em 004 na secao 001
0004624 pacote 177 rearmazenado em 004 na secao 001
0004624 pacote 196 rearmazenado em 004 na secao 001
0004624 pacote 205 rearmazenado em 004 na secao 001
0004624 pacote 207 rearmazenado em 004 na secao 001
0004624 pacote 221 rearmazenado em 004 na secao 001
0004624 pacote 227 rearmazenado em 004 na secao 001
0004624 pacote 228 rearmazenado em 004 na secao 001
0004624 pacote 230 rearmazenado em 004 na secao 001
0004624 pacote 257 rearmazenado em 004 na secao 001
0004624 pacote 266 rearmazenado em 004 na secao 001
0004624 pacote 288 rearmazenado em 004 na secao 001
0004623 pacote 331 entregue em 003
0004636 pacote 332 armazenado em 000 na secao 002
0004636 pacote 340 armazenado em 000 na secao 002
0004638 pacote 292 armazenado em 004 na secao 001
0004638 pacote 297 armazenado em 004 na secao 001
0004644 pacote 142 armazenado em 001 na secao 003
0004644 pacote 143 armazenado em 001 na secao 003
0004647 pacote 241 armazenado em 004 na secao 000
0004647 pacote 242 entregue em 004
0004703 pacote 340 removido de 000 na secao 002
0004704 pacote 332 removido de 000 na secao 002
0004704 pacote 332 em transito de 000 para 002
0004704 pacote 340 em transito de 000 para 002
0004703 pacote 394 removido de 000 na secao 004
0004704 pacote 384 removido de 000 na secao 004
0004705 pacote 377 removido de 000 na secao 004
0004706 pacote 366 removido de 000 na secao 004
0004707 pacote 357 removido de 000 na secao 004
0004708 pacote 356 removido de 000 na secao 004
0004709 pacote 355 removido de 000 na secao 004
0004710 pacote 352 removido de 000 na secao 004
0004711 pacote 347 removido de 000 na secao 004
0004712 pacote 325 removido de 000 na secao 004
0004713 pacote 315 removido de 000 na secao 004
0004714 pacote 308 removido de 000 na secao 004
0004715 pacote 300 removido de 000 na secao 004
0004716 pacote 299 removido de 000 na secao 004
0004716 pacote 299 em transito de 000 para 004
0004716 pacote 300 em transito de 000 para 004
0004716 pacote 308 rearmazenado em 000 na secao 004
0004716 pacote 315 rearmazenado em 000 na secao 004
0004716 pacote 325 rearmazenado em 000 na secao 004
0004716 pacote 347 rearmazenado em 000 na secao 004
0004716 pacote 352 rearmazenado em 000 na secao 004
0004716 pacote 355 rearmazenado em 000 na secao 004
0004716 pacote 356 rearmazenado em 000 na secao 004
0004716 pacote 357 rearmazenado em 000 na secao 004
0004716 pacote 366 rearmazenado em 000 na secao 004
0004716 pacote 377 rearmazenado em 000 na secao 004
0004716 pacote 384 rearmazenado em 000 na secao 004
0004716 pacote 394 rearmazenado em 000 na secao 004
0004703 pacote 143 removido de 001 na secao 003
0004704 pacote 142 removido de 001 na secao 003
0004704 pacote 142 em transito de 001 para 003
0004704 pacote 143 em transito de 001 para 003
0004703 pacote 392 removido de 001 na secao 004
0004704 pacote 382 removido de 001 na secao 004
0004705 pacote 371 removido de 001 na secao 004
0004706 pacote 369 removido de 001 na secao 004
0004707 pacote 353 removido de 001 na secao 004
0004708 pacote 350 removido de 001 na secao 004
0004709 pacote 348 removido de 001 na secao 004
0004710 pacote 337 removido de 001 na secao 004
0004711 pacote 330 removido de 001 na secao 004
0004712 pacote 324 removido de 001 na secao 004
0004713 pacote 305 removido de 001 na secao 004
0004714 pacote 302 removido de 001 na secao 004
0004715 pacote 291 removido de 001 na secao 004
0004716 pacote 290 removido de 001 na secao 004
0004717 pacote 289 removido de 001 na secao 004
0004718 pacote 279 removido de 001 na secao 004
0004719 pacote 276 removido de 001 na secao 004
0004720 pacote 274 removido de 001 na secao 004
0004721 pacote 259 removido de 001 na secao 004
0004722 pacote 256 removido de 001 na secao 004
0004723 pacote 255 removido de 001 na secao 004
0004724 pacote 253 removido de 001 na secao 004
0004725 pacote 252 removido de 001 na secao 004
0004725 pacote 252 em transito de 001 para 004
0004725 pacote 253 em transito de 001 para 004
0004725 pacote 255 rearmazenado em 001 na secao 004
0004725 pacote 256 rearmazenado em 001 na secao 004
0004725 pacote 259 rearmazenado em 001 na secao 004
0004725 pacote 274 rearmazenado em 001 na secao 004
0004725 pacote 276 rearmazenado em 001 na secao 004
0004725 pacote 279 rearmazenado em 001 na secao 004
0004725 pacote 289 rearmazenado em 001 na secao 004
0004725 pacote 290 rearmazenado em 001 na secao 004
0004725 pacote 291 rearmazenado em 001 na secao 004
0004725 pacote 302 rearmazenado em 001 na secao 004
0004725 pacote 305 rearmazenado em 001 na secao 004
0004725 pacote 324 rearmazenado em 001 na secao 004
0004725 pacote 330 rearmazenado em 001 na secao 004
0004725 pacote 337 rearmazenado em 001 na secao 004
0004725 pacote 348 rearmazenado em 001 na secao 004
0004725 pacote 350 rearmazenado em 001 na secao 004
0004725 pacote 353 rearmazenado em 001 na secao 004
0004725 pacote 369 rearmazenado em 001 na secao 004
0004725 pacote 371 rearmazenado em 001 na secao 004
0004725 pacote 382 rearmazenado em 001 na secao 004
0004725 pacote 392 rearmazenado em 001 na secao 004
0004703 pacote 241 removido de 004 na secao 000
0004704 pacote 235 removido de 004 na secao 000
0004705 pacote 199 removido de 004 na secao 000
0004706 pacote 195 removido de 004 na secao 000
0004707 pacote 192 removido de 004 na secao 000
0004708 pacote 188 removido de 004 na secao 000
0004709 pacote 182 removido de 004 na secao 000
0004710 pacote 181 removido de 004 na secao 000
0004711 pacote 393 removido de 004 na secao 000
0004712 pacote 379 removido de 004 na secao 000
0004713 pacote 364 removido de 004 na secao 000
0004714 pacote 129 removido de 004 na secao 000
0004715 pacote 344 removido de 004 na secao 000
0004715 pacote 344 em transito de 004 para 000
0004715 pacote 129 em transito de 004 para 000
0004715 pacote 364 rearmazenado em 004 na secao 000
0004715 pacote 379 rearmazenado em 004 na secao 000
0004715 pacote 393 rearmazenado em 004 na secao 000
0004715 pacote 181 rearmazenado em 004 na secao 000
0004715 pacote 182 rearmazenado em 004 na secao 000
0004715 pacote 188 rearmazenado em 004 na secao 000
0004715 pacote 192 rearmazenado em 004 na secao 000
0004715 pacote 195 rearmazenado em 004 na secao 000
0004715 pacote 199 rearmazenado em 004 na secao 000
0004715 pacote 235 rearmazenado em 004 na secao 000
0004715 pacote 241 rearmazenado em 004 na secao 000
0004703 pacote 297 removido de 004 na secao 001
0004704 pacote 292 removido de 004 na secao 001
0004705 pacote 288 removido de 004 na secao 001
0004706 pacote 266 removido de 004 na secao 001
0004707 pacote 257 removido de 004 na secao 001
0004708 pacote 230 removido de 004 na secao 001
0004709 pacote 228 removido de 004 na secao 001
0004710 pacote 227 removido de 004 na secao 001
0004711 pacote 221 removido de 004 na secao 001
0004712 pacote 207 removido de 004 na secao 001
0004713 pacote 205 removido de 004 na secao 001
0004714 pacote 196 removido de 004 na secao 001
0004715 pacote 177 removido de 004 na secao 001
0004716 pacote 174 removido de 004 na secao 001
0004717 pacote 172 removido de 004 na secao 001
0004718 pacote 390 removido de 004 na secao 001
0004719 pacote 381 removido de 004 na secao 001
0004720 pacote 380 removido de 004 na secao 001
0004721 pacote 365 removido de 004 na secao 001
0004722 pacote 148 removido de 004 na secao 001
0004723 pacote 351 removido de 004 na secao 001
0004724 pacote 349 removido de 004 na secao 001
0004724 pacote 349 em transito de 004 para 001
0004724 pacote 351 em transito de 004 para 001
0004724 pacote 148 rearmazenado em 004 na secao 001
0004724 pacote 365 rearmazenado em 004 na secao 001
0004724 pacote 380 rearmazenado em 004 na secao 001
0004724 pacote 381 rearmazenado em 004 na secao 001
0004724 pacote 390 rearmazenado em 004 na secao 001
0004724 pacote 172 rearmazenado em 004 na secao 001
0004724 pacote 174 rearmazenado em 004 na secao 001
0004724 pacote 177 rearmazenado em 004 na secao 001
0004724 pacote 196 rearmazenado em 004 na secao 001
0004724 pacote 205 rearmazenado em 004 na secao 001
0004724 pacote 207 rearmazenado em 004 na secao 001
0004724 pacote 221 rearmazenado em 004 na secao 001
0004724 pacote 227 rearmazenado em 004 na secao 001
0004724 pacote 228 rearmazenado em 004 na secao 001
0004724 pacote 230 rearmazenado em 004 na secao 001
0004724 pacote 257 rearmazenado em 004 na secao 001
0004724 pacote 266 rearmazenado em 004 na secao 001
0004724 pacote 288 rearmazenado em 004 na secao 001
0004724 pacote 292 rearmazenado em 004 na secao 001
0004724 pacote 297 rearmazenado em 004 na secao 001
0004724 pacote 142 entregue em 003
0004724 pacote 143 entregue em 003
0004724 pacote 332 entregue em 002
0004724 pacote 340 entregue em 002
0004735 pacote 129 entregue em 000
0004735 pacote 344 armazenado em 000 na secao 002
0004736 pacote 299 entregue em 004
0004736 pacote 300 armazenado em 004 na secao 001
0004744 pacote 349 armazenado em 001 na secao 003
0004744 pacote 351 entregue em 001
0004745 pacote 252 entregue em 004
0004745 pacote 253 entregue em 004
0004803 pacote 344 removido de 000 na secao 002
0004803 pacote 344 em transito de 000 para 002
0004803 pacote 394 removido de 000 na secao 004
0004804 pacote 384 removido de 000 na secao 004
0004805 pacote 377 removido de 000 na secao 004
0004806 pacote 366 removido de 000 na secao 004
0004807 pacote 357 removido de 000 na secao 004
0004808 pacote 356 removido de 000 na secao 004
0004809 pacote 355 removido de 000 na secao 004
0004810 pacote 352 removido de 000 na secao 004
0004811 pacote 347 removido de 000 na secao 004
0004812 pacote 325 removido de 000 na secao 004
0004813 pacote 315 removido de 000 na secao 004
0004814 pacote 308 removido de 000 na secao 004
0004814 pacote 308 em transito de 000 para 004
0004814 pacote 315 em transito de 000 para 004
0004814 pacote 325 rearmazenado em 000 na secao 004
0004814 pacote 347 rearmazenado em 000 na secao 004
0004814 pacote 352 rearmazenado em 000 na secao 004
0004814 pacote 355 rearmazenado em 000 na secao 004
0004814 pacote 356 rearmazenado em 000 na secao 004
0004814 pacote 357 rearmazenado em 000 na secao 004
0004814 pacote 366 rearmazenado em 000 na secao 004
0004814 pacote 377 rearmazenado em 000 na secao 004
0004814 pacote 384 rearmazenado em 000 na secao 004
0004814 pacote 394 rearmazenado em 000 na secao 004
0004803 pacote 349 removido de 001 na secao 003
0004803 pacote 349 em transito de 001 para 003
0004803 pacote 392 removido de 001 na secao 004
0004804 pacote 382 removido de 001 na secao 004
0004805 pacote 371 removido de 001 na secao 004
0004806 pacote 369 removido de 001 na secao 004
0004807 pacote 353 removido de 001 na secao 004
0004808 pacote 350 removido de 001 na secao 004
0004809 pacote 348 removido de 001 na secao 004
0004810 pacote 337 removido de 001 na secao 004
0004811 pacote 330 removido de 001 na secao 004
0004812 pacote 324 removido de 001 na secao 004
0004813 pacote 305 removido de 001 na secao 004
0004814 pacote 302 removido de 001 na secao 004
0004815 pacote 291 removido de 001 na secao 004
0004816 pacote 290 removido de 001 na secao 004
0004817 pacote 289 removido de 001 na secao 004
0004818 pacote 279 removido de 001 na secao 004
0004819 pacote 276 removido de 001 na secao 004
0004820 pacote 274 removido de 001 na secao 004
0004821 pacote 259 removido de 001 na secao 004
0004822 pacote 256 removido de 001 na secao 004
0004823 pacote 255 removido de 001 na secao 004
0004823 pacote 255 em transito de 001 para 004
0004823 pacote 256 em transito de 001 para 004
0004823 pacote 259 rearmazenado em 001 na secao 004
0004823 pacote 274 rearmazenado em 001 na secao 004
0004823 pacote 276 rearmazenado em 001 na secao 004
0004823 pacote 279 rearmazenado em 001 na secao 004
0004823 pacote 289 rearmazenado em 001 na secao 004
0004823 pacote 290 rearmazenado em 001 na secao 004
0004823 pacote 291 rearmazenado em 001 na secao 004
0004823 pacote 302 rearmazenado em 001 na secao 004
0004823 pacote 305 rearmazenado em 001 na secao 004
0004823 pacote 324 rearmazenado em 001 na secao 004
0004823 pacote 330 rearmazenado em 001 na secao 004
0004823 pacote 337 rearmazenado em 001 na secao 004
0004823 pacote 348 rearmazenado em 001 na secao 004
0004823 pacote 350 rearmazenado em 001 na secao 004
0004823 pacote 353 rearmazenado em 001 na secao 004
0004823 pacote 369 rearmazenado em 001 na secao 004
0004823 pacote 371 rearmazenado em 001 na secao 004
0004823 pacote 382 rearmazenado em 001 na secao 004
0004823 pacote 392 rearmazenado em 001 na secao 004
0004803 pacote 241 removido de 004 na secao 000
0004804 pacote 235 removido de 004 na secao 000
0004805 pacote 199 removido de 004 na secao 000
0004806 pacote 195 removido de 004 na secao 000
0004807 pacote 192 removido de 004 na secao 000
0004808 pacote 188 removido de 004 na secao 000
0004809 pacote 182 removido de 004 na secao 000
0004810 pacote 181 removido de 004 na secao 000
0004811 pacote 393 removido de 004 na secao 000
0004812 pacote 379 removido de 004 na secao 000
0004813 pacote 364 removido de 004 na secao 000
0004813 pacote 364 em transito de 004 para 000
0004813 pacote 379 em transito de 004 para 000
0004813 pacote 393 rearmazenado em 004 na secao 000
0004813 pacote 181 rearmazenado em 004 na secao 000
0004813 pacote 182 rearmazenado em 004 na secao 000
0004813 pacote 188 rearmazenado em 004 na secao 000
0004813 pacote 192 rearmazenado em 004 na secao 000
0004813 pacote 195 rearmazenado em 004 na secao 000
0004813 pacote 199 rearmazenado em 004 na secao 000
0004813 pacote 235 rearmazenado em 004 na secao 000
0004813 pacote 241 rearmazenado em 004 na secao 000
0004803 pacote 300 removido de 004 na secao 001
0004804 pacote 297 removido de 004 na secao 001
0004805 pacote 292 removido de 004 na secao 001
0004806 pacote 288 removido de 004 na secao 001
0004807 pacote 266 removido de 004 na secao 001
0004808 pacote 257 removido de 004 na secao 001
0004809 pacote 230 removido de 004 na secao 001
0004810 pacote 228 removido de 004 na secao 001
0004811 pacote 227 removido de 004 na secao 001
0004812 pacote 221 removido de 004 na secao 001
0004813 pacote 207 removido de 004 na secao 001
0004814 pacote 205 removido de 004 na secao 001
0004815 pacote 196 removido de 004 na secao 001
0004816 pacote 177 removido de 004 na secao 001
0004817 pacote 174 removido de 004 na secao 001
0004818 pacote 172 removido de 004 na secao 001
0004819 pacote 390 removido de 004 na secao 001
0004820 pacote 381 removido de 004 na secao 001
0004821 pacote 380 removido de 004 na secao 001
0004822 pacote 365 removido de 004 na secao 001
0004823 pacote 148 removido de 004 na secao 001
0004823 pacote 148 em transito de 004 para 001
0004823 pacote 365 em transito de 004 para 001
0004823 pacote 380 rearmazenado em 004 na secao 001
0004823 pacote 381 rearmazenado em 004 na secao 001
0004823 pacote 390 rearmazenado em 004 na secao 001
0004823 pacote 172 rearmazenado em 004 na secao 001
0004823 pacote 174 rearmazenado em 004 na secao 001
0004823 pacote 177 rearmazenado em 004 na secao 001
0004823 pacote 196 rearmazenado em 004 na secao 001
0004823 pacote 205 rearmazenado em 004 na secao 001
0004823 pacote 207 rearmazenado em 004 na secao 001
0004823 pacote 221 rearmazenado em 004 na secao 001
0004823 pacote 227 rearmazenado em 004 na secao 001
0004823 pacote 228 rearmazenado em 004 na secao 001
0004823 pacote 230 rearmazenado em 004 na secao 001
0004823 pacote 257 rearmazenado em 004 na secao 001
0004823 pacote 266 rearmazenado em 004 na secao 001
0004823 pacote 288 rearmazenado em 004 na secao 001
0004823 pacote 292 rearmazenado em 004 na secao 001
0004823 pacote 297 rearmazenado em 004 na secao 001
0004823 pacote 300 rearmazenado em 004 na secao 001
0004823 pacote 344 entregue em 002
0004823 pacote 349 entregue em 003
0004833 pacote 364 armazenado em 000 na secao 002
0004833 pacote 379 armazenado em 000 na secao 002
0004834 pacote 308 armazenado em 004 na secao 001
0004834 pacote 315 entregue em 004
0004843 pacote 148 entregue em 001
0004843 pacote 255 armazenado em 004 na secao 000
0004843 pacote 256 armazenado em 004 na secao 000
0004843 pacote 365 armazenado em 001 na secao 003
0004903 pacote 379 removido de 000 na secao 002
0004904 pacote 364 removido de 000 na secao 002
0004904 pacote 364 em transito de 000 para 002
0004904 pacote 379 em transito de 000 para 002
0004903 pacote 394 removido de 000 na secao 004
0004904 pacote 384 removido de 000 na secao 004
0004905 pacote 377 removido de 000 na secao 004
0004906 pacote 366 removido de 000 na secao 004
0004907 pacote 357 removido de 000 na secao 004
0004908 pacote 356 removido de 000 na secao 004
0004909 pacote 355 removido de 000 na secao 004
0004910 pacote 352 removido de 000 na secao 004
0004911 pacote 347 removido de 000 na secao 004
0004912 pacote 325 removido de 000 na secao 004
0004912 pacote 325 em transito de 000 para 004
0004912 pacote 347 em transito de 000 para 004
0004912 pacote 352 rearmazenado em 000 na secao 004
0004912 pacote 355 rearmazenado em 000 na secao 004
0004912 pacote 356 rearmazenado em 000 na secao 004
0004912 pacote 357 rearmazenado em 000 na secao 004
0004912 pacote 366 rearmazenado em 000 na secao 004
0004912 pacote 377 rearmazenado em 000 na secao 004
0004912 pacote 384 rearmazenado em 000 na secao 004
0004912 pacote 394 rearmazenado em 000 na secao 004
0004903 pacote 365 removido de 001 na secao 003
0004903 pacote 365 em transito de 001 para 003
0004903 pacote 392 removido de 001 na secao 004
0004904 pacote 382 removido de 001 na secao 004
0004905 pacote 371 removido de 001 na secao 004
0004906 pacote 369 removido de 001 na secao 004
0004907 pacote 353 removido de 001 na secao 004
0004908 pacote 350 removido de 001 na secao 004
0004909 pacote 348 removido de 001 na secao 004
0004910 pacote 337 removido de 001 na secao 004
0004911 pacote 330 removido de 001 na secao 004
0004912 pacote 324 removido de 001 na secao 004
0004913 pacote 305 removido de 001 na secao 004
0004914 pacote 302 removido de 001 na secao 004
0004915 pacote 291 removido de 001 na secao 004
0004916 pacote 290 removido de 001 na secao 004
0004917 pacote 289 removido de 001 na secao 004
0004918 pacote 279 removido de 001 na secao 004
0004919 pacote 276 removido de 001 na secao 004
0004920 pacote 274 removido de 001 na secao 004
0004921 pacote 259 removido de 001 na secao 004
0004921 pacote 259 em transito de 001 para 004
0004921 pacote 274 em transito de 001 para 004
0004921 pacote 276 rearmazenado em 001 na secao 004
0004921 pacote 279 rearmazenado em 001 na secao 004
0004921 pacote 289 rearmazenado em 001 na secao 004
0004921 pacote 290 rearmazenado em 001 na secao 004
0004921 pacote 291 rearmazenado em 001 na secao 004
0004921 pacote 302 rearmazenado em 001 na secao 004
0004921 pacote 305 rearmazenado em 001 na secao 004
0004921 pacote 324 rearmazenado em 001 na secao 004
0004921 pacote 330 rearmazenado em 001 na secao 004
0004921 pacote 337 rearmazenado em 001 na secao 004
0004921 pacote 348 rearmazenado em 001 na secao 004
0004921 pacote 350 rearmazenado em 001 na secao 004
0004921 pacote 353 rearmazenado em 001 na secao 004
0004921 pacote 369 rearmazenado em 001 na secao 004
0004921 pacote 371 rearmazenado em 001 na secao 004
0004921 pacote 382 rearmazenado em 001 na secao 004
0004921 pacote 392 rearmazenado em 001 na secao 004
0004903 pacote 256 removido de 004 na secao 000
0004904 pacote 255 removido de 004 na secao 000
0004905 pacote 241 removido de 004 na secao 000
0004906 pacote 235 removido de 004 na secao 000
0004907 pacote 199 removido de 004 na secao 000
0004908 pacote 195 removido de 004 na secao 000
0004909 pacote 192 removido de 004 na secao 000
0004910 pacote 188 removido de 004 na secao 000
0004911 pacote 182 removido de 004 na secao 000
0004912 pacote 181 removido de 004 na secao 000
0004913 pacote 393 removido de 004 na secao 000
0004913 pacote 393 em transito de 004 para 000
0004913 pacote 181 em transito de 004 para 000
0004913 pacote 182 rearmazenado em 004 na secao 000
0004913 pacote 188 rearmazenado em 004 na secao 000
0004913 pacote 192 rearmazenado em 004 na secao 000
0004913 pacote 195 rearmazenado em 004 na secao 000
0004913 pacote 199 rearmazenado em 004 na secao 000
0004913 pacote 235 rearmazenado em 004 na secao 000
0004913 pacote 241 rearmazenado em 004 na secao 000
0004913 pacote 255 rearmazenado em 004 na secao 000
0004913 pacote 256 rearmazenado em 004 na secao 000
0004903 pacote 308 removido de 004 na secao 001
0004904 pacote 300 removido de 004 na secao 001
0004905 pacote 297 removido de 004 na secao 001
0004906 pacote 292 removido de 004 na secao 001
0004907 pacote 288 removido de 004 na secao 001
0004908 pacote 266 removido de 004 na secao 001
0004909 pacote 257 removido de 004 na secao 001
0004910 pacote 230 removido de 004 na secao 001
0004911 pacote 228 removido de 004 na secao 001
0004912 pacote 227 removido de 004 na secao 001
0004913 pacote 221 removido de 004 na secao 001
0004914 pacote 207 removido de 004 na secao 001
0004915 pacote 205 removido de 004 na secao 001
0004916 pacote 196 removido de 004 na secao 001
0004917 pacote 177 removido de 004 na secao 001
0004918 pacote 174 removido de 004 na secao 001
0004919 pacote 172 removido de 004 na secao 001
0004920 pacote 390 removido de 004 na secao 001
0004921 pacote 381 removido de 004 na secao 001
0004922 pacote 380 removido de 004 na secao 001
0004922 pacote 380 em transito de 004 para 001
0004922 pacote 381 em transito de 004 para 001
0004922 pacote 390 rearmazenado em 004 na secao 001
0004922 pacote 172 rearmazenado em 004 na secao 001
0004922 pacote 174 rearmazenado em 004 na secao 001
0004922 pacote 177 rearmazenado em 004 na secao 001
0004922 pacote 196 rearmazenado em 004 na secao 001
0004922 pacote 205 rearmazenado em 004 na secao 001
0004922 pacote 207 rearmazenado em 004 na secao 001
0004922 pacote 221 rearmazenado em 004 na secao 001
0004922 pacote 227 rearmazenado em 004 na secao 001
0004922 pacote 228 rearmazenado em 004 na secao 001
0004922 pacote 230 rearmazenado em 004 na secao 001
0004922 pacote 257 rearmazenado em 004 na secao 001
0004922 pacote 266 rearmazenado em 004 na secao 001
0004922 pacote 288 rearmazenado em 004 na secao 001
0004922 pacote 292 rearmazenado em 004 na secao 001
0004922 pacote 297 rearmazenado em 004 na secao 001
0004922 pacote 300 rearmazenado em 004 na secao 001
0004922 pacote 308 rearmazenado em 004 na secao 001
0004923 pacote 365 entregue em 003
0004924 pacote 364 entregue em 002
0004924 pacote 379 entregue em 002
0004932 pacote 325 armazenado em 004 na secao 001
0004932 pacote 347 entregue em 004
0004933 pacote 181 entregue em 000
0004933 pacote 393 entregue em 000
0004941 pacote 259 armazenado em 004 na secao 000
0004941 pacote 274 armazenado em 004 na secao 000
0004942 pacote 380 armazenado em 001 na secao 003
0004942 pacote 381 armazenado em 001 na secao 003
0005003 pacote 394 removido de 000 na secao 004
0005004 pacote 384 removido de 000 na secao 004
0005005 pacote 377 removido de 000 na secao 004
0005006 pacote 366 removido de 000 na secao 004
0005007 pacote 357 removido de 000 na secao 004
0005008 pacote 356 removido de 000 na secao 004
0005009 pacote 355 removido de 000 na secao 004
0005010 pacote 352 removido de 000 na secao 004
0005010 pacote 352 em transito de 000 para 004
0005010 pacote 355 em transito de 000 para 004
0005010 pacote 356 rearmazenado em 000 na secao 004
0005010 pacote 357 rearmazenado em 000 na secao 004
0005010 pacote 366 rearmazenado em 000 na secao 004
0005010 pacote 377 rearmazenado em 000 na secao 004
0005010 pacote 384 rearmazenado em 000 na secao 004
0005010 pacote 394 rearmazenado em 000 na secao 004
0005003 pacote 381 removido de 001 na secao 003
0005004 pacote 380 removido de 001 na secao 003
0005004 pacote 380 em transito de 001 para 003
0005004 pacote 381 em transito de 001 para 003
0005003 pacote 392 removido de 001 na secao 004
0005004 pacote 382 removido de 001 na secao 004
0005005 pacote 371 removido de 001 na secao 004
0005006 pacote 369 removido de 001 na secao 004
0005007 pacote 353 removido de 001 na secao 004
0005008 pacote 350 removido de 001 na secao 004
0005009 pacote 348 removido de 001 na secao 004
0005010 pacote 337 removido de 001 na secao 004
0005011 pacote 330 removido de 001 na secao 004
0005012 pacote 324 removido de 001 na secao 004
0005013 pacote 305 removido de 001 na secao 004
0005014 pacote 302 removido de 001 na secao 004
0005015 pacote 291 removido de 001 na secao 004
0005016 pacote 290 removido de 001 na secao 004
0005017 pacote 289 removido de 001 na secao 004
0005018 pacote 279 removido de 001 na secao 004
0005019 pacote 276 removido de 001 na secao 004
0005019 pacote 276 em transito de 001 para 004
0005019 pacote 279 em transito de 001 para 004
0005019 pacote 289 rearmazenado em 001 na secao 004
0005019 pacote 290 rearmazenado em 001 na secao 004
0005019 pacote 291 rearmazenado em 001 na secao 004
0005019 pacote 302 rearmazenado em 001 na secao 004
0005019 pacote 305 rearmazenado em 001 na secao 004
0005019 pacote 324 rearmazenado em 001 na secao 004
0005019 pacote 330 rearmazenado em 001 na secao 004
0005019 pacote 337 rearmazenado em 001 na secao 004
0005019 pacote 348 rearmazenado em 001 na secao 004
0005019 pacote 350 rearmazenado em 001 na secao 004
0005019 pacote 353 rearmazenado em 001 na secao 004
0005019 pacote 369 rearmazenado em 001 na secao 004
0005019 pacote 371 rearmazenado em 001 na secao 004
0005019 pacote 382 rearmazenado em 001 na secao 004
0005019 pacote 392 rearmazenado em 001 na secao 004
0005003 pacote 274 removido de 004 na secao 000
0005004 pacote 259 removido de 004 na secao 000
0005005 pacote 256 removido de 004 na secao 000
0005006 pacote 255 removido de 004 na secao 000
0005007 pacote 241 removido de 004 na secao 000
0005008 pacote 235 removido de 004 na secao 000
0005009 pacote 199 removido de 004 na secao 000
0005010 pacote 195 removido de 004 na secao 000
0005011 pacote 192 removido de 004 na secao 000
0005012 pacote 188 removido de 004 na secao 000
0005013 pacote 182 removido de 004 na secao 000
0005013 pacote 182 em transito de 004 para 000
0005013 pacote 188 em transito de 004 para 000
0005013 pacote 192 rearmazenado em 004 na secao 000
0005013 pacote 195 rearmazenado em 004 na secao 000
0005013 pacote 199 rearmazenado em 004 na secao 000
0005013 pacote 235 rearmazenado em 004 na secao 000
0005013 pacote 241 rearmazenado em 004 na secao 000
0005013 pacote 255 rearmazenado em 004 na secao 000
0005013 pacote 256 rearmazenado em 004 na secao 000
0005013 pacote 259 rearmazenado em 004 na secao 000
0005013 pacote 274 rearmazenado em 004 na secao 000
0005003 pacote 325 removido de 004 na secao 001
0005004 pacote 308 removido de 004 na secao 001
0005005 pacote 300 removido de 004 na secao 001
0005006 pacote 297 removido de 004 na secao 001
0005007 pacote 292 removido de 004 na secao 001
0005008 pacote 288 removido de 004 na secao 001
0005009 pacote 266 removido de 004 na secao 001
0005010 pacote 257 removido de 004 na secao 001
0005011 pacote 230 removido de 004 na secao 001
0005012 pacote 228 removido de 004 na secao 001
0005013 pacote 227 removido de 004 na secao 001
0005014 pacote 221 removido de 004 na secao 001
0005015 pacote 207 removido de 004 na secao 001
0005016 pacote 205 removido de 004 na secao 001
0005017 pacote 196 removido de 004 na secao 001
0005018 pacote 177 removido de 004 na secao 001
0005019 pacote 174 removido de 004 na secao 001
0005020 pacote 172 removido de 004 na secao 001
0005021 pacote 390 removido de 004 na secao 001
0005021 pacote 390 em transito de 004 para 001
0005021 pacote 172 em transito de 004 para 001
0005021 pacote 174 rearmazenado em 004 na secao 001
0005021 pacote 177 rearmazenado em 004 na secao 001
0005021 pacote 196 rearmazenado em 004 na secao 001
0005021 pacote 205 rearmazenado em 004 na secao 001
0005021 pacote 207 rearmazenado em 004 na secao 001
0005021 pacote 221 rearmazenado em 004 na secao 001
0005021 pacote 227 rearmazenado em 004 na secao 001
0005021 pacote 228 rearmazenado em 004 na secao 001
0005021 pacote 230 rearmazenado em 004 na secao 001
0005021 pacote 257 rearmazenado em 004 na secao 001
0005021 pacote 266 rearmazenado em 004 na secao 001
0005021 pacote 288 rearmazenado em 004 na secao 001
0005021 pacote 292 rearmazenado em 004 na secao 001
0005021 pacote 297 rearmazenado em 004 na secao 001
0005021 pacote 300 rearmazenado em 004 na secao 001
0005021 pacote 308 rearmazenado em 004 na secao 001
0005021 pacote 325 rearmazenado em 004 na secao 001
0005024 pacote 380 entregue em 003
0005024 pacote 381 entregue em 003
0005030 pacote 352 armazenado em 004 na secao 001
0005030 pacote 355 armazenado em 004 na secao 001
0005033 pacote 182 entregue em 000
0005033 pacote 188 entregue em 000
0005039 pacote 276 armazenado em 004 na secao 000
0005039 pacote 279 armazenado em 004 na secao 000
0005041 pacote 172 entregue em 001
0005041 pacote 390 entregue em 001
0005103 pacote 394 removido de 000 na secao 004
0005104 pacote 384 removido de 000 na secao 004
0005105 pacote 377 removido de 000 na secao 004
0005106 pacote 366 removido de 000 na secao 004
0005107 pacote 357 removido de 000 na secao 004
0005108 pacote 356 removido de 000 na secao 004
0005108 pacote 356 em transito de 000 para 004
0005108 pacote 357 em transito de 000 para 004
0005108 pacote 366 rearmazenado em 000 na secao 004
0005108 pacote 377 rearmazenado em 000 na secao 004
0005108 pacote 384 rearmazenado em 000 na secao 004
0005108 pacote 394 rearmazenado em 000 na secao 004
0005103 pacote 392 removido de 001 na secao 004
0005104 pacote 382 removido de 001 na secao 004
0005105 pacote 371 removido de 001 na secao 004
0005106 pacote 369 removido de 001 na secao 004
0005107 pacote 353 removido de 001 na secao 004
0005108 pacote 350 removido de 001 na secao 004
0005109 pacote 348 removido de 001 na secao 004
0005110 pacote 337 removido de 001 na secao 004
0005111 pacote 330 removido de 001 na secao 004
0005112 pacote 324 removido de 001 na secao 004
0005113 pacote 305 removido de 001 na secao 004
0005114 pacote 302 removido de 001 na secao 004
0005115 pacote 291 removido de 001 na secao 004
0005116 pacote 290 removido de 001 na secao 004
0005117 pacote 289 removido de 001 na secao 004
0005117 pacote 289 em transito de 001 para 004
0005117 pacote 290 em transito de 001 para 004
0005117 pacote 291 rearmazenado em 001 na secao 004
0005117 pacote 302 rearmazenado em 001 na secao 004
0005117 pacote 305 rearmazenado em 001 na secao 004
0005117 pacote 324 rearmazenado em 001 na secao 004
0005117 pacote 330 rearmazenado em 001 na secao 004
0005117 pacote 337 rearmazenado em 001 na secao 004
0005117 pacote 348 rearmazenado em 001 na secao 004
0005117 pacote 350 rearmazenado em 001 na secao 004
0005117 pacote 353 rearmazenado em 001 na secao 004
0005117 pacote 369 rearmazenado em 001 na secao 004
0005117 pacote 371 rearmazenado em 001 na secao 004
0005117 pacote 382 rearmazenado em 001 na secao 004
0005117 pacote 392 rearmazenado em 001 na secao 004
0005103 pacote 279 removido de 004 na secao 000
0005104 pacote 276 removido de 004 na secao 000
0005105 pacote 274 removido de 004 na secao 000
0005106 pacote 259 removido de 004 na secao 000
0005107 pacote 256 removido de 004 na secao 000
0005108 pacote 255 removido de 004 na secao 000
0005109 pacote 241 removido de 004 na secao 000
0005110 pacote 235 removido de 004 na secao 000
0005111 pacote 199 removido de 004 na secao 000
0005112 pacote 195 removido de 004 na secao 000
0005113 pacote 192 removido de 004 na secao 000
0005113 pacote 192 em transito de 004 para 000
0005113 pacote 195 em transito de 004 para 000
0005113 pacote 199 rearmazenado em 004 na secao 000
0005113 pacote 235 rearmazenado em 004 na secao 000
0005113 pacote 241 rearmazenado em 004 na secao 000
0005113 pacote 255 rearmazenado em 004 na secao 000
0005113 pacote 256 rearmazenado em 004 na secao 000
0005113 pacote 259 rearmazenado em 004 na secao 000
0005113 pacote 274 rearmazenado em 004 na secao 000
0005113 pacote 276 rearmazenado em 004 na secao 000
0005113 pacote 279 rearmazenado em 004 na secao 000
0005103 pacote 355 removido de 004 na secao 001
0005104 pacote 352 removido de 004 na secao 001
0005105 pacote 325 removido de 004 na secao 001
0005106 pacote 308 removido de 004 na secao 001
0005107 pacote 300 removido de 004 na secao 001
0005108 pacote 297 removido de 004 na secao 001
0005109 pacote 292 removido de 004 na secao 001
0005110 pacote 288 removido de 004 na secao 001
0005111 pacote 266 removido de 004 na secao 001
0005112 pacote 257 removido de 004 na secao 001
0005113 pacote 230 removido de 004 na secao 001
0005114 pacote 228 removido de 004 na secao 001
0005115 pacote 227 removido de 004 na secao 001
0005116 pacote 221 removido de 004 na secao 001
0005117 pacote 207 removido de 004 na secao 001
0005118 pacote 205 removido de 004 na secao 001
0005119 pacote 196 removido de 004 na secao 001
0005120 pacote 177 removido de 004 na secao 001
0005121 pacote 174 removido de 004 na secao 001
0005121 pacote 174 em transito de 004 para 001
0005121 pacote 177 em transito de 004 para 001
0005121 pacote 196 rearmazenado em 004 na secao 001
0005121 pacote 205 rearmazenado em 004 na secao 001
0005121 pacote 207 rearmazenado em 004 na secao 001
0005121 pacote 221 rearmazenado em 004 na secao 001
0005121 pacote 227 rearmazenado em 004 na secao 001
0005121 pacote 228 rearmazenado em 004 na secao 001
0005121 pacote 230 rearmazenado em 004 na secao 001
0005121 pacote 257 rearmazenado em 004 na secao 001
0005121 pacote 266 rearmazenado em 004 na secao 001
0005121 pacote 288 rearmazenado em 004 na secao 001
0005121 pacote 292 rearmazenado em 004 na secao 001
0005121 pacote 297 rearmazenado em 004 na secao 001
0005121 pacote 300 rearmazenado em 004 na secao 001
0005121 pacote 308 rearmazenado em 004 na secao 001
0005121 pacote 325 rearmazenado em 004 na secao 001
0005121 pacote 352 rearmazenado em 004 na secao 001
0005121 pacote 355 rearmazenado em 004 na secao 001
0005128 pacote 356 entregue em 004
0005128 pacote 357 armazenado em 004 na secao 001
0005133 pacote 192 armazenado em 000 na secao 002
0005133 pacote 195 armazenado em 000 na secao 002
0005137 pacote 289 entregue em 004
0005137 pacote 290 armazenado em 004 na secao 000
0005141 pacote 174 armazenado em 001 na secao 003
0005141 pacote 177 entregue em 001
0005203 pacote 195 removido de 000 na secao 002
0005204 pacote 192 removido de 000 na secao 002
0005204 pacote 192 em transito de 000 para 002
0005204 pacote 195 em transito de 000 para 002
0005203 pacote 394 removido de 000 na secao 004
0005204 pacote 384 removido de 000 na secao 004
0005205 pacote 377 removido de 000 na secao 004
0005206 pacote 366 removido de 000 na secao 004
0005206 pacote 366 em transito de 000 para 004
0005206 pacote 377 em transito de 000 para 004
0005206 pacote 384 rearmazenado em 000 na secao 004
0005206 pacote 394 rearmazenado em 000 na secao 004
0005203 pacote 174 removido de 001 na secao 003
0005203 pacote 174 em transito de 001 para 003
0005203 pacote 392 removido de 001 na secao 004
0005204 pacote 382 removido de 001 na secao 004
0005205 pacote 371 removido de 001 na secao 004
0005206 pacote 369 removido de 001 na secao 004
0005207 pacote 353 removido de 001 na secao 004
0005208 pacote 350 removido de 001 na secao 004
0005209 pacote 348 removido de 001 na secao 004
0005210 pacote 337 removido de 001 na secao 004
0005211 pacote 330 removido de 001 na secao 004
0005212 pacote 324 removido de 001 na secao 004
0005213 pacote 305 removido de 001 na secao 004
0005214 pacote 302 removido de 001 na secao 004
0005215 pacote 291 removido de 001 na secao 004
0005215 pacote 291 em transito de 001 para 004
0005215 pacote 302 em transito de 001 para 004
0005215 pacote 305 rearmazenado em 001 na secao 004
0005215 pacote 324 rearmazenado em 001 na secao 004
0005215 pacote 330 rearmazenado em 001 na secao 004
0005215 pacote 337 rearmazenado em 001 na secao 004
0005215 pacote 348 rearmazenado em 001 na secao 004
0005215 pacote 350 rearmazenado em 001 na secao 004
0005215 pacote 353 rearmazenado em 001 na secao 004
0005215 pacote 369 rearmazenado em 001 na secao 004
0005215 pacote 371 rearmazenado em 001 na secao 004
0005215 pacote 382 rearmazenado em 001 na secao 004
0005215 pacote 392 rearmazenado em 001 na secao 004
0005203 pacote 290 removido de 004 na secao 000
0005204 pacote 279 removido de 004 na secao 000
0005205 pacote 276 removido de 004 na secao 000
0005206 pacote 274 removido de 004 na secao 000
0005207 pacote 259 removido de 004 na secao 000
0005208 pacote 256 removido de 004 na secao 000
0005209 pacote 255 removido de 004 na secao 000
0005210 pacote 241 removido de 004 na secao 000
0005211 pacote 235 removido de 004 na secao 000
0005212 pacote 199 removido de 004 na secao 000
0005212 pacote 199 em transito de 004 para 000
0005212 pacote 235 em transito de 004 para 000
0005212 pacote 241 rearmazenado em 004 na secao 000
0005212 pacote 255 rearmazenado em 004 na secao 000
0005212 pacote 256 rearmazenado em 004 na secao 000
0005212 pacote 259 rearmazenado em 004 na secao 000
0005212 pacote 274 rearmazenado em 004 na secao 000
0005212 pacote 276 rearmazenado em 004 na secao 000
0005212 pacote 279 rearmazenado em 004 na secao 000
0005212 pacote 290 rearmazenado em 004 na secao 000
0005203 pacote 357 removido de 004 na secao 001
0005204 pacote 355 removido de 004 na secao 001
0005205 pacote 352 removido de 004 na secao 001
0005206 pacote 325 removido de 004 na secao 001
0005207 pacote 308 removido de 004 na secao 001
0005208 pacote 300 removido de 004 na secao 001
0005209 pacote 297 removido de 004 na secao 001
0005210 pacote 292 removido de 004 na secao 001
0005211 pacote 288 removido de 004 na secao 001
0005212 pacote 266 removido de 004 na secao 001
0005213 pacote 257 removido de 004 na secao 001
0005214 pacote 230 removido de 004 na secao 001
0005215 pacote 228 removido de 004 na secao 001
0005216 pacote 227 removido de 004 na secao 001
0005217 pacote 221 removido de 004 na secao 001
0005218 pacote 207 removido de 004 na secao 001
0005219 pacote 205 removido de 004 na secao 001
0005220 pacote 196 removido de 004 na secao 001
0005220 pacote 196 em transito de 004 para 001
0005220 pacote 205 em transito de 004 para 001
0005220 pacote 207 rearmazenado em 004 na secao 001
0005220 pacote 221 rearmazenado em 004 na secao 001
0005220 pacote 227 rearmazenado em 004 na secao 001
0005220 pacote 228 rearmazenado em 004 na secao 001
0005220 pacote 230 rearmazenado em 004 na secao 001
0005220 pacote 257 rearmazenado em 004 na secao 001
0005220 pacote 266 rearmazenado em 004 na secao 001
0005220 pacote 288 rearmazenado em 004 na secao 001
0005220 pacote 292 rearmazenado em 004 na secao 001
0005220 pacote 297 rearmazenado em 004 na secao 001
0005220 pacote 300 rearmazenado em 004 na secao 001
0005220 pacote 308 rearmazenado em 004 na secao 001
0005220 pacote 325 rearmazenado em 004 na secao 001
0005220 pacote 352 rearmazenado em 004 na secao 001
0005220 pacote 355 rearmazenado em 004 na secao 001
0005220 pacote 357 rearmazenado em 004 na secao 001
0005223 pacote 174 entregue em 003
0005224 pacote 192 entregue em 002
0005224 pacote 195 entregue em 002
0005226 pacote 366 armazenado em 004 na secao 001
0005226 pacote 377 armazenado em 004 na secao 001
0005232 pacote 199 armazenado em 000 na secao 002
0005232 pacote 235 armazenado em 000 na secao 002
0005235 pacote 291 entregue em 004
0005235 pacote 302 armazenado em 004 na secao 000
0005240 pacote 196 armazenado em 001 na secao 003
0005240 pacote 205 armazenado em 001 na secao 003
0005303 pacote 235 removido de 000 na secao 002
0005304 pacote 199 removido de 000 na secao 002
0005304 pacote 199 em transito de 000 para 002
0005304 pacote 235 em transito de 000 para 002
0005303 pacote 394 removido de 000 na secao 004
0005304 pacote 384 removido de 000 na secao 004
0005304 pacote 384 em transito de 000 para 004
0005304 pacote 394 em transito de 000 para 004
0005303 pacote 205 removido de 001 na secao 003
0005304 pacote 196 removido de 001 na secao 003
0005304 pacote 196 em transito de 001 para 003
0005304 pacote 205 em transito de 001 para 003
0005303 pacote 392 removido de 001 na secao 004
0005304 pacote 382 removido de 001 na secao 004
0005305 pacote 371 removido de 001 na secao 004
0005306 pacote 369 removido de 001 na secao 004
0005307 pacote 353 removido de 001 na secao 004
0005308 pacote 350 removido de 001 na secao 004
0005309 pacote 348 removido de 001 na secao 004
0005310 pacote 337 removido de 001 na secao 004
0005311 pacote 330 removido de 001 na secao 004
0005312 pacote 324 removido de 001 na secao 004
0005313 pacote 305 removido de 001 na secao 004
0005313 pacote 305 em transito de 001 para 004
0005313 pacote 324 em transito de 001 para 004
0005313 pacote 330 rearmazenado em 001 na secao 004
0005313 pacote 337 rearmazenado em 001 na secao 004
0005313 pacote 348 rearmazenado em 001 na secao 004
0005313 pacote 350 rearmazenado em 001 na secao 004
0005313 pacote 353 rearmazenado em 001 na secao 004
0005313 pacote 369 rearmazenado em 001 na secao 004
0005313 pacote 371 rearmazenado em 001 na secao 004
0005313 pacote 382 rearmazenado em 001 na secao 004
0005313 pacote 392 rearmazenado em 001 na secao 004
0005303 pacote 302 removido de 004 na secao 000
0005304 pacote 290 removido de 004 na secao 000
0005305 pacote 279 removido de 004 na secao 000
0005306 pacote 276 removido de 004 na secao 000
0005307 pacote 274 removido de 004 na secao 000
0005308 pacote 259 removido de 004 na secao 000
0005309 pacote 256 removido de 004 na secao 000
0005310 pacote 255 removido de 004 na secao 000
0005311 pacote 241 removido de 004 na secao 000
0005311 pacote 241 em transito de 004 para 000
0005311 pacote 255 em transito de 004 para 000
0005311 pacote 256 rearmazenado em 004 na secao 000
0005311 pacote 259 rearmazenado em 004 na secao 000
0005311 pacote 274 rearmazenado em 004 na secao 000
0005311 pacote 276 rearmazenado em 004 na secao 000
0005311 pacote 279 rearmazenado em 004 na secao 000
0005311 pacote 290 rearmazenado em 004 na secao 000
0005311 pacote 302 rearmazenado em 004 na secao 000
0005303 pacote 377 removido de 004 na secao 001
0005304 pacote 366 removido de 004 na secao 001
0005305 pacote 357 removido de 004 na secao 001
0005306 pacote 355 removido de 004 na secao 001
0005307 pacote 352 removido de 004 na secao 001
0005308 pacote 325 removido de 004 na secao 001
0005309 pacote 308 removido de 004 na secao 001
0005310 pacote 300 removido de 004 na secao 001
0005311 pacote 297 removido de 004 na secao 001
0005312 pacote 292 removido de 004 na secao 001
0005313 pacote 288 removido de 004 na secao 001
0005314 pacote 266 removido de 004 na secao 001
0005315 pacote 257 removido de 004 na secao 001
0005316 pacote 230 removido de 004 na secao 001
0005317 pacote 228 removido de 004 na secao 001
0005318 pacote 227 removido de 004 na secao 001
0005319 pacote 221 removido de 004 na secao 001
0005320 pacote 207 removido de 004 na secao 001
0005320 pacote 207 em transito de 004 para 001
0005320 pacote 221 em transito de 004 para 001
0005320 pacote 227 rearmazenado em 004 na secao 001
0005320 pacote 228 rearmazenado em 004 na secao 001
0005320 pacote 230 rearmazenado em 004 na secao 001
0005320 pacote 257 rearmazenado em 004 na secao 001
0005320 pacote 266 rearmazenado em 004 na secao 001
0005320 pacote 288 rearmazenado em 004 na secao 001
0005320 pacote 292 rearmazenado em 004 na secao 001
0005320 pacote 297 rearmazenado em 004 na secao 001
0005320 pacote 300 rearmazenado em 004 na secao 001
0005320 pacote 308 rearmazenado em 004 na secao 001
0005320 pacote 325 rearmazenado em 004 na secao 001
0005320 pacote 352 rearmazenado em 004 na secao 001
0005320 pacote 355 rearmazenado em 004 na secao 001
0005320 pacote 357 rearmazenado em 004 na secao 001
0005320 pacote 366 rearmazenado em 004 na secao 001
0005320 pacote 377 rearmazenado em 004 na secao 001
0005324 pacote 196 entregue em 003
0005324 pacote 199 entregue em 002
0005324 pacote 205 entregue em 003
0005324 pacote 235 entregue em 002
0005324 pacote 384 armazenado em 004 na secao 001
0005324 pacote 394 armazenado em 004 na secao 001
0005331 pacote 241 entregue em 000
0005331 pacote 255 entregue em 000
0005333 pacote 305 armazenado em 004 na secao 000
0005333 pacote 324 entregue em 004
0005340 pacote 207 armazenado em 001 na secao 003
0005340 pacote 221 entregue em 001
0005403 pacote 207 removido de 001 na secao 003
0005403 pacote 207 em transito de 001 para 003
0005403 pacote 392 removido de 001 na secao 004
0005404 pacote 382 removido de 001 na secao 004
0005405 pacote 371 removido de 001 na secao 004
0005406 pacote 369 removido de 001 na secao 004
0005407 pacote 353 removido de 001 na secao 004
0005408 pacote 350 removido de 001 na secao 004
0005409 pacote 348 removido de 001 na secao 004
0005410 pacote 337 removido de 001 na secao 004
0005411 pacote 330 removido de 001 na secao 004
0005411 pacote 330 em transito de 001 para 004
0005411 pacote 337 em transito de 001 para 004
0005411 pacote 348 rearmazenado em 001 na secao 004
0005411 pacote 350 rearmazenado em 001 na secao 004
0005411 pacote 353 rearmazenado em 001 na secao 004
0005411 pacote 369 rearmazenado em 001 na secao 004
0005411 pacote 371 rearmazenado em 001 na secao 004
0005411 pacote 382 rearmazenado em 001 na secao 004
0005411 pacote 392 rearmazenado em 001 na secao 004
0005403 pacote 305 removido de 004 na secao 000
0005404 pacote 302 removido de 004 na secao 000
0005405 pacote 290 removido de 004 na secao 000
0005406 pacote 279 removido de 004 na secao 000
0005407 pacote 276 removido de 004 na secao 000
0005408 pacote 274 removido de 004 na secao 000
0005409 pacote 259 removido de 004 na secao 000
0005410 pacote 256 removido de 004 na secao 000
0005410 pacote 256 em transito de 004 para 000
0005410 pacote 259 em transito de 004 para 000
0005410 pacote 274 rearmazenado em 004 na secao 000
0005410 pacote 276 rearmazenado em 004 na secao 000
0005410 pacote 279 rearmazenado em 004 na secao 000
0005410 pacote 290 rearmazenado em 004 na secao 000
0005410 pacote 302 rearmazenado em 004 na secao 000
0005410 pacote 305 rearmazenado em 004 na secao 000
0005403 pacote 394 removido de 004 na secao 001
0005404 pacote 384 removido de 004 na secao 001
0005405 pacote 377 removido de 004 na secao 001
0005406 pacote 366 removido de 004 na secao 001
0005407 pacote 357 removido de 004 na secao 001
0005408 pacote 355 removido de 004 na secao 001
0005409 pacote 352 removido de 004 na secao 001
0005410 pacote 325 removido de 004 na secao 001
0005411 pacote 308 removido de 004 na secao 001
0005412 pacote 300 removido de 004 na secao 001
0005413 pacote 297 removido de 004 na secao 001
0005414 pacote 292 removido de 004 na secao 001
0005415 pacote 288 removido de 004 na secao 001
0005416 pacote 266 removido de 004 na secao 001
0005417 pacote 257 removido de 004 na secao 001
0005418 pacote 230 removido de 004 na secao 001
0005419 pacote 228 removido de 004 na secao 001
0005420 pacote 227 removido de 004 na secao 001
0005420 pacote 227 em transito de 004 para 001
0005420 pacote 228 em transito de 004 para 001
0005420 pacote 230 rearmazenado em 004 na secao 001
0005420 pacote 257 rearmazenado em 004 na secao 001
0005420 pacote 266 rearmazenado em 004 na secao 001
0005420 pacote 288 rearmazenado em 004 na secao 001
0005420 pacote 292 rearmazenado em 004 na secao 001
0005420 pacote 297 rearmazenado em 004 na secao 001
0005420 pacote 300 rearmazenado em 004 na secao 001
0005420 pacote 308 rearmazenado em 004 na secao 001
0005420 pacote 325 rearmazenado em 004 na secao 001
0005420 pacote 352 rearmazenado em 004 na secao 001
0005420 pacote 355 rearmazenado em 004 na secao 001
0005420 pacote 357 rearmazenado em 004 na secao 001
0005420 pacote 366 rearmazenado em 004 na secao 001
0005420 pacote 377 rearmazenado em 004 na secao 001
0005420 pacote 384 rearmazenado em 004 na secao 001
0005420 pacote 394 rearmazenado em 004 na secao 001
0005423 pacote 207 entregue em 003
0005430 pacote 256 armazenado em 000 na secao 002
0005430 pacote 259 entregue em 000
0005431 pacote 330 armazenado em 004 na secao 000
0005431 pacote 337 armazenado em 004 na secao 000
0005440 pacote 227 entregue em 001
0005440 pacote 228 entregue em 001
0005503 pacote 256 removido de 000 na secao 002
0005503 pacote 256 em transito de 000 para 002
0005503 pacote 392 removido de 001 na secao 004
0005504 pacote 382 removido de 001 na secao 004
0005505 pacote 371 removido de 001 na secao 004
0005506 pacote 369 removido de 001 na secao 004
0005507 pacote 353 removido de 001 na secao 004
0005508 pacote 350 removido de 001 na secao 004
0005509 pacote 348 removido de 001 na secao 004
0005509 pacote 348 em transito de 001 para 004
0005509 pacote 350 em transito de 001 para 004
0005509 pacote 353 rearmazenado em 001 na secao 004
0005509 pacote 369 rearmazenado em 001 na secao 004
0005509 pacote 371 rearmazenado em 001 na secao 004
0005509 pacote 382 rearmazenado em 001 na secao 004
0005509 pacote 392 rearmazenado em 001 na secao 004
0005503 pacote 337 removido de 004 na secao 000
0005504 pacote 330 removido de 004 na secao 000
0005505 pacote 305 removido de 004 na secao 000
0005506 pacote 302 removido de 004 na secao 000
0005507 pacote 290 removido de 004 na secao 000
0005508 pacote 279 removido de 004 na secao 000
0005509 pacote 276 removido de 004 na secao 000
0005510 pacote 274 removido de 004 na secao 000
0005510 pacote 274 em transito de 004 para 000
0005510 pacote 276 em transito de 004 para 000
0005510 pacote 279 rearmazenado em 004 na secao 000
0005510 pacote 290 rearmazenado em 004 na secao 000
0005510 pacote 302 rearmazenado em 004 na secao 000
0005510 pacote 305 rearmazenado em 004 na secao 000
0005510 pacote 330 rearmazenado em 004 na secao 000
0005510 pacote 337 rearmazenado em 004 na secao 000
0005503 pacote 394 removido de 004 na secao 001
0005504 pacote 384 removido de 004 na secao 001
0005505 pacote 377 removido de 004 na secao 001
0005506 pacote 366 removido de 004 na secao 001
0005507 pacote 357 removido de 004 na secao 001
0005508 pacote 355 removido de 004 na secao 001
0005509 pacote 352 removido de 004 na secao 001
0005510 pacote 325 removido de 004 na secao 001
0005511 pacote 308 removido de 004 na secao 001
0005512 pacote 300 removido de 004 na secao 001
0005513 pacote 297 removido de 004 na secao 001
0005514 pacote 292 removido de 004 na secao 001
0005515 pacote 288 removido de 004 na secao 001
0005516 pacote 266 removido de 004 na secao 001
0005517 pacote 257 removido de 004 na secao 001
0005518 pacote 230 removido de 004 na secao 001
0005518 pacote 230 em transito de 004 para 001
0005518 pacote 257 em transito de 004 para 001
0005518 pacote 266 rearmazenado em 004 na secao 001
0005518 pacote 288 rearmazenado em 004 na secao 001
0005518 pacote 292 rearmazenado em 004 na secao 001
0005518 pacote 297 rearmazenado em 004 na secao 001
0005518 pacote 300 rearmazenado em 004 na secao 001
0005518 pacote 308 rearmazenado em 004 na secao 001
0005518 pacote 325 rearmazenado em 004 na secao 001
0005518 pacote 352 rearmazenado em 004 na secao 001
0005518 pacote 355 rearmazenado em 004 na secao 001
0005518 pacote 357 rearmazenado em 004 na secao 001
0005518 pacote 366 rearmazenado em 004 na secao 001
0005518 pacote 377 rearmazenado em 004 na secao 001
0005518 pacote 384 rearmazenado em 004 na secao 001
0005518 pacote 394 rearmazenado em 004 na secao 001
0005523 pacote 256 entregue em 002
0005529 pacote 348 armazenado em 004 na secao 000
0005529 pacote 350 armazenado em 004 na secao 000
0005530 pacote 274 armazenado em 000 na secao 002
0005530 pacote 276 armazenado em 000 na secao 002
0005538 pacote 230 entregue em 001
0005538 pacote 257 entregue em 001
0005603 pacote 276 removido de 000 na secao 002
0005604 pacote 274 removido de 000 na secao 002
0005604 pacote 274 em transito de 000 para 002
0005604 pacote 276 em transito de 000 para 002
0005603 pacote 392 removido de 001 na secao 004
0005604 pacote 382 removido de 001 na secao 004
0005605 pacote 371 removido de 001 na secao 004
0005606 pacote 369 removido de 001 na secao 004
0005607 pacote 353 removido de 001 na secao 004
0005607 pacote 353 em transito de 001 para 004
0005607 pacote 369 em transito de 001 para 004
0005607 pacote 371 rearmazenado em 001 na secao 004
0005607 pacote 382 rearmazenado em 001 na secao 004
0005607 pacote 392 rearmazenado em 001 na secao 004
0005603 pacote 350 removido de 004 na secao 000
0005604 pacote 348 removido de 004 na secao 000
0005605 pacote 337 removido de 004 na secao 000
0005606 pacote 330 removido de 004 na secao 000
0005607 pacote 305 removido de 004 na secao 000
0005608 pacote 302 removido de 004 na secao 000
0005609 pacote 290 removido de 004 na secao 000
0005610 pacote 279 removido de 004 na secao 000
0005610 pacote 279 em transito de 004 para 000
0005610 pacote 290 em transito de 004 para 000
0005610 pacote 302 rearmazenado em 004 na secao 000
0005610 pacote 305 rearmazenado em 004 na secao 000
0005610 pacote 330 rearmazenado em 004 na secao 000
0005610 pacote 337 rearmazenado em 004 na secao 000
0005610 pacote 348 rearmazenado em 004 na secao 000
0005610 pacote 350 rearmazenado em 004 na secao 000
0005603 pacote 394 removido de 004 na secao 001
0005604 pacote 384 removido de 004 na secao 001
0005605 pacote 377 removido de 004 na secao 001
0005606 pacote 366 removido de 004 na secao 001
0005607 pacote 357 removido de 004 na secao 001
0005608 pacote 355 removido de 004 na secao 001
0005609 pacote 352 removido de 004 na secao 001
0005610 pacote 325 removido de 004 na secao 001
0005611 pacote 308 removido de 004 na secao 001
0005612 pacote 300 removido de 004 na secao 001
0005613 pacote 297 removido de 004 na secao 001
0005614 pacote 292 removido de 004 na secao 001
0005615 pacote 288 removido de 004 na secao 001
0005616 pacote 266 removido de 004 na secao 001
0005616 pacote 266 em transito de 004 para 001
0005616 pacote 288 em transito de 004 para 001
0005616 pacote 292 rearmazenado em 004 na secao 001
0005616 pacote 297 rearmazenado em 004 na secao 001
0005616 pacote 300 rearmazenado em 004 na secao 001
0005616 pacote 308 rearmazenado em 004 na secao 001
0005616 pacote 325 rearmazenado em 004 na secao 001
0005616 pacote 352 rearmazenado em 004 na secao 001
0005616 pacote 355 rearmazenado em 004 na secao 001
0005616 pacote 357 rearmazenado em 004 na secao 001
0005616 pacote 366 rearmazenado em 004 na secao 001
0005616 pacote 377 rearmazenado em 004 na secao 001
0005616 pacote 384 rearmazenado em 004 na secao 001
0005616 pacote 394 rearmazenado em 004 na secao 001
0005624 pacote 274 entregue em 002
0005624 pacote 276 entregue em 002
0005627 pacote 353 armazenado em 004 na secao 000
0005627 pacote 369 entregue em 004
0005630 pacote 279 armazenado em 000 na secao 002
0005630 pacote 290 armazenado em 000 na secao 002
0005636 pacote 266 entregue em 001
0005636 pacote 288 entregue em 001
0005703 pacote 290 removido de 000 na secao 002
0005704 pacote 279 removido de 000 na secao 002
0005704 pacote 279 em transito de 000 para 002
0005704 pacote 290 em transito de 000 para 002
0005703 pacote 392 removido de 001 na secao 004
0005704 pacote 382 removido de 001 na secao 004
0005705 pacote 371 removido de 001 na secao 004
0005705 pacote 371 em transito de 001 para 004
0005705 pacote 382 em transito de 001 para 004
0005705 pacote 392 rearmazenado em 001 na secao 004
0005703 pacote 353 removido de 004 na secao 000
0005704 pacote 350 removido de 004 na secao 000
0005705 pacote 348 removido de 004 na secao 000
0005706 pacote 337 removido de 004 na secao 000
0005707 pacote 330 removido de 004 na secao 000
0005708 pacote 305 removido de 004 na secao 000
0005709 pacote 302 removido de 004 na secao 000
0005709 pacote 302 em transito de 004 para 000
0005709 pacote 305 em transito de 004 para 000
0005709 pacote 330 rearmazenado em 004 na secao 000
0005709 pacote 337 rearmazenado em 004 na secao 000
0005709 pacote 348 rearmazenado em 004 na secao 000
0005709 pacote 350 rearmazenado em 004 na secao 000
0005709 pacote 353 rearmazenado em 004 na secao 000
0005703 pacote 394 removido de 004 na secao 001
0005704 pacote 384 removido de 004 na secao 001
0005705 pacote 377 removido de 004 na secao 001
0005706 pacote 366 removido de 004 na secao 001
0005707 pacote 357 removido de 004 na secao 001
0005708 pacote 355 removido de 004 na secao 001
0005709 pacote 352 removido de 004 na secao 001
0005710 pacote 325 removido de 004 na secao 001
0005711 pacote 308 removido de 004 na secao 001
0005712 pacote 300 removido de 004 na secao 001
0005713 pacote 297 removido de 004 na secao 001
0005714 pacote 292 removido de 004 na secao 001
0005714 pacote 292 em transito de 004 para 001
0005714 pacote 297 em transito de 004 para 001
0005714 pacote 300 rearmazenado em 004 na secao 001
0005714 pacote 308 rearmazenado em 004 na secao 001
0005714 pacote 325 rearmazenado em 004 na secao 001
0005714 pacote 352 rearmazenado em 004 na secao 001
0005714 pacote 355 rearmazenado em 004 na secao 001
0005714 pacote 357 rearmazenado em 004 na secao 001
0005714 pacote 366 rearmazenado em 004 na secao 001
0005714 pacote 377 rearmazenado em 004 na secao 001
0005714 pacote 384 rearmazenado em 004 na secao 001
0005714 pacote 394 rearmazenado em 004 na secao 001
0005724 pacote 279 entregue em 002
0005724 pacote 290 entregue em 002
0005725 pacote 371 entregue em 004
0005725 pacote 382 armazenado em 004 na secao 000
0005729 pacote 302 armazenado em 000 na secao 002
0005729 pacote 305 armazenado em 000 na secao 002
0005734 pacote 292 entregue em 001
0005734 pacote 297 armazenado em 001 na secao 003
0005803 pacote 305 removido de 000 na secao 002
0005804 pacote 302 removido de 000 na secao 002
0005804 pacote 302 em transito de 000 para 002
0005804 pacote 305 em transito de 000 para 002
0005803 pacote 297 removido de 001 na secao 003
0005803 pacote 297 em transito de 001 para 003
0005803 pacote 392 removido de 001 na secao 004
0005803 pacote 392 em transito de 001 para 004
0005803 pacote 382 removido de 004 na secao 000
0005804 pacote 353 removido de 004 na secao 000
0005805 pacote 350 removido de 004 na secao 000
0005806 pacote 348 removido de 004 na secao 000
0005807 pacote 337 removido de 004 na secao 000
0005808 pacote 330 removido de 004 na secao 000
0005808 pacote 330 em transito de 004 para 000
0005808 pacote 337 em transito de 004 para 000
0005808 pacote 348 rearmazenado em 004 na secao 000
0005808 pacote 350 rearmazenado em 004 na secao 000
0005808 pacote 353 rearmazenado em 004 na secao 000
0005808 pacote 382 rearmazenado em 004 na secao 000
0005803 pacote 394 removido de 004 na secao 001
0005804 pacote 384 removido de 004 na secao 001
0005805 pacote 377 removido de 004 na secao 001
0005806 pacote 366 removido de 004 na secao 001
0005807 pacote 357 removido de 004 na secao 001
0005808 pacote 355 removido de 004 na secao 001
0005809 pacote 352 removido de 004 na secao 001
0005810 pacote 325 removido de 004 na secao 001
0005811 pacote 308 removido de 004 na secao 001
0005812 pacote 300 removido de 004 na secao 001
0005812 pacote 300 em transito de 004 para 001
0005812 pacote 308 em transito de 004 para 001
0005812 pacote 325 rearmazenado em 004 na secao 001
0005812 pacote 352 rearmazenado em 004 na secao 001
0005812 pacote 355 rearmazenado em 004 na secao 001
0005812 pacote 357 rearmazenado em 004 na secao 001
0005812 pacote 366 rearmazenado em 004 na secao 001
0005812 pacote 377 rearmazenado em 004 na secao 001
0005812 pacote 384 rearmazenado em 004 na secao 001
0005812 pacote 394 rearmazenado em 004 na secao 001
0005823 pacote 297 entregue em 003
0005823 pacote 392 armazenado em 004 na secao 000
0005824 pacote 302 entregue em 002
0005824 pacote 305 entregue em 002
0005828 pacote 330 armazenado em 000 na secao 002
0005828 pacote 337 armazenado em 000 na secao 002
0005832 pacote 300 entregue em 001
0005832 pacote 308 armazenado em 001 na secao 003
0005903 pacote 337 removido de 000 na secao 002
0005904 pacote 330 removido de 000 na secao 002
0005904 pacote 330 em transito de 000 para 002
0005904 pacote 337 em transito de 000 para 002
0005903 pacote 308 removido de 001 na secao 003
0005903 pacote 308 em transito de 001 para 003
0005903 pacote 392 removido de 004 na secao 000
0005904 pacote 382 removido de 004 na secao 000
0005905 pacote 353 removido de 004 na secao 000
0005906 pacote 350 removido de 004 na secao 000
0005907 pacote 348 removido de 004 na secao 000
0005907 pacote 348 em transito de 004 para 000
0005907 pacote 350 em transito de 004 para 000
0005907 pacote 353 rearmazenado em 004 na secao 000
0005907 pacote 382 rearmazenado em 004 na secao 000
0005907 pacote 392 rearmazenado em 004 na secao 000
0005903 pacote 394 removido de 004 na secao 001
0005904 pacote 384 removido de 004 na secao 001
0005905 pacote 377 removido de 004 na secao 001
0005906 pacote 366 removido de 004 na secao 001
0005907 pacote 357 removido de 004 na secao 001
0005908 pacote 355 removido de 004 na secao 001
0005909 pacote 352 removido de 004 na secao 001
0005910 pacote 325 removido de 004 na secao 001
0005910 pacote 325 em transito de 004 para 001
0005910 pacote 352 em transito de 004 para 001
0005910 pacote 355 rearmazenado em 004 na secao 001
0005910 pacote 357 rearmazenado em 004 na secao 001
0005910 pacote 366 rearmazenado em 004 na secao 001
0005910 pacote 377 rearmazenado em 004 na secao 001
0005910 pacote 384 rearmazenado em 004 na secao 001
0005910 pacote 394 rearmazenado em 004 na secao 001
0005923 pacote 308 entregue em 003
0005924 pacote 330 entregue em 002
0005924 pacote 337 entregue em 002
0005927 pacote 348 armazenado em 000 na secao 002
0005927 pacote 350 armazenado em 000 na secao 002
0005930 pacote 325 armazenado em 001 na secao 003
0005930 pacote 352 armazenado em 001 na secao 003
0006003 pacote 350 removido de 000 na secao 002
0006004 pacote 348 removido de 000 na secao 002
0006004 pacote 348 em transito de 000 para 002
0006004 pacote 350 em transito de 000 para 002
0006003 pacote 352 removido de 001 na secao 003
0006004 pacote 325 removido de 001 na secao 003
0006004 pacote 325 em transito de 001 para 003
0006004 pacote 352 em transito de 001 para 003
0006003 pacote 392 removido de 004 na secao 000
0006004 pacote 382 removido de 004 na secao 000
0006005 pacote 353 removido de 004 na secao 000
0006005 pacote 353 em transito de 004 para 000
0006005 pacote 382 em transito de 004 para 000
0006005 pacote 392 rearmazenado em 004 na secao 000
0006003 pacote 394 removido de 004 na secao 001
0006004 pacote 384 removido de 004 na secao 001
0006005 pacote 377 removido de 004 na secao 001
0006006 pacote 366 removido de 004 na secao 001
0006007 pacote 357 removido de 004 na secao 001
0006008 pacote 355 removido de 004 na secao 001
0006008 pacote 355 em transito de 004 para 001
0006008 pacote 357 em transito de 004 para 001
0006008 pacote 366 rearmazenado em 004 na secao 001
0006008 pacote 377 rearmazenado em 004 na secao 001
0006008 pacote 384 rearmazenado em 004 na secao 001
0006008 pacote 394 rearmazenado em 004 na secao 001
0006024 pacote 325 entregue em 003
0006024 pacote 348 entregue em 002
0006024 pacote 350 entregue em 002
0006024 pacote 352 entregue em 003
0006025 pacote 353 entregue em 000
0006025 pacote 382 entregue em 000
0006028 pacote 355 entregue em 001
0006028 pacote 357 armazenado em 001 na secao 003
0006103 pacote 357 removido de 001 na secao 003
0006103 pacote 357 em transito de 001 para 003
0006103 pacote 392 removido de 004 na secao 000
0006103 pacote 392 em transito de 004 para 000
0006103 pacote 394 removido de 004 na secao 001
0006104 pacote 384 removido de 004 na secao 001
0006105 pacote 377 removido de 004 na secao 001
0006106 pacote 366 removido de 004 na secao 001
0006106 pacote 366 em transito de 004 para 001
0006106 pacote 377 em transito de 004 para 001
0006106 pacote 384 rearmazenado em 004 na secao 001
0006106 pacote 394 rearmazenado em 004 na secao 001
0006123 pacote 357 entregue em 003
0006123 pacote 392 entregue em 000
0006126 pacote 366 armazenado em 001 na secao 003
0006126 pacote 377 entregue em 001
0006203 pacote 366 removido de 001 na secao 003
0006203 pacote 366 em transito de 001 para 003
0006203 pacote 394 removido de 004 na secao 001
0006204 pacote 384 removido de 004 na secao 001
0006204 pacote 384 em transito de 004 para 001
0006204 pacote 394 em transito de 004 para 001
0006223 pacote 366 entregue em 003
0006224 pacote 384 armazenado em 001 na secao 003
0006224 pacote 394 entregue em 001
0006303 pacote 384 removido de 001 na secao 003
0006303 pacote 384 em transito de 001 para 003
0006323 pacote 384 entregue em 003
